eventId,n_circulars,union_size,mean_coverage,median_coverage,min_coverage,max_coverage,frac_full,frac_zero
LIGO/Virgo G298048,196,10,0.15306122448979592,0.1,0.1,0.5,0.0,0.0
GRB 030329,177,6,0.2702448210922787,0.3333333333333333,0.16666666666666666,0.5,0.0,0.0
LIGO/Virgo S190814bv,126,7,0.21541950113378686,0.14285714285714285,0.14285714285714285,0.42857142857142855,0.0,0.0
GRB 221009A,118,8,0.23834745762711865,0.25,0.125,0.5,0.0,0.0
LIGO/Virgo S190425z,118,7,0.22276029055690072,0.21428571428571427,0.14285714285714285,0.42857142857142855,0.0,0.0
SGR 1935+2154,107,7,0.253671562082777,0.2857142857142857,0.14285714285714285,0.5714285714285714,0.0,0.0
GRB 130427A,88,7,0.24350649350649348,0.2857142857142857,0.14285714285714285,0.42857142857142855,0.0,0.0
LIGO/Virgo/KAGRA S240422ed,82,6,0.24593495934959347,0.16666666666666666,0.16666666666666666,0.5,0.0,0.0
GRB 021004,72,5,0.31666666666666665,0.4,0.2,0.6,0.0,0.0
LIGO/Virgo G211117,70,5,0.2857142857142857,0.2,0.2,0.4,0.0,0.0
LIGO/Virgo S190426c,67,6,0.2462686567164179,0.16666666666666666,0.16666666666666666,0.5,0.0,0.0
GRB 230812B,66,7,0.2792207792207792,0.2857142857142857,0.14285714285714285,0.5714285714285714,0.0,0.0
GRB 990123,65,4,0.3346153846153846,0.25,0.25,0.75,0.0,0.0
LIGO/Virgo G268556,64,7,0.2075892857142857,0.14285714285714285,0.14285714285714285,0.42857142857142855,0.0,0.0
GRB 260310A,61,6,0.32786885245901637,0.3333333333333333,0.16666666666666666,0.5,0.0,0.0
LIGO/Virgo/KAGRA S250206dm,58,6,0.25862068965517243,0.3333333333333333,0.16666666666666666,0.5,0.0,0.0
LIGO/Virgo G299232,57,6,0.283625730994152,0.3333333333333333,0.16666666666666666,0.5,0.0,0.0
GRB 190114C,55,6,0.28484848484848485,0.3333333333333333,0.16666666666666666,0.5,0.0,0.0
LIGO/Virgo S191213g,53,7,0.2695417789757412,0.2857142857142857,0.14285714285714285,0.5714285714285714,0.0,0.0
GRB 060218,53,6,0.3238993710691823,0.3333333333333333,0.16666666666666666,0.5,0.0,0.0
LIGO/Virgo S190510g,52,7,0.21978021978021975,0.21428571428571427,0.14285714285714285,0.5714285714285714,0.0,0.0
GRB 080319B,51,7,0.19887955182072828,0.14285714285714285,0.14285714285714285,0.42857142857142855,0.0,0.0
GRB 251013C,51,6,0.34640522875816987,0.3333333333333333,0.16666666666666666,0.5,0.0,0.0
LIGO/Virgo/KAGRA S250818k,50,5,0.34,0.4,0.2,0.6,0.0,0.0
GRB 240825A,49,7,0.27988338192419826,0.2857142857142857,0.14285714285714285,0.42857142857142855,0.0,0.0
LIGO/Virgo S200213t,49,6,0.2653061224489796,0.16666666666666666,0.16666666666666666,0.6666666666666666,0.0,0.0
LIGO/Virgo G184098,49,4,0.34183673469387754,0.25,0.25,0.75,0.0,0.0
GRB 111228A,48,6,0.28125,0.3333333333333333,0.16666666666666666,0.5,0.0,0.0
GRB 230307A,48,7,0.2589285714285714,0.2857142857142857,0.14285714285714285,0.5714285714285714,0.0,0.0
GRB 141121A,48,5,0.3458333333333334,0.4,0.2,0.4,0.0,0.0
GRB 210610B,47,5,0.41276595744680855,0.4,0.2,0.8,0.0,0.0
LIGO/Virgo G275404,46,5,0.31739130434782614,0.4,0.2,0.4,0.0,0.0
GRB 000301C,46,2,0.7065217391304348,0.5,0.5,1.0,0.41304347826086957,0.0
GRB 100901A,46,5,0.3521739130434782,0.4,0.2,0.8,0.0,0.0
GRB 110328A,46,4,0.5489130434782609,0.5,0.25,0.75,0.0,0.0
GRB 010222,45,3,0.4666666666666667,0.3333333333333333,0.3333333333333333,0.6666666666666666,0.0,0.0
GRB 231117A,44,5,0.32272727272727275,0.30000000000000004,0.2,0.6,0.0,0.0
GRB 210619B,44,5,0.3590909090909091,0.4,0.2,0.6,0.0,0.0
LIGO/Virgo S190901ap,44,5,0.3181818181818182,0.4,0.2,0.6,0.0,0.0
GRB 171205A,43,6,0.27906976744186046,0.3333333333333333,0.16666666666666666,0.5,0.0,0.0
GRB 250129A,43,5,0.4279069767441861,0.4,0.2,0.6,0.0,0.0
GRB 220101A,43,5,0.3302325581395349,0.4,0.2,0.6,0.0,0.0
LIGO/Virgo S190728q,42,6,0.2936507936507936,0.3333333333333333,0.16666666666666666,0.5,0.0,0.0
LIGO/Virgo G194575,42,4,0.3392857142857143,0.25,0.25,0.75,0.0,0.0
GRB 190829A,42,7,0.2857142857142857,0.2857142857142857,0.14285714285714285,0.42857142857142855,0.0,0.0
GRB 050408,41,6,0.30081300813008127,0.3333333333333333,0.16666666666666666,0.5,0.0,0.0
GRB 041006,40,5,0.365,0.4,0.2,0.6,0.0,0.0
GRB 241030A,40,5,0.425,0.4,0.2,0.6,0.0,0.0
EP241021a,40,3,0.5416666666666666,0.6666666666666666,0.3333333333333333,0.6666666666666666,0.0,0.0
LIGO/Virgo G274296,40,5,0.36,0.4,0.2,0.6,0.0,0.0
GRB 000926,39,4,0.4230769230769231,0.5,0.25,0.75,0.0,0.0
GRB 120326A,39,5,0.3333333333333333,0.4,0.2,0.6,0.0,0.0
GRB 090618,39,6,0.27777777777777773,0.3333333333333333,0.16666666666666666,0.6666666666666666,0.0,0.0
LIGO/Virgo G275697,39,6,0.2863247863247863,0.3333333333333333,0.16666666666666666,0.5,0.0,0.0
GRB 151027A,39,5,0.3435897435897436,0.4,0.2,0.8,0.0,0.0
GRB 991216,39,4,0.3525641025641026,0.25,0.25,0.75,0.0,0.0
GRB 100418A,39,6,0.29059829059829057,0.3333333333333333,0.16666666666666666,0.6666666666666666,0.0,0.0
GRB 231115A,38,7,0.23308270676691725,0.2857142857142857,0.14285714285714285,0.42857142857142855,0.0,0.0
LIGO/Virgo S191216ap,38,5,0.3684210526315789,0.4,0.2,0.8,0.0,0.0
GRB 090423,38,4,0.3157894736842105,0.25,0.25,0.5,0.0,0.0
GRB 130831A,37,6,0.3198198198198198,0.3333333333333333,0.16666666666666666,0.5,0.0,0.0
LIGO/Virgo G270580,37,5,0.31351351351351353,0.4,0.2,0.6,0.0,0.0
GRB 240529A,37,5,0.39459459459459456,0.4,0.2,0.6,0.0,0.0
GRB 110205A,37,5,0.35135135135135137,0.4,0.2,0.6,0.0,0.0
GRB 050509B,36,6,0.2962962962962963,0.3333333333333333,0.16666666666666666,0.5,0.0,0.0
LIGO/Virgo S190930t,36,6,0.35185185185185186,0.3333333333333333,0.16666666666666666,0.6666666666666666,0.0,0.0
SGR 0501+4516,36,6,0.25,0.16666666666666666,0.16666666666666666,0.5,0.0,0.0
GRB 020813,36,5,0.3111111111111111,0.2,0.2,0.6,0.0,0.0
GRB 210104A,35,5,0.40571428571428575,0.4,0.2,0.6,0.0,0.0
GRB 140423A,35,5,0.3485714285714286,0.4,0.2,0.6,0.0,0.0
GRB 250101A,35,5,0.4,0.4,0.2,0.6,0.0,0.0
GRB 070125,34,5,0.311764705882353,0.30000000000000004,0.2,0.6,0.0,0.0
GRB 130606A,34,5,0.3294117647058824,0.4,0.2,0.6,0.0,0.0
GRB 160131A,34,5,0.37058823529411766,0.4,0.2,0.6,0.0,0.0
LIGO/Virgo G297595,34,5,0.29411764705882354,0.2,0.2,0.4,0.0,0.0
SGR J1935+2154,33,4,0.3560606060606061,0.25,0.25,0.5,0.0,0.0
GRB 090313,33,5,0.28484848484848485,0.2,0.2,0.6,0.0,0.0
EP260321a,33,5,0.3212121212121212,0.4,0.2,0.6,0.0,0.0
GRB 060526,33,5,0.3939393939393939,0.4,0.2,1.0,0.030303030303030304,0.0
GRB 201015A,33,6,0.3181818181818182,0.3333333333333333,0.16666666666666666,0.5,0.0,0.0
GRB 090424,33,5,0.35151515151515156,0.4,0.2,0.6,0.0,0.0
GRB 080310,32,5,0.3375,0.4,0.2,0.8,0.0,0.0
GRB 181201A,32,6,0.3489583333333333,0.3333333333333333,0.16666666666666666,0.5,0.0,0.0
LIGO/Virgo S200115j,32,5,0.34375,0.4,0.2,0.8,0.0,0.0
GRB 031203,32,5,0.31875000000000003,0.4,0.2,0.4,0.0,0.0
GRB 060206,32,5,0.34375,0.4,0.2,0.8,0.0,0.0
GRB 150910A,32,5,0.375,0.4,0.2,0.8,0.0,0.0
LIGO/Virgo S200114f,31,5,0.3225806451612903,0.4,0.2,0.6,0.0,0.0
GRB 250702F,31,5,0.44516129032258067,0.4,0.2,0.6,0.0,0.0
GRB 030226,31,5,0.3419354838709677,0.4,0.2,0.6,0.0,0.0
GRB 251222A,31,5,0.4645161290322581,0.4,0.2,0.8,0.0,0.0
LIGO/Virgo S191205ah,31,4,0.41935483870967744,0.5,0.25,0.5,0.0,0.0
GRB 200412B,31,5,0.39354838709677425,0.4,0.2,0.8,0.0,0.0
GRB 150413A,30,4,0.4,0.5,0.25,0.5,0.0,0.0
GRB 190530A,30,5,0.38,0.4,0.2,0.6,0.0,0.0
GRB 180720B,30,5,0.34,0.4,0.2,0.6,0.0,0.0
GRB 130702A,30,6,0.2944444444444444,0.3333333333333333,0.16666666666666666,0.5,0.0,0.0
GRB 091127,30,6,0.2833333333333333,0.3333333333333333,0.16666666666666666,0.5,0.0,0.0
GRB 120422A,30,5,0.2866666666666667,0.2,0.2,0.4,0.0,0.0
GRB 260610B,30,3,0.6333333333333333,0.6666666666666666,0.3333333333333333,0.6666666666666666,0.0,0.0
GRB 260511B,30,5,0.37333333333333335,0.4,0.2,0.6,0.0,0.0
GRB 210704A,29,5,0.3517241379310345,0.4,0.2,0.6,0.0,0.0
GRB 131030A,29,5,0.3793103448275862,0.4,0.2,0.6,0.0,0.0
GRB 160625B,29,5,0.3724137931034483,0.4,0.2,0.6,0.0,0.0
GRB 211211A,29,5,0.3586206896551724,0.4,0.2,0.6,0.0,0.0
GRB 100906A,29,5,0.3517241379310345,0.4,0.2,0.8,0.0,0.0
GRB 071010B,29,5,0.303448275862069,0.4,0.2,0.4,0.0,0.0
GRB 260604C,29,4,0.4827586206896552,0.5,0.25,0.75,0.0,0.0
GRB 190106A,28,5,0.33571428571428574,0.4,0.2,0.6,0.0,0.0
GRB 060124,28,5,0.3785714285714286,0.4,0.2,0.6,0.0,0.0
GRB 231215A,28,5,0.35000000000000003,0.4,0.2,0.6,0.0,0.0
LIGO/Virgo/KAGRA S251112cm,28,4,0.3392857142857143,0.25,0.25,0.75,0.0,0.0
GRB 061121,28,4,0.4107142857142857,0.5,0.25,0.75,0.0,0.0
GRB 071112C,28,5,0.33571428571428574,0.4,0.2,0.6,0.0,0.0
GRB 130925A,28,5,0.3285714285714286,0.4,0.2,0.4,0.0,0.0
GRB 250419A,28,5,0.39285714285714285,0.4,0.2,0.6,0.0,0.0
GRB 241025A,28,5,0.4428571428571429,0.4,0.2,0.8,0.0,0.0
GRB 240414A,27,5,0.3185185185185185,0.2,0.2,0.6,0.0,0.0
GRB 021211,27,5,0.2814814814814815,0.2,0.2,0.4,0.0,0.0
GRB 251002A,27,5,0.41481481481481486,0.4,0.2,0.6,0.0,0.0
GRB 200524A,27,5,0.3925925925925926,0.4,0.2,0.6,0.0,0.0
GRB 110422A,27,5,0.3407407407407408,0.4,0.2,0.6,0.0,0.0
GRB 990510,27,4,0.37962962962962965,0.25,0.25,0.75,0.0,0.0
GRB 160303A,27,5,0.3111111111111111,0.4,0.2,0.6,0.0,0.0
GRB 260208A,27,5,0.3777777777777778,0.4,0.2,0.6,0.0,0.0
EP250108a,27,5,0.35555555555555557,0.4,0.2,0.6,0.0,0.0
GRB 240821A,27,5,0.362962962962963,0.4,0.2,0.8,0.0,0.0
GRB 080810,27,5,0.362962962962963,0.4,0.2,0.8,0.0,0.0
GRB 130418A,27,5,0.34814814814814815,0.4,0.2,0.6,0.0,0.0
GRB 241026A,27,5,0.362962962962963,0.4,0.2,0.6,0.0,0.0
GRB 251103A,26,6,0.38461538461538464,0.3333333333333333,0.16666666666666666,0.6666666666666666,0.0,0.0
GRB 090709A,26,5,0.3,0.2,0.2,0.6,0.0,0.0
GRB 210610A,26,5,0.39230769230769236,0.4,0.2,0.6,0.0,0.0
GRB 050724,26,5,0.34615384615384615,0.4,0.2,0.6,0.0,0.0
GRB 250424A,26,6,0.3269230769230769,0.3333333333333333,0.16666666666666666,0.5,0.0,0.0
GRB 051022,26,4,0.41346153846153844,0.5,0.25,0.75,0.0,0.0
GRB 241030B,26,6,0.3141025641025641,0.3333333333333333,0.16666666666666666,0.5,0.0,0.0
EP250302a,26,3,0.5769230769230769,0.6666666666666666,0.3333333333333333,0.6666666666666666,0.0,0.0
GRB 011121,26,5,0.23846153846153847,0.2,0.2,0.6,0.0,0.0
GRB 140629A,26,4,0.4230769230769231,0.5,0.25,0.75,0.0,0.0
GRB 060121,26,5,0.3384615384615385,0.4,0.2,0.6,0.0,0.0
GRB 061126,26,5,0.3692307692307692,0.4,0.2,0.6,0.0,0.0
GRB 040924,26,4,0.4230769230769231,0.5,0.25,0.75,0.0,0.0
GRB 140419A,26,5,0.37692307692307697,0.4,0.2,0.8,0.0,0.0
GRB 080430,26,5,0.33076923076923076,0.4,0.2,0.8,0.0,0.0
GRB 050730,26,5,0.35384615384615387,0.4,0.2,0.8,0.0,0.0
LIGO/Virgo S190408an,26,4,0.3942307692307692,0.5,0.25,0.75,0.0,0.0
GRB 170202A,26,5,0.34615384615384615,0.4,0.2,0.8,0.0,0.0
GRB 101225A,26,6,0.2564102564102564,0.25,0.16666666666666666,0.5,0.0,0.0
GRB 130603B,26,7,0.25274725274725274,0.2857142857142857,0.14285714285714285,0.42857142857142855,0.0,0.0
GRB 251126A,26,5,0.4307692307692308,0.4,0.2,0.6,0.0,0.0
GRB 250309B,26,5,0.37692307692307697,0.4,0.2,0.6,0.0,0.0
LIGO/Virgo S190910d,25,4,0.4,0.5,0.25,0.5,0.0,0.0
LIGO/Virgo S200105ae,25,4,0.37,0.25,0.25,0.5,0.0,0.0
GRB 230328B,25,5,0.384,0.4,0.2,0.8,0.0,0.0
GRB 210919A,25,5,0.29600000000000004,0.2,0.2,0.6,0.0,0.0
GRB 170728B,25,5,0.376,0.4,0.2,0.6,0.0,0.0
GRB 211023A,25,5,0.4,0.4,0.2,0.6,0.0,0.0
LIGO/Virgo G277583,25,4,0.35,0.25,0.25,0.75,0.0,0.0
GRB 180914B,25,5,0.376,0.4,0.2,0.8,0.0,0.0
GRB 020531,25,4,0.42,0.5,0.25,0.75,0.0,0.0
GRB 210420B,25,5,0.376,0.4,0.2,0.6,0.0,0.0
GRB 050904,25,5,0.29600000000000004,0.2,0.2,0.6,0.0,0.0
GRB 200613A,25,5,0.384,0.4,0.2,0.6,0.0,0.0
GRB 251230A,25,5,0.44,0.4,0.2,0.6,0.0,0.0
GRB 981220,25,2,0.68,0.5,0.5,1.0,0.36,0.0
GRB 210306A,25,5,0.392,0.4,0.2,0.6,0.0,0.0
GRB 250920C,25,5,0.376,0.4,0.2,0.6,0.0,0.0
GRB 060418,25,5,0.392,0.4,0.2,1.0,0.04,0.0
GRB 100814A,25,5,0.384,0.4,0.2,0.8,0.0,0.0
LIGO/Virgo G288732,24,5,0.375,0.4,0.2,0.6,0.0,0.0
GRB 120119A,24,5,0.3666666666666667,0.4,0.2,0.6,0.0,0.0
GRB 161219B,24,6,0.3055555555555555,0.3333333333333333,0.16666666666666666,0.6666666666666666,0.0,0.0
GRB 250625A,24,5,0.39999999999999997,0.4,0.2,0.6,0.0,0.0
GRB 080330,24,6,0.3194444444444444,0.3333333333333333,0.16666666666666666,0.5,0.0,0.0
LIGO/Virgo/KAGRA S241125n,24,5,0.325,0.30000000000000004,0.2,0.6,0.0,0.0
GRB 230818A,24,5,0.3333333333333333,0.4,0.2,0.6,0.0,0.0
GRB 130907A,24,5,0.375,0.4,0.2,0.6,0.0,0.0
GRB 990506,24,2,0.75,0.75,0.5,1.0,0.5,0.0
EP240315a,24,3,0.4166666666666667,0.3333333333333333,0.3333333333333333,0.6666666666666666,0.0,0.0
GRB 240809A,24,5,0.375,0.4,0.2,0.6,0.0,0.0
GRB 100805A,24,5,0.39166666666666666,0.4,0.2,0.6,0.0,0.0
GRB 250520A,24,5,0.35000000000000003,0.4,0.2,0.6,0.0,0.0
LIGO/Virgo S200224ca,24,5,0.3,0.2,0.2,0.6,0.0,0.0
GRB 050412,24,5,0.3666666666666667,0.4,0.2,0.6,0.0,0.0
GRB 191221B,24,5,0.35000000000000003,0.4,0.2,0.6,0.0,0.0
GRB 041219,24,4,0.4166666666666667,0.5,0.25,0.75,0.0,0.0
GRB 110213A,24,5,0.39166666666666666,0.4,0.2,0.8,0.0,0.0
GRB 120327A,23,5,0.33913043478260874,0.4,0.2,0.6,0.0,0.0
GRB 200829A,23,5,0.40869565217391307,0.4,0.2,0.8,0.0,0.0
GRB 120404A,23,5,0.3652173913043478,0.4,0.2,0.6,0.0,0.0
GRB 030328,23,5,0.3739130434782609,0.4,0.2,0.6,0.0,0.0
GRB 260114A,23,4,0.40217391304347827,0.5,0.25,0.75,0.0,0.0
GRB 241105A,23,5,0.4,0.4,0.2,0.6,0.0,0.0
GRB 130420A,23,4,0.42391304347826086,0.5,0.25,0.75,0.0,0.0
GRB 250327B,23,5,0.34782608695652173,0.4,0.2,0.6,0.0,0.0
GRB 230414B,23,5,0.41739130434782606,0.4,0.2,0.6,0.0,0.0
GRB 220521A,23,5,0.34782608695652173,0.4,0.2,0.6,0.0,0.0
GRB 251205A,23,5,0.4434782608695652,0.4,0.2,0.8,0.0,0.0
ZTF23aaoohpy,23,4,0.30434782608695654,0.25,0.25,0.75,0.0,0.0
GRB 220408A,23,5,0.3652173913043478,0.4,0.2,0.6,0.0,0.0
GRB 121011A,23,6,0.3188405797101449,0.3333333333333333,0.16666666666666666,0.6666666666666666,0.0,0.0
GRB 110402A,23,5,0.33913043478260874,0.4,0.2,0.6,0.0,0.0
GRB 231111A,23,5,0.34782608695652173,0.4,0.2,0.6,0.0,0.0
GRB 140206A,23,6,0.3188405797101449,0.3333333333333333,0.16666666666666666,0.5,0.0,0.0
EP250702a,23,4,0.5543478260869565,0.5,0.25,0.75,0.0,0.0
GRB 231129C,23,6,0.3115942028985507,0.3333333333333333,0.16666666666666666,0.6666666666666666,0.0,0.0
GRB 980703,23,2,0.6739130434782609,0.5,0.5,1.0,0.34782608695652173,0.0
GRB 051227,23,5,0.3130434782608696,0.4,0.2,0.6,0.0,0.0
GRB 210822A,23,5,0.3739130434782609,0.4,0.2,0.8,0.0,0.0
GRB 250925A,22,5,0.38181818181818183,0.4,0.2,0.6,0.0,0.0
GRB 090323,22,5,0.3181818181818182,0.4,0.2,0.4,0.0,0.0
GRB 180205A,22,5,0.4,0.4,0.2,0.6,0.0,0.0
LIGO/Virgo S190910h,22,4,0.38636363636363635,0.5,0.25,0.5,0.0,0.0
LIGO/Virgo G298936,22,5,0.30000000000000004,0.30000000000000004,0.2,0.4,0.0,0.0
GRB 200716C,22,5,0.3909090909090909,0.4,0.2,0.6,0.0,0.0
GRB 250916A,22,4,0.4772727272727273,0.5,0.25,0.75,0.0,0.0
GW170817,22,4,0.9659090909090909,1.0,0.75,1.0,0.8636363636363636,0.0
GRB 991208,22,2,0.6590909090909091,0.5,0.5,1.0,0.3181818181818182,0.0
GRB 100816A,22,5,0.36363636363636365,0.4,0.2,0.8,0.0,0.0
GRB 250221A,22,5,0.4,0.4,0.2,0.6,0.0,0.0
GRB 070521,22,4,0.36363636363636365,0.25,0.25,0.5,0.0,0.0
GRB 180418A,22,5,0.36363636363636365,0.4,0.2,0.6,0.0,0.0
GRB 150423A,22,5,0.33636363636363636,0.4,0.2,0.6,0.0,0.0
GRB 140311A,22,5,0.33636363636363636,0.4,0.2,0.6,0.0,0.0
XRF 030723,22,5,0.32727272727272727,0.30000000000000004,0.2,0.6,0.0,0.0
GRB 070411,22,5,0.32727272727272727,0.4,0.2,0.8,0.0,0.0
LIGO/Virgo S190521r,22,4,0.42045454545454547,0.5,0.25,0.75,0.0,0.0
GRB 130215A,22,5,0.3181818181818182,0.4,0.2,0.6,0.0,0.0
GRB 160509A,22,5,0.34545454545454546,0.4,0.2,0.6,0.0,0.0
GRB 201020B,22,5,0.4,0.4,0.2,0.6,0.0,0.0
GRB 241029A,22,5,0.4090909090909091,0.4,0.2,0.6,0.0,0.0
GRB 161014A,22,5,0.3909090909090909,0.4,0.2,0.6,0.0,0.0
GRB 170519A,22,4,0.48863636363636365,0.5,0.25,0.75,0.0,0.0
GRB 260421B,22,5,0.3909090909090909,0.4,0.2,0.6,0.0,0.0
GRB 030115,22,4,0.36363636363636365,0.25,0.25,0.5,0.0,0.0
GRB 080603B,22,5,0.35454545454545455,0.4,0.2,0.8,0.0,0.0
GRB 080503,22,6,0.303030303030303,0.3333333333333333,0.16666666666666666,0.5,0.0,0.0
GRB 250403A,21,5,0.4095238095238095,0.4,0.2,0.6,0.0,0.0
GRB 240905E,21,6,0.2857142857142857,0.3333333333333333,0.16666666666666666,0.5,0.0,0.0
GRB 250502A,21,5,0.4,0.4,0.2,0.6,0.0,0.0
GRB 131108A,21,5,0.3523809523809524,0.4,0.2,0.8,0.0,0.0
GRB 100206A,21,5,0.3238095238095238,0.4,0.2,0.4,0.0,0.0
LIGO/Virgo S200219ac,21,4,0.39285714285714285,0.5,0.25,0.5,0.0,0.0
GRB 140903A,21,5,0.3333333333333333,0.4,0.2,0.6,0.0,0.0
LIGO/Virgo S200225q,21,5,0.3238095238095238,0.4,0.2,0.6,0.0,0.0
GRB 250506A,21,5,0.4,0.4,0.2,0.8,0.0,0.0
GRB 050922C,21,4,0.4166666666666667,0.5,0.25,0.75,0.0,0.0
GRB 141026A,21,5,0.3333333333333333,0.4,0.2,0.6,0.0,0.0
GRB 091024,21,5,0.36190476190476195,0.4,0.2,0.6,0.0,0.0
GRB 250610B,21,5,0.38095238095238093,0.4,0.2,0.6,0.0,0.0
GRB 150323C,21,5,0.4,0.4,0.2,0.6,0.0,0.0
GRB 150518A,21,6,0.2857142857142857,0.3333333333333333,0.16666666666666666,0.5,0.0,0.0
GRB 111209A,21,5,0.34285714285714286,0.4,0.2,0.6,0.0,0.0
GRB 171010A,21,6,0.31746031746031744,0.3333333333333333,0.16666666666666666,0.6666666666666666,0.0,0.0
LIGO/Virgo S190718y,21,6,0.2777777777777778,0.3333333333333333,0.16666666666666666,0.5,0.0,0.0
GRB 060614,21,6,0.2777777777777778,0.3333333333333333,0.16666666666666666,0.6666666666666666,0.0,0.0
GRB 251214B,21,5,0.37142857142857144,0.4,0.2,0.6,0.0,0.0
LIGO/Virgo G296853,21,5,0.3238095238095238,0.4,0.2,0.6,0.0,0.0
GRB 090102,21,5,0.3523809523809524,0.4,0.2,0.6,0.0,0.0
GRB 240225B,21,5,0.3904761904761904,0.4,0.2,0.6,0.0,0.0
GRB 231205B,21,4,0.34523809523809523,0.25,0.25,0.5,0.0,0.0
GRB 251129A,21,6,0.4126984126984127,0.5,0.16666666666666666,0.5,0.0,0.0
GRB 241018A,21,5,0.34285714285714286,0.4,0.2,0.6,0.0,0.0
GRB 120711A,21,4,0.39285714285714285,0.5,0.25,0.5,0.0,0.0
GRB 980519,21,2,0.7857142857142857,1.0,0.5,1.0,0.5714285714285714,0.0
GRB 071021,21,5,0.2857142857142857,0.2,0.2,0.4,0.0,0.0
GRB 011130,21,4,0.4642857142857143,0.5,0.25,0.75,0.0,0.0
GRB 050319,21,4,0.44047619047619047,0.5,0.25,0.75,0.0,0.0
GRB 251025B,21,5,0.4,0.4,0.2,0.6,0.0,0.0
GRB 060108,21,5,0.3047619047619048,0.2,0.2,0.6,0.0,0.0
GRB 250617B,21,5,0.41904761904761906,0.4,0.2,0.6,0.0,0.0
EP250704a,21,4,0.6309523809523809,0.75,0.25,1.0,0.09523809523809523,0.0
ZTF22aaajecp,21,3,0.36507936507936506,0.3333333333333333,0.3333333333333333,0.6666666666666666,0.0,0.0
EP240801a,21,2,0.7619047619047619,1.0,0.5,1.0,0.5238095238095238,0.0
GRB 200826A,21,6,0.31746031746031744,0.3333333333333333,0.16666666666666666,0.6666666666666666,0.0,0.0
GRB 191031D,21,4,0.4166666666666667,0.5,0.25,0.5,0.0,0.0
GRB 241217A,20,5,0.47000000000000003,0.4,0.2,0.8,0.0,0.0
EP250223a,20,3,0.6,0.6666666666666666,0.3333333333333333,1.0,0.15,0.0
GRB 111225A,20,5,0.36,0.4,0.2,0.6,0.0,0.0
GRB 111215A,20,4,0.35,0.25,0.25,0.5,0.0,0.0
GRB 150818A,20,6,0.3083333333333333,0.3333333333333333,0.16666666666666666,0.5,0.0,0.0
GRB 111117A,20,5,0.3,0.2,0.2,0.6,0.0,0.0
LIGO/Virgo S200316bj,20,4,0.4,0.5,0.25,0.5,0.0,0.0
GRB 250814A,20,6,0.2833333333333333,0.3333333333333333,0.16666666666666666,0.5,0.0,0.0
GRB 150314A,20,5,0.34,0.4,0.2,0.6,0.0,0.0
GRB 110709B,20,5,0.34,0.4,0.2,0.6,0.0,0.0
GRB 060512,20,5,0.35,0.4,0.2,0.8,0.0,0.0
GRB 140304A,20,5,0.32,0.4,0.2,0.4,0.0,0.0
GRB 140907A,20,4,0.4375,0.5,0.25,0.75,0.0,0.0
GRB 110503A,20,5,0.33,0.4,0.2,0.6,0.0,0.0
EP260416a,20,2,0.775,1.0,0.5,1.0,0.55,0.0
GRB 010214,20,4,0.4,0.375,0.25,0.75,0.0,0.0
GRB 231118A,20,5,0.37,0.4,0.2,0.6,0.0,0.0
GRB 190627A,20,5,0.35,0.4,0.2,0.4,0.0,0.0
GRB 251017A,20,5,0.39,0.4,0.2,0.6,0.0,0.0
GRB 190613B,20,5,0.39,0.4,0.2,0.6,0.0,0.0
GRB 230723B,20,5,0.35,0.4,0.2,0.6,0.0,0.0
GRB 100424A,20,5,0.31,0.4,0.2,0.4,0.0,0.0
GRB 251003A,20,5,0.38,0.4,0.2,0.6,0.0,0.0
GRB 011030,20,4,0.35,0.25,0.25,0.75,0.0,0.0
GRB 250430A,20,5,0.37,0.4,0.2,0.6,0.0,0.0
EP251118a,20,4,0.5375,0.5,0.25,1.0,0.05,0.0
GRB 200729A,20,5,0.31,0.30000000000000004,0.2,0.6,0.0,0.0
GRB 250407A,20,5,0.4,0.4,0.2,0.6,0.0,0.0
GRB 140215A,20,5,0.37,0.4,0.2,0.6,0.0,0.0
GRB 260131A,20,5,0.36,0.4,0.2,0.6,0.0,0.0
GRB 130612A,20,5,0.37,0.4,0.2,0.6,0.0,0.0
GRB 190202A,20,5,0.4,0.4,0.2,0.6,0.0,0.0
GRB 070419A,20,4,0.4125,0.5,0.25,0.5,0.0,0.0
GRB 210204A,20,4,0.4875,0.5,0.25,0.75,0.0,0.0
GRB 080605,20,5,0.41000000000000003,0.4,0.2,0.8,0.0,0.0
GRB 061217,20,4,0.4,0.5,0.25,0.5,0.0,0.0
GRB 080307,20,6,0.3,0.3333333333333333,0.16666666666666666,0.5,0.0,0.0
GRB 210222B,20,5,0.41,0.4,0.2,0.6,0.0,0.0
GRB 260511A,20,5,0.41,0.4,0.2,0.6,0.0,0.0
EP241217a,20,2,0.725,0.5,0.5,1.0,0.45,0.0
GRB 260515A,20,4,0.5125,0.5,0.25,0.75,0.0,0.0
GRB 070311,20,5,0.35,0.4,0.2,0.4,0.0,0.0
GRB 130505A,20,6,0.3083333333333333,0.3333333333333333,0.16666666666666666,0.6666666666666666,0.0,0.0
GRB 201221D,20,5,0.34,0.4,0.2,0.6,0.0,0.0
GRB 201216C,20,5,0.36,0.4,0.2,0.4,0.0,0.0
GRB 980329,20,2,0.675,0.5,0.5,1.0,0.35,0.0
GRB 070406,19,4,0.4473684210526316,0.5,0.25,0.75,0.0,0.0
GRB 130313A,19,5,0.3684210526315789,0.4,0.2,0.6,0.0,0.0
GRB 050416,19,5,0.38947368421052636,0.4,0.2,0.6,0.0,0.0
GRB 070412,19,5,0.3157894736842105,0.4,0.2,0.6,0.0,0.0
GRB 240218A,19,4,0.35526315789473684,0.25,0.25,0.5,0.0,0.0
GRB 160410A,19,5,0.3473684210526316,0.4,0.2,0.6,0.0,0.0
GRB 050525,19,4,0.4342105263157895,0.5,0.25,0.75,0.0,0.0
GRB 050525A,19,4,0.34210526315789475,0.25,0.25,0.75,0.0,0.0
GRB 050607,19,5,0.3263157894736842,0.4,0.2,0.6,0.0,0.0
GRB 160601A,19,5,0.3157894736842105,0.4,0.2,0.4,0.0,0.0
GRB 121024A,19,5,0.3473684210526316,0.4,0.2,0.6,0.0,0.0
GRB 160623A,19,5,0.4,0.4,0.2,0.6,0.0,0.0
EP250827a,19,5,0.35789473684210527,0.4,0.2,0.6,0.0,0.0
GRB 250322A,19,4,0.42105263157894735,0.5,0.25,0.5,0.0,0.0
GRB 170317A,19,4,0.42105263157894735,0.5,0.25,0.75,0.0,0.0
LIGO/Virgo S191110af,19,7,0.2556390977443609,0.2857142857142857,0.14285714285714285,0.5714285714285714,0.0,0.0
GRB 070612A,19,4,0.3026315789473684,0.25,0.25,0.5,0.0,0.0
GRB 090426,19,5,0.3473684210526316,0.4,0.2,0.6,0.0,0.0
GRB 230427A,19,5,0.2736842105263158,0.2,0.2,0.6,0.0,0.0
GRB 090510,19,5,0.3368421052631579,0.4,0.2,0.6,0.0,0.0
GRB 251001B,19,5,0.37894736842105264,0.4,0.2,0.6,0.0,0.0
GRB 201223A,19,5,0.42105263157894735,0.4,0.2,0.6,0.0,0.0
GRB 250924A,19,5,0.4105263157894737,0.4,0.2,0.6,0.0,0.0
GRB 250920B,19,4,0.47368421052631576,0.5,0.25,0.75,0.0,0.0
GRB 210702A,19,5,0.3368421052631579,0.4,0.2,0.6,0.0,0.0
GRB 230204B,19,5,0.35789473684210527,0.4,0.2,0.6,0.0,0.0
GRB 250725A,19,5,0.41052631578947374,0.4,0.2,0.6,0.0,0.0
GRB 120729A,19,5,0.3473684210526316,0.4,0.2,0.8,0.0,0.0
GRB 220527A,19,5,0.3684210526315789,0.4,0.2,0.6,0.0,0.0
GRB 140102A,19,5,0.3578947368421053,0.4,0.2,0.6,0.0,0.0
GRB 221028A,19,4,0.34210526315789475,0.25,0.25,0.75,0.0,0.0
GRB 141225A,19,4,0.42105263157894735,0.5,0.25,0.5,0.0,0.0
GRB 120624B,19,5,0.3368421052631579,0.4,0.2,0.6,0.0,0.0
GRB 060605,19,4,0.4342105263157895,0.5,0.25,0.75,0.0,0.0
LIGO/Virgo S200302c,19,4,0.3815789473684211,0.5,0.25,0.5,0.0,0.0
GRB 141212A,19,4,0.35526315789473684,0.25,0.25,0.5,0.0,0.0
GRB 141028A,19,5,0.3473684210526316,0.4,0.2,0.6,0.0,0.0
GRB 241209A,19,4,0.40789473684210525,0.5,0.25,0.75,0.0,0.0
GRB 210410A,18,5,0.37777777777777777,0.4,0.2,0.6,0.0,0.0
GRB 060502B,18,5,0.35555555555555557,0.4,0.2,0.6,0.0,0.0
GRB 060323,18,6,0.34259259259259256,0.3333333333333333,0.16666666666666666,0.6666666666666666,0.0,0.0
GRB 121128A,18,5,0.3666666666666667,0.4,0.2,0.6,0.0,0.0
GRB 241228B,18,5,0.41111111111111115,0.4,0.2,0.6,0.0,0.0
GRB 060904B,18,5,0.3777777777777778,0.4,0.2,0.6,0.0,0.0
GRB 140508A,18,4,0.4027777777777778,0.5,0.25,0.5,0.0,0.0
GRB 030324,18,4,0.5138888888888888,0.5,0.25,0.75,0.0,0.0
GRB 070610,18,4,0.4166666666666667,0.5,0.25,0.5,0.0,0.0
GRB 120521C,18,5,0.32222222222222224,0.4,0.2,0.4,0.0,0.0
GRB 080514B,18,4,0.3333333333333333,0.25,0.25,1.0,0.05555555555555555,0.0
GRB 211106A,18,5,0.32222222222222224,0.4,0.2,0.6,0.0,0.0
GRB 120804A,18,5,0.35555555555555557,0.4,0.2,0.6,0.0,0.0
GRB 230824A,18,5,0.47777777777777775,0.4,0.2,0.6,0.0,0.0
EP251130a,18,3,0.5925925925925926,0.6666666666666666,0.3333333333333333,1.0,0.05555555555555555,0.0
GRB 071003,18,5,0.3222222222222222,0.2,0.2,0.6,0.0,0.0
GRB 210323A,18,5,0.35555555555555557,0.4,0.2,0.6,0.0,0.0
GRB 250919A,18,5,0.48888888888888893,0.4,0.2,0.8,0.0,0.0
LIGO/Virgo S190521g,18,4,0.4583333333333333,0.5,0.25,0.75,0.0,0.0
LIGO/Virgo S190630ag,18,4,0.375,0.375,0.25,0.5,0.0,0.0
LIGO/Virgo S190720a,18,4,0.375,0.375,0.25,0.5,0.0,0.0
LIGO/Virgo S190828j,18,4,0.375,0.375,0.25,0.5,0.0,0.0
GRB 100414A,18,5,0.3666666666666667,0.4,0.2,0.6,0.0,0.0
GRB 140703A,18,5,0.3333333333333333,0.4,0.2,0.4,0.0,0.0
GRB 060116,18,5,0.32222222222222224,0.4,0.2,0.4,0.0,0.0
GRB 110915A,18,4,0.3611111111111111,0.25,0.25,0.5,0.0,0.0
GRB 110918A,18,5,0.34444444444444444,0.4,0.2,0.8,0.0,0.0
EP250404a,18,4,0.5,0.5,0.25,0.75,0.0,0.0
GRB 050824,18,5,0.35555555555555557,0.4,0.2,0.6,0.0,0.0
GRB 250128B,18,4,0.4166666666666667,0.5,0.25,0.75,0.0,0.0
GRB 060719,18,5,0.2888888888888889,0.2,0.2,0.4,0.0,0.0
GRB 050215B,18,5,0.4222222222222222,0.4,0.2,0.6,0.0,0.0
LIGO/Virgo S190828l,18,4,0.375,0.375,0.25,0.5,0.0,0.0
EP250321a,18,3,0.6296296296296295,0.6666666666666666,0.3333333333333333,1.0,0.1111111111111111,0.0
GRB 050908,18,5,0.3333333333333333,0.4,0.2,0.6,0.0,0.0
GRB 160104A,18,5,0.3333333333333333,0.4,0.2,0.4,0.0,0.0
GRB 141109A,18,5,0.32222222222222224,0.4,0.2,0.4,0.0,0.0
GRB 040827,18,5,0.34444444444444444,0.4,0.2,0.6,0.0,0.0
GRB 051008,18,5,0.3777777777777778,0.4,0.2,0.6,0.0,0.0
GRB 141004A,18,4,0.4444444444444444,0.5,0.25,0.75,0.0,0.0
GRB 160816A,18,5,0.3777777777777778,0.4,0.2,0.6,0.0,0.0
GRB 250314A,18,5,0.3222222222222222,0.30000000000000004,0.2,0.6,0.0,0.0
GRB 201020A,18,5,0.4,0.4,0.2,0.6,0.0,0.0
GRB 160910A,18,5,0.3666666666666667,0.4,0.2,0.6,0.0,0.0
GRB 060927,18,5,0.34444444444444444,0.4,0.2,0.6,0.0,0.0
GRB 161017A,18,5,0.3777777777777778,0.4,0.2,0.8,0.0,0.0
GRB 161129A,18,5,0.34444444444444444,0.4,0.2,0.6,0.0,0.0
GRB 051109A,18,5,0.32222222222222224,0.4,0.2,0.6,0.0,0.0
GRB 131231A,18,5,0.3777777777777778,0.4,0.2,0.6,0.0,0.0
GRB 140108A,18,5,0.34444444444444444,0.4,0.2,0.4,0.0,0.0
GRB 140219A,18,6,0.34259259259259256,0.3333333333333333,0.16666666666666666,0.6666666666666666,0.0,0.0
GRB 221120A,18,5,0.3333333333333333,0.4,0.2,0.6,0.0,0.0
GRB 200522A,18,5,0.3333333333333333,0.4,0.2,0.6,0.0,0.0
LIGO/Virgo S190923y,18,4,0.4166666666666667,0.5,0.25,0.5,0.0,0.0
LIGO/Virgo S191204r,18,4,0.3611111111111111,0.25,0.25,0.5,0.0,0.0
GRB 180325A,18,4,0.4444444444444444,0.5,0.25,0.75,0.0,0.0
GRB 020405,18,3,0.5185185185185185,0.3333333333333333,0.3333333333333333,1.0,0.16666666666666666,0.0
GRB 190311A,18,5,0.4,0.4,0.2,0.6,0.0,0.0
EP260227a,18,3,0.5925925925925926,0.6666666666666666,0.3333333333333333,1.0,0.05555555555555555,0.0
GRB 091208B,18,5,0.4,0.4,0.2,0.8,0.0,0.0
LIGO/Virgo S200208q,18,4,0.3888888888888889,0.5,0.25,0.5,0.0,0.0
LIGO/Virgo S191222n,18,4,0.4027777777777778,0.5,0.25,0.5,0.0,0.0
GRB 170705A,17,4,0.4852941176470588,0.5,0.25,0.75,0.0,0.0
LIGO/Virgo S190930s,17,4,0.36764705882352944,0.25,0.25,0.5,0.0,0.0
GRB 170714A,17,5,0.31764705882352945,0.4,0.2,0.6,0.0,0.0
GRB 150203A,17,4,0.4117647058823529,0.5,0.25,0.5,0.0,0.0
GRB 150120B,17,5,0.38823529411764707,0.4,0.2,0.6,0.0,0.0
GRB 050813,17,5,0.3294117647058824,0.4,0.2,0.8,0.0,0.0
GRB 250813B,17,5,0.39999999999999997,0.4,0.2,0.6,0.0,0.0
GRB 071025,17,5,0.31764705882352945,0.4,0.2,0.6,0.0,0.0
GRB 180620A,17,5,0.3647058823529412,0.4,0.2,0.6,0.0,0.0
GRB 240415A,17,5,0.4,0.4,0.2,0.6,0.0,0.0
LIGO/Virgo/KAGRA S230518h,17,4,0.3382352941176471,0.25,0.25,0.5,0.0,0.0
GRB 100219A,17,5,0.3411764705882353,0.4,0.2,0.6,0.0,0.0
GRB 051021,17,5,0.3647058823529412,0.4,0.2,0.6,0.0,0.0
GRB 240713A,17,5,0.3294117647058824,0.4,0.2,0.6,0.0,0.0
GRB 260226A,17,4,0.4117647058823529,0.5,0.25,0.75,0.0,0.0
GRB 011211,17,4,0.4117647058823529,0.5,0.25,0.75,0.0,0.0
GRB 060105,17,5,0.3058823529411765,0.4,0.2,0.4,0.0,0.0
GRB 250103A,17,6,0.30392156862745096,0.3333333333333333,0.16666666666666666,0.5,0.0,0.0
GRB 090715B,17,5,0.39999999999999997,0.4,0.2,0.6,0.0,0.0
GRB 060210,17,5,0.39999999999999997,0.4,0.2,0.6,0.0,0.0
GRB 240615A,17,4,0.38235294117647056,0.5,0.25,0.5,0.0,0.0
GRB 050421,17,4,0.36764705882352944,0.25,0.25,0.75,0.0,0.0
GRB 081203A,17,5,0.3647058823529412,0.4,0.2,0.6,0.0,0.0
GRB 210722A,17,5,0.4235294117647059,0.4,0.2,0.6,0.0,0.0
GRB 100728B,17,5,0.3764705882352941,0.4,0.2,0.6,0.0,0.0
GRB 180316A,17,4,0.4411764705882353,0.5,0.25,0.5,0.0,0.0
GRB 231104A,17,4,0.4264705882352941,0.5,0.25,0.5,0.0,0.0
GRB 251022A,17,4,0.5,0.5,0.5,0.5,0.0,0.0
XRF 020903,17,4,0.35294117647058826,0.25,0.25,0.5,0.0,0.0
LIGO/Virgo S191215w,17,4,0.39705882352941174,0.5,0.25,0.5,0.0,0.0
GRB 231216A,17,4,0.3235294117647059,0.25,0.25,0.5,0.0,0.0
LIGO/Virgo S191129u,17,4,0.38235294117647056,0.5,0.25,0.5,0.0,0.0
GRB 100628A,17,5,0.39999999999999997,0.4,0.2,0.8,0.0,0.0
GRB 101219A,17,4,0.38235294117647056,0.5,0.25,0.5,0.0,0.0
GRB 240204A,17,5,0.44705882352941173,0.4,0.2,0.6,0.0,0.0
GRB 160225A,17,5,0.3764705882352941,0.4,0.2,0.6,0.0,0.0
GRB 250818B,17,5,0.4235294117647059,0.4,0.2,0.6,0.0,0.0
GRB 160117B,17,5,0.3764705882352941,0.4,0.2,0.6,0.0,0.0
LIGO/Virgo S200112r,17,4,0.39705882352941174,0.5,0.25,0.5,0.0,0.0
GRB 200306C,17,5,0.35294117647058826,0.4,0.2,0.6,0.0,0.0
GRB 211023B,17,5,0.39999999999999997,0.4,0.2,0.6,0.0,0.0
GRB 250205A,17,5,0.34117647058823536,0.4,0.2,0.6,0.0,0.0
GRB 170405A,17,5,0.4,0.4,0.2,0.6,0.0,0.0
GRB 151006A,17,4,0.4117647058823529,0.5,0.25,0.5,0.0,0.0
GRB 081222,17,5,0.4235294117647059,0.4,0.2,0.8,0.0,0.0
GRB 170428A,17,5,0.34117647058823536,0.4,0.2,0.4,0.0,0.0
LIGO/Virgo S191105e,17,4,0.38235294117647056,0.5,0.25,0.5,0.0,0.0
GRB 260101A,17,4,0.45588235294117646,0.5,0.25,0.75,0.0,0.0
GRB 200528A,17,4,0.39705882352941174,0.5,0.25,0.75,0.0,0.0
GRB 060313,17,5,0.3764705882352941,0.4,0.2,0.6,0.0,0.0
GRB 240727A,17,5,0.388235294117647,0.4,0.2,0.6,0.0,0.0
GRB 090515,17,4,0.36764705882352944,0.25,0.25,0.5,0.0,0.0
GRB 210321A,17,5,0.3647058823529412,0.4,0.2,0.6,0.0,0.0
GRB 980613,17,2,0.7352941176470589,0.5,0.5,1.0,0.47058823529411764,0.0
GRB 060926,17,6,0.29411764705882354,0.3333333333333333,0.16666666666666666,0.5,0.0,0.0
GRB 120811C,17,4,0.45588235294117646,0.5,0.25,0.75,0.0,0.0
GRB 090926A,17,5,0.3294117647058824,0.2,0.2,0.6,0.0,0.0
EP260119a,17,2,0.7647058823529411,1.0,0.5,1.0,0.5294117647058824,0.0
GRB 061222B,17,5,0.35294117647058826,0.4,0.2,0.6,0.0,0.0
GRB 241128A,17,5,0.4117647058823529,0.4,0.2,0.6,0.0,0.0
GRB 131014A,17,6,0.35294117647058826,0.3333333333333333,0.16666666666666666,0.6666666666666666,0.0,0.0
GRB 131004A,17,5,0.3764705882352941,0.4,0.2,0.6,0.0,0.0
GRB 120923A,17,5,0.3058823529411765,0.4,0.2,0.4,0.0,0.0
LIGO/Virgo S190517h,17,4,0.39705882352941174,0.5,0.25,0.5,0.0,0.0
GRB 181213A,17,4,0.4852941176470588,0.5,0.25,0.75,0.0,0.0
GRB 250702B,17,5,0.4117647058823529,0.4,0.2,0.6,0.0,0.0
GRB 090529,17,5,0.4,0.4,0.2,0.8,0.0,0.0
GRB 220711B,17,5,0.34117647058823536,0.4,0.2,0.6,0.0,0.0
GRB 090902B,17,5,0.3764705882352941,0.4,0.2,0.6,0.0,0.0
LIGO/Virgo S190707q,17,4,0.39705882352941174,0.5,0.25,0.5,0.0,0.0
LIGO/Virgo S190727h,17,4,0.39705882352941174,0.5,0.25,0.5,0.0,0.0
GRB 071011,17,5,0.44705882352941173,0.4,0.2,0.6,0.0,0.0
GRB 090812,17,5,0.3647058823529412,0.4,0.2,0.6,0.0,0.0
GRB 210905A,17,5,0.35294117647058826,0.4,0.2,0.6,0.0,0.0
GRB 060714,17,5,0.3647058823529412,0.4,0.2,0.8,0.0,0.0
GRB 180728A,17,5,0.4,0.4,0.2,0.6,0.0,0.0
GRB 140129A,17,5,0.38823529411764707,0.4,0.2,0.8,0.0,0.0
GRB 091018,17,5,0.3411764705882353,0.2,0.2,0.8,0.0,0.0
LIGO/Virgo G284239,17,4,0.39705882352941174,0.5,0.25,0.5,0.0,0.0
GRB 060814,17,5,0.3294117647058824,0.4,0.2,0.6,0.0,0.0
GRB 220107A,17,5,0.4117647058823529,0.4,0.2,0.6,0.0,0.0
GRB 130610A,16,5,0.4,0.4,0.2,0.6,0.0,0.0
GRB 240205B,16,4,0.484375,0.5,0.25,0.75,0.0,0.0
EP241107a,16,3,0.5625,0.6666666666666666,0.3333333333333333,1.0,0.125,0.0
GRB 100902A,16,5,0.36250000000000004,0.4,0.2,0.6,0.0,0.0
GRB 240805B,16,5,0.3625,0.4,0.2,0.6,0.0,0.0
GRB 160314A,16,5,0.3375,0.4,0.2,0.4,0.0,0.0
GRB 000418,16,2,0.65625,0.5,0.5,1.0,0.3125,0.0
GRB 091010,16,5,0.35000000000000003,0.4,0.2,0.6,0.0,0.0
GRB 080229,16,5,0.3125,0.2,0.2,0.6,0.0,0.0
GRB 210112A,16,5,0.325,0.4,0.2,0.6,0.0,0.0
GRB 250225B,16,4,0.4375,0.5,0.25,0.75,0.0,0.0
GRB 111022B,16,4,0.40625,0.5,0.25,0.5,0.0,0.0
GRB 121209A,16,5,0.3,0.2,0.2,0.6,0.0,0.0
GRB 181228A,16,4,0.40625,0.5,0.25,0.5,0.0,0.0
GRB 130131A,16,5,0.3125,0.4,0.2,0.4,0.0,0.0
GRB 130131B,16,4,0.375,0.375,0.25,0.5,0.0,0.0
GRB 200131A,16,4,0.46875,0.5,0.25,0.75,0.0,0.0
GRB 160927A,16,5,0.35000000000000003,0.4,0.2,0.6,0.0,0.0
GRB 200122A,16,5,0.3625,0.4,0.2,0.6,0.0,0.0
EP240919a,16,5,0.375,0.4,0.2,0.6,0.0,0.0
GRB 180715A,16,4,0.421875,0.5,0.25,0.5,0.0,0.0
GRB 130305A,16,5,0.3125,0.30000000000000004,0.2,0.6,0.0,0.0
GRB 220627A,16,5,0.3875,0.4,0.2,0.6,0.0,0.0
GRB 161214B,16,5,0.4,0.4,0.2,0.6,0.0,0.0
GRB 241001A,16,6,0.3333333333333333,0.3333333333333333,0.16666666666666666,0.5,0.0,0.0
GRB 250317B,16,5,0.3875,0.4,0.2,0.6,0.0,0.0
GRB 180809B,16,5,0.36250000000000004,0.4,0.2,0.8,0.0,0.0
GRB 120116A,16,4,0.421875,0.5,0.25,0.5,0.0,0.0
GRB 111029A,16,4,0.375,0.375,0.25,0.5,0.0,0.0
GRB 060923C,16,5,0.375,0.4,0.2,0.6,0.0,0.0
GRB 981226,16,2,0.6875,0.5,0.5,1.0,0.375,0.0
GRB 050803,16,4,0.453125,0.5,0.25,0.75,0.0,0.0
GRB 061007,16,5,0.3125,0.2,0.2,0.6,0.0,0.0
GRB 260127A,16,5,0.4375,0.4,0.2,0.6,0.0,0.0
GRB 060801,16,4,0.4375,0.5,0.25,0.75,0.0,0.0
GRB 240912A,16,4,0.46875,0.5,0.25,0.75,0.0,0.0
GRB 140930B,16,5,0.36250000000000004,0.4,0.2,0.6,0.0,0.0
GRB 110801A,16,5,0.41250000000000003,0.4,0.2,0.6,0.0,0.0
LIGO/Virgo S200128d,16,4,0.40625,0.5,0.25,0.5,0.0,0.0
EP250427a,16,4,0.53125,0.5,0.25,0.75,0.0,0.0
GRB 091020,16,5,0.36250000000000004,0.4,0.2,0.8,0.0,0.0
GRB 081007,16,6,0.3333333333333333,0.3333333333333333,0.16666666666666666,0.6666666666666666,0.0,0.0
GRB 250806A,16,5,0.3375,0.4,0.2,0.4,0.0,0.0
GRB 260509A,16,4,0.46875,0.5,0.25,0.75,0.0,0.0
GRB 130912A,16,4,0.40625,0.5,0.25,0.5,0.0,0.0
GRB 050401,16,5,0.3375,0.4,0.2,0.6,0.0,0.0
GRB 070224,16,5,0.35000000000000003,0.4,0.2,0.6,0.0,0.0
GRB 150811A,16,5,0.3375,0.4,0.2,0.6,0.0,0.0
GRB 210207B,16,5,0.35000000000000003,0.4,0.2,0.6,0.0,0.0
GRB 200623A,16,5,0.42500000000000004,0.4,0.2,0.6,0.0,0.0
GRB 220623A,16,5,0.35000000000000003,0.4,0.2,0.6,0.0,0.0
GRB 110731A,16,5,0.35000000000000003,0.4,0.2,0.6,0.0,0.0
GRB 100316D,16,6,0.32291666666666663,0.3333333333333333,0.16666666666666666,0.5,0.0,0.0
GRB 230512A,16,5,0.35000000000000003,0.4,0.2,0.4,0.0,0.0
GRB 090530,16,5,0.375,0.4,0.2,0.6,0.0,0.0
GRB 230116D,16,5,0.3625,0.4,0.2,0.6,0.0,0.0
GRB 030227,16,5,0.425,0.4,0.2,0.6,0.0,0.0
GRB 090401B,16,4,0.421875,0.5,0.25,0.75,0.0,0.0
LIGO/Virgo S190503bf,16,4,0.375,0.375,0.25,0.5,0.0,0.0
GRB 251007A,16,4,0.46875,0.5,0.25,0.75,0.0,0.0
LIGO/Virgo S190513bm,16,4,0.375,0.375,0.25,0.5,0.0,0.0
GRB 230217A,16,5,0.35000000000000003,0.4,0.2,0.6,0.0,0.0
GRB 020322,16,4,0.4375,0.5,0.25,0.75,0.0,0.0
EP260214b,16,2,0.75,0.75,0.5,1.0,0.5,0.0
GRB 010921,16,5,0.325,0.4,0.2,0.6,0.0,0.0
LIGO/Virgo S190706ai,16,4,0.375,0.375,0.25,0.5,0.0,0.0
LIGO/Virgo S190701ah,16,4,0.359375,0.25,0.25,0.5,0.0,0.0
GRB 211227A,16,4,0.40625,0.5,0.25,0.5,0.0,0.0
LIGO/Virgo S190412m,16,4,0.40625,0.5,0.25,0.5,0.0,0.0
GRB 090417B,16,4,0.375,0.375,0.25,0.5,0.0,0.0
GRB 020331,16,4,0.4375,0.5,0.25,0.75,0.0,0.0
LIGO/Virgo S190602aq,16,4,0.40625,0.5,0.25,0.5,0.0,0.0
GRB 990704,15,4,0.38333333333333336,0.25,0.25,0.75,0.0,0.0
GRB 200215A,15,4,0.4,0.5,0.25,0.5,0.0,0.0
GRB 070208,15,5,0.37333333333333335,0.4,0.2,0.6,0.0,0.0
GRB 210210A,15,5,0.4,0.4,0.2,0.6,0.0,0.0
GRB 081121,15,5,0.38666666666666666,0.4,0.2,0.6,0.0,0.0
GRB 240511A,15,5,0.38666666666666666,0.4,0.2,0.6,0.0,0.0
GRB 110106A,15,4,0.4,0.5,0.25,0.5,0.0,0.0
GRB 110921A,15,4,0.4666666666666667,0.5,0.25,0.5,0.0,0.0
GRB 160203A,15,5,0.37333333333333335,0.4,0.2,0.6,0.0,0.0
GRB 081126,15,5,0.4,0.4,0.2,0.6,0.0,0.0
GRB 160227A,15,4,0.45,0.5,0.25,0.75,0.0,0.0
GRB 210820A,15,4,0.43333333333333335,0.5,0.25,0.75,0.0,0.0
GRB 110709A,15,4,0.4,0.5,0.25,0.5,0.0,0.0
GRB 191019A,15,5,0.41333333333333333,0.4,0.2,0.6,0.0,0.0
GRB 200519A,15,5,0.44000000000000006,0.4,0.2,0.8,0.0,0.0
GRB 110820A,15,4,0.38333333333333336,0.5,0.25,0.5,0.0,0.0
GRB 050315,15,5,0.41333333333333333,0.4,0.2,0.6,0.0,0.0
GRB 230228A,15,4,0.38333333333333336,0.5,0.25,0.5,0.0,0.0
GRB 041218,15,3,0.6222222222222221,0.6666666666666666,0.3333333333333333,0.6666666666666666,0.0,0.0
GRB 060906,15,5,0.37333333333333335,0.4,0.2,0.6,0.0,0.0
GRB 060807,15,5,0.3333333333333333,0.4,0.2,0.6,0.0,0.0
GRB 250402A,15,5,0.41333333333333333,0.4,0.2,0.6,0.0,0.0
GRB 230805B,15,5,0.36000000000000004,0.4,0.2,0.6,0.0,0.0
GRB 170531B,15,5,0.3466666666666667,0.4,0.2,0.4,0.0,0.0
GRB 050306,15,5,0.41333333333333333,0.4,0.2,0.8,0.0,0.0
GRB 081221,15,4,0.36666666666666664,0.25,0.25,0.5,0.0,0.0
GRB 050505,15,5,0.30666666666666664,0.2,0.2,0.6,0.0,0.0
GRB 100513A,15,5,0.32,0.4,0.2,0.6,0.0,0.0
GRB 050520,15,4,0.4166666666666667,0.5,0.25,0.75,0.0,0.0
GRB 061019,15,5,0.36000000000000004,0.4,0.2,0.6,0.0,0.0
GRB 050124,15,5,0.3733333333333333,0.4,0.2,0.8,0.0,0.0
GRB 131127A,15,4,0.4,0.5,0.25,0.5,0.0,0.0
GRB 061028,15,4,0.38333333333333336,0.5,0.25,0.5,0.0,0.0
GRB 240910A,15,5,0.4,0.4,0.2,0.6,0.0,0.0
GRB 980425,15,3,0.4888888888888889,0.3333333333333333,0.3333333333333333,0.6666666666666666,0.0,0.0
GRB 080710,15,5,0.3333333333333333,0.4,0.2,0.6,0.0,0.0
GRB 110407A,15,5,0.37333333333333335,0.4,0.2,0.6,0.0,0.0
GRB 250207A,15,5,0.44000000000000006,0.4,0.2,0.6,0.0,0.0
GRB 090726,15,5,0.36000000000000004,0.4,0.2,0.4,0.0,0.0
GRB 100413A,15,5,0.3466666666666667,0.4,0.2,0.4,0.0,0.0
GRB 061201,15,5,0.3466666666666667,0.4,0.2,0.6,0.0,0.0
GRB 250215A,15,5,0.48000000000000004,0.4,0.2,0.6,0.0,0.0
GRB 070508,15,5,0.37333333333333335,0.4,0.2,0.6,0.0,0.0
GRB 971214,15,2,0.7333333333333333,0.5,0.5,1.0,0.4666666666666667,0.0
GRB 151215A,15,5,0.38666666666666666,0.4,0.2,0.6,0.0,0.0
GRB 251016A,15,5,0.36000000000000004,0.4,0.2,0.6,0.0,0.0
GRB 200228B,15,5,0.3866666666666667,0.4,0.2,0.6,0.0,0.0
GRB 130408A,15,5,0.3866666666666667,0.4,0.2,0.6,0.0,0.0
GRB 070621,15,4,0.43333333333333335,0.5,0.25,0.75,0.0,0.0
GRB 140606B,15,5,0.4,0.4,0.2,0.6,0.0,0.0
GRB 080212,15,5,0.37333333333333335,0.4,0.2,0.6,0.0,0.0
GRB 120212A,15,5,0.3866666666666667,0.4,0.2,0.4,0.0,0.0
GRB 051109B,15,4,0.38333333333333336,0.5,0.25,0.5,0.0,0.0
GRB 100823A,15,5,0.3466666666666667,0.4,0.2,0.6,0.0,0.0
GRB 121123A,15,4,0.4666666666666667,0.5,0.25,0.75,0.0,0.0
GRB 080210,15,5,0.32000000000000006,0.2,0.2,0.8,0.0,0.0
GRB 200325B,15,5,0.3333333333333333,0.4,0.2,0.6,0.0,0.0
GRB 190123A,15,4,0.45,0.5,0.25,0.5,0.0,0.0
GRB 080207,15,4,0.43333333333333335,0.5,0.25,0.5,0.0,0.0
GRB 080205,15,4,0.43333333333333335,0.5,0.25,0.75,0.0,0.0
GRB 051111,15,5,0.32000000000000006,0.4,0.2,0.4,0.0,0.0
GRB 080129,15,5,0.37333333333333335,0.4,0.2,0.6,0.0,0.0
GRB 160804A,15,5,0.37333333333333335,0.4,0.2,0.6,0.0,0.0
GRB 121212A,15,4,0.4,0.5,0.25,0.5,0.0,0.0
GRB 140515A,15,5,0.3066666666666667,0.4,0.2,0.4,0.0,0.0
GRB 190114A,15,5,0.37333333333333335,0.4,0.2,0.6,0.0,0.0
GRB 241113A,15,5,0.36000000000000004,0.4,0.2,0.6,0.0,0.0
GRB 230205A,15,5,0.3066666666666667,0.4,0.2,0.4,0.0,0.0
GRB 071020,15,4,0.38333333333333336,0.5,0.25,0.5,0.0,0.0
GRB 180314A,15,5,0.37333333333333335,0.4,0.2,0.6,0.0,0.0
GRB 171027A,15,5,0.32000000000000006,0.4,0.2,0.4,0.0,0.0
GRB 220403B,15,5,0.38666666666666666,0.4,0.2,0.6,0.0,0.0
GRB 201024A,15,5,0.3866666666666667,0.4,0.2,0.8,0.0,0.0
GRB 051221,15,5,0.3333333333333333,0.2,0.2,0.6,0.0,0.0
GRB 030131,15,4,0.43333333333333335,0.5,0.25,0.75,0.0,0.0
GRB 140512A,15,5,0.3866666666666667,0.4,0.2,0.6,0.0,0.0
GRB 051211B,15,5,0.4266666666666667,0.4,0.2,0.8,0.0,0.0
EP260623a,15,3,0.6222222222222221,0.6666666666666666,0.3333333333333333,1.0,0.13333333333333333,0.0
GRB 060110,15,5,0.3333333333333333,0.4,0.2,0.4,0.0,0.0
GRB 170208B,15,5,0.3466666666666667,0.4,0.2,0.4,0.0,0.0
EP250304a,14,3,0.47619047619047616,0.3333333333333333,0.3333333333333333,0.6666666666666666,0.0,0.0
GRB 051028,14,5,0.38571428571428573,0.4,0.2,0.6,0.0,0.0
GRB 240805A,14,4,0.5178571428571429,0.5,0.25,0.75,0.0,0.0
GRB 250706B,14,5,0.37142857142857144,0.4,0.2,0.6,0.0,0.0
GRB 230420A,14,5,0.4,0.4,0.2,0.6,0.0,0.0
GRB 171120A,14,4,0.4107142857142857,0.5,0.25,0.5,0.0,0.0
GRB 140801A,14,5,0.37142857142857144,0.4,0.2,0.6,0.0,0.0
GRB 150424A,14,5,0.3285714285714286,0.4,0.2,0.6,0.0,0.0
GRB 110726A,14,4,0.39285714285714285,0.5,0.25,0.5,0.0,0.0
GRB 020124,14,4,0.5,0.5,0.25,0.75,0.0,0.0
GRB 051117B,14,4,0.48214285714285715,0.5,0.25,0.75,0.0,0.0
GRB 190613A,14,5,0.38571428571428573,0.4,0.2,0.6,0.0,0.0
GRB 120716A,14,5,0.37142857142857144,0.4,0.2,0.6,0.0,0.0
GRB 080916C,14,5,0.42857142857142855,0.4,0.2,0.6,0.0,0.0
GRB 240828A,14,5,0.42857142857142855,0.4,0.2,0.6,0.0,0.0
GRB 001109,14,4,0.35714285714285715,0.25,0.25,0.75,0.0,0.0
GRB 140213A,14,5,0.4428571428571429,0.4,0.2,0.6,0.0,0.0
GRB 111020A,14,5,0.34285714285714286,0.4,0.2,0.6,0.0,0.0
GRB 060202,14,5,0.31428571428571433,0.2,0.2,0.6,0.0,0.0
GRB 050603,14,5,0.38571428571428573,0.4,0.2,0.6,0.0,0.0
GRB 140430A,14,5,0.37142857142857144,0.4,0.2,0.6,0.0,0.0
GRB 091117,14,4,0.42857142857142855,0.5,0.25,0.75,0.0,0.0
GRB 141031B,14,4,0.4107142857142857,0.5,0.25,0.5,0.0,0.0
GRB 250812A,14,5,0.42857142857142855,0.4,0.2,0.6,0.0,0.0
GRB 141221A,14,5,0.39999999999999997,0.4,0.2,0.6,0.0,0.0
GRB 111008A,14,4,0.39285714285714285,0.5,0.25,0.5,0.0,0.0
EP260507a,14,2,0.8214285714285714,1.0,0.5,1.0,0.6428571428571429,0.0
GRB 260411B,14,4,0.44642857142857145,0.5,0.25,0.75,0.0,0.0
GRB 150101B,14,4,0.5714285714285714,0.5,0.25,0.75,0.0,0.0
GRB 110928A,14,4,0.39285714285714285,0.5,0.25,0.5,0.0,0.0
GRB 150120A,14,4,0.42857142857142855,0.5,0.25,0.5,0.0,0.0
GRB 090516,14,5,0.34285714285714286,0.4,0.2,0.6,0.0,0.0
GRB 230510A,14,5,0.3428571428571429,0.4,0.2,0.6,0.0,0.0
GRB 140311B,14,5,0.4,0.4,0.4,0.4,0.0,0.0
GRB 140516A,14,5,0.38571428571428573,0.4,0.2,0.6,0.0,0.0
GRB 170626A,14,5,0.37142857142857144,0.4,0.2,0.4,0.0,0.0
GRB 111107A,14,5,0.31428571428571433,0.2,0.2,0.6,0.0,0.0
GRB 180626A,14,4,0.4642857142857143,0.5,0.25,0.75,0.0,0.0
GRB 141015A,14,5,0.3285714285714286,0.4,0.2,0.6,0.0,0.0
GRB 240619A,14,6,0.3095238095238095,0.3333333333333333,0.16666666666666666,0.5,0.0,0.0
GRB 150309A,14,4,0.4107142857142857,0.5,0.25,0.5,0.0,0.0
GRB 200219A,14,4,0.4642857142857143,0.5,0.25,0.5,0.0,0.0
GRB 050709,14,5,0.37142857142857144,0.4,0.2,0.6,0.0,0.0
GRB 171020A,14,5,0.37142857142857144,0.4,0.2,0.6,0.0,0.0
GRB 250114A,14,5,0.4428571428571429,0.4,0.2,0.6,0.0,0.0
GRB 120320A,14,4,0.39285714285714285,0.5,0.25,0.5,0.0,0.0
GRB 240421B,14,4,0.44642857142857145,0.5,0.25,0.75,0.0,0.0
GRB 111123A,14,5,0.31428571428571433,0.4,0.2,0.4,0.0,0.0
GRB 120308A,14,5,0.35714285714285715,0.4,0.2,0.6,0.0,0.0
LIGO/Virgo S200129m,14,4,0.375,0.375,0.25,0.5,0.0,0.0
GRB 120118B,14,4,0.4107142857142857,0.5,0.25,0.5,0.0,0.0
GRB 000210,14,4,0.48214285714285715,0.5,0.25,0.75,0.0,0.0
GRB 070714B,14,5,0.3285714285714286,0.4,0.2,0.6,0.0,0.0
GRB 190324A,14,5,0.37142857142857144,0.4,0.2,0.6,0.0,0.0
GRB 160629A,14,5,0.38571428571428573,0.4,0.2,0.6,0.0,0.0
GRB 220706A,14,4,0.48214285714285715,0.5,0.25,0.75,0.0,0.0
LIGO/Virgo S191109d,14,4,0.39285714285714285,0.5,0.25,0.5,0.0,0.0
GRB 160310A,14,5,0.35714285714285715,0.4,0.2,0.6,0.0,0.0
GRB 250404A,14,5,0.5142857142857143,0.5,0.4,0.8,0.0,0.0
GRB 110106B,14,5,0.3428571428571429,0.4,0.2,0.4,0.0,0.0
GRB 220430A,14,4,0.39285714285714285,0.375,0.25,0.75,0.0,0.0
SN 2008D,14,3,0.5,0.3333333333333333,0.3333333333333333,1.0,0.07142857142857142,0.0
GRB 130515A,14,4,0.375,0.375,0.25,0.5,0.0,0.0
LIGO/Virgo S190915ak,14,4,0.375,0.375,0.25,0.5,0.0,0.0
GRB 100205A,14,5,0.31428571428571433,0.30000000000000004,0.2,0.6,0.0,0.0
GRB 030429,14,4,0.375,0.375,0.25,0.5,0.0,0.0
GRB 210212A,14,4,0.42857142857142855,0.5,0.25,0.75,0.0,0.0
GRB 090621B,14,5,0.3428571428571429,0.4,0.2,0.4,0.0,0.0
GRB 080413B,14,5,0.34285714285714286,0.30000000000000004,0.2,0.6,0.0,0.0
GRB 250615A,14,4,0.5,0.5,0.25,0.75,0.0,0.0
GRB 070223,14,5,0.35714285714285715,0.4,0.2,0.6,0.0,0.0
GRB 251201B,14,5,0.42857142857142855,0.4,0.2,0.6,0.0,0.0
GRB 250219A,14,5,0.35714285714285715,0.4,0.2,0.6,0.0,0.0
GRB 080607,14,5,0.35714285714285715,0.4,0.2,0.8,0.0,0.0
GRB 250821A,14,4,0.42857142857142855,0.5,0.25,0.75,0.0,0.0
GRB 160327A,14,5,0.35714285714285715,0.4,0.2,0.6,0.0,0.0
GRB 131229A,14,4,0.375,0.375,0.25,0.5,0.0,0.0
GRB 080319C,14,5,0.3,0.2,0.2,0.8,0.0,0.0
GRB 110625A,14,4,0.4107142857142857,0.5,0.25,0.5,0.0,0.0
GRB 220117A,14,5,0.38571428571428573,0.4,0.2,0.6,0.0,0.0
GRB 161117A,14,5,0.4,0.4,0.2,0.6,0.0,0.0
GRB 110530A,14,5,0.4142857142857143,0.4,0.2,0.8,0.0,0.0
GRB 090813,14,5,0.37142857142857144,0.4,0.2,0.6,0.0,0.0
GRB 070616,14,5,0.38571428571428573,0.4,0.2,0.6,0.0,0.0
GRB 030528,14,5,0.34285714285714286,0.4,0.2,0.6,0.0,0.0
GRB 050223,14,5,0.39999999999999997,0.4,0.2,0.6,0.0,0.0
LIGO/Virgo G298389,14,3,0.5476190476190476,0.6666666666666666,0.3333333333333333,0.6666666666666666,0.0,0.0
GRB 200125A,14,4,0.4642857142857143,0.5,0.25,0.75,0.0,0.0
GRB 150911A,14,4,0.375,0.375,0.25,0.5,0.0,0.0
GRB 100802A,14,5,0.35714285714285715,0.4,0.2,0.6,0.0,0.0
GRB 131128A,14,5,0.37142857142857144,0.4,0.2,0.4,0.0,0.0
GRB 151027B,14,5,0.37142857142857144,0.4,0.2,0.6,0.0,0.0
GRB 090404,14,4,0.39285714285714285,0.5,0.25,0.5,0.0,0.0
GRB 130518A,13,5,0.38461538461538464,0.4,0.2,0.8,0.0,0.0
GRB 190114B,13,5,0.4,0.4,0.2,0.6,0.0,0.0
GRB 191011A,13,6,0.34615384615384615,0.3333333333333333,0.16666666666666666,0.5,0.0,0.0
GRB 120324A,13,4,0.40384615384615385,0.5,0.25,0.5,0.0,0.0
GRB 991014,13,4,0.38461538461538464,0.25,0.25,0.75,0.0,0.0
GRB 020819,13,5,0.35384615384615387,0.4,0.2,0.6,0.0,0.0
GRB 191004B,13,5,0.4461538461538461,0.4,0.2,0.6,0.0,0.0
GRB 241112B,13,5,0.38461538461538464,0.4,0.2,0.6,0.0,0.0
GRB 020409,13,3,0.6153846153846154,0.6666666666666666,0.3333333333333333,1.0,0.07692307692307693,0.0
GRB 130502A,13,4,0.40384615384615385,0.5,0.25,0.5,0.0,0.0
GRB 060204B,13,5,0.3692307692307692,0.4,0.2,0.6,0.0,0.0
GRB 120311A,13,4,0.4230769230769231,0.5,0.25,0.5,0.0,0.0
GRB 071018,13,4,0.34615384615384615,0.25,0.25,0.5,0.0,0.0
GRB 200806A,13,5,0.3692307692307692,0.4,0.2,0.6,0.0,0.0
GRB 130216A,13,4,0.40384615384615385,0.5,0.25,0.5,0.0,0.0
GRB 230405B,13,4,0.46153846153846156,0.5,0.25,0.75,0.0,0.0
GRB 180111A,13,4,0.46153846153846156,0.5,0.25,0.75,0.0,0.0
GRB 120211A,13,4,0.40384615384615385,0.5,0.25,0.5,0.0,0.0
GRB 241104A,13,5,0.4153846153846154,0.4,0.2,0.6,0.0,0.0
GRB 200219C,13,5,0.3692307692307692,0.4,0.2,0.6,0.0,0.0
GRB 080913,13,5,0.3384615384615385,0.4,0.2,0.6,0.0,0.0
GRB 260601B,13,4,0.5384615384615384,0.5,0.25,0.75,0.0,0.0
ZTF21aayokph,13,2,0.5384615384615384,0.5,0.5,1.0,0.07692307692307693,0.0
GRB 220701A,13,4,0.36538461538461536,0.25,0.25,0.5,0.0,0.0
GRB 201221A,13,5,0.4153846153846154,0.4,0.4,0.6,0.0,0.0
GRB 120219A,13,5,0.3692307692307692,0.4,0.2,0.6,0.0,0.0
GRB 070917,13,5,0.35384615384615387,0.4,0.2,0.6,0.0,0.0
GRB 241229B,13,4,0.46153846153846156,0.5,0.25,0.75,0.0,0.0
GRB 071117,13,5,0.38461538461538464,0.4,0.2,0.6,0.0,0.0
GRB 190203A,13,5,0.38461538461538464,0.4,0.2,0.6,0.0,0.0
EP250226a,13,4,0.6538461538461539,0.75,0.5,0.75,0.0,0.0
GRB 020812,13,4,0.5,0.5,0.25,0.75,0.0,0.0
GRB 130122A,13,4,0.4230769230769231,0.5,0.25,0.75,0.0,0.0
GRB 070518,13,5,0.3384615384615385,0.4,0.2,0.8,0.0,0.0
GRB 241228A,13,5,0.3692307692307692,0.4,0.2,0.6,0.0,0.0
GRB 121108A,13,4,0.4423076923076923,0.5,0.25,0.5,0.0,0.0
GRB 120819A,13,5,0.35384615384615387,0.4,0.2,0.4,0.0,0.0
GRB 080721,13,4,0.4423076923076923,0.5,0.25,0.75,0.0,0.0
GRB 131024B,13,4,0.40384615384615385,0.5,0.25,0.5,0.0,0.0
GRB 241209B,13,5,0.38461538461538464,0.4,0.2,0.6,0.0,0.0
ZTF21aaeyldq,13,4,0.3076923076923077,0.25,0.25,0.75,0.0,0.0
GRB 061210,13,4,0.4230769230769231,0.5,0.25,0.75,0.0,0.0
GRB 210402A,13,5,0.3384615384615385,0.4,0.2,0.6,0.0,0.0
GRB 120911A,13,4,0.4230769230769231,0.5,0.25,0.5,0.0,0.0
GRB 120907A,13,4,0.46153846153846156,0.5,0.25,0.75,0.0,0.0
GRB 190129B,13,5,0.35384615384615387,0.4,0.2,0.6,0.0,0.0
GRB 260504B,13,4,0.46153846153846156,0.5,0.25,0.75,0.0,0.0
GRB 240828B,13,5,0.3076923076923077,0.2,0.2,0.6,0.0,0.0
GRB 241209D,13,5,0.4,0.4,0.2,0.6,0.0,0.0
GRB 080604,13,6,0.2948717948717948,0.3333333333333333,0.16666666666666666,0.6666666666666666,0.0,0.0
GRB 181020A,13,4,0.46153846153846156,0.5,0.25,0.75,0.0,0.0
GRB 220118A,13,4,0.5,0.5,0.25,0.75,0.0,0.0
GRB 140114A,13,5,0.35384615384615387,0.4,0.2,0.6,0.0,0.0
GRB 181010A,13,5,0.4153846153846154,0.4,0.2,0.6,0.0,0.0
LIGO/Virgo/KAGRA S230627c,13,3,0.5128205128205128,0.6666666666666666,0.3333333333333333,0.6666666666666666,0.0,0.0
GRB 060729,13,4,0.5192307692307693,0.5,0.25,0.75,0.0,0.0
GRB 220930A,13,4,0.4423076923076923,0.5,0.25,0.75,0.0,0.0
GRB 171123A,13,5,0.3230769230769231,0.4,0.2,0.6,0.0,0.0
GRB 120802A,13,4,0.4423076923076923,0.5,0.25,0.5,0.0,0.0
LIGO/Virgo S190421ar,13,4,0.40384615384615385,0.5,0.25,0.5,0.0,0.0
GRB 250912A,13,4,0.4807692307692308,0.5,0.25,0.75,0.0,0.0
GRB 060319,13,5,0.38461538461538464,0.4,0.2,0.6,0.0,0.0
GRB 260510C,13,4,0.46153846153846156,0.5,0.25,0.75,0.0,0.0
GRB 080319A,13,5,0.3384615384615385,0.4,0.2,0.6,0.0,0.0
GRB 080320,13,5,0.35384615384615387,0.4,0.2,0.6,0.0,0.0
GRB 191016A,13,5,0.4307692307692308,0.4,0.2,0.6,0.0,0.0
GRB 220611A,13,5,0.38461538461538464,0.4,0.2,0.6,0.0,0.0
GRB 140408A,13,5,0.3384615384615385,0.4,0.2,0.4,0.0,0.0
GRB 241002B,13,5,0.3692307692307692,0.4,0.2,0.6,0.0,0.0
GRB 200216B,13,4,0.38461538461538464,0.5,0.25,0.5,0.0,0.0
LIGO/Virgo S190519bj,13,4,0.4230769230769231,0.5,0.25,0.5,0.0,0.0
GRB 201104B,13,4,0.4807692307692308,0.5,0.25,0.5,0.0,0.0
GRB 090817,13,6,0.28205128205128205,0.3333333333333333,0.16666666666666666,0.5,0.0,0.0
GRB 121027A,13,5,0.3230769230769231,0.4,0.2,0.4,0.0,0.0
GRB 241213A,13,4,0.4807692307692308,0.5,0.25,0.75,0.0,0.0
GRB 070306,13,5,0.3384615384615385,0.4,0.2,0.4,0.0,0.0
GRB 080413A,13,5,0.35384615384615387,0.4,0.2,0.6,0.0,0.0
GRB 060428B,13,5,0.3384615384615385,0.4,0.2,0.6,0.0,0.0
GRB 990705,13,5,0.26153846153846155,0.2,0.2,0.6,0.0,0.0
GRB 080727B,13,5,0.3076923076923077,0.4,0.2,0.4,0.0,0.0
GRB 070220,13,4,0.4230769230769231,0.5,0.25,0.5,0.0,0.0
GRB 020305,13,4,0.4807692307692308,0.5,0.25,0.75,0.0,0.0
GRB 060510B,13,4,0.40384615384615385,0.5,0.25,0.75,0.0,0.0
GRB 180805B,13,4,0.4807692307692308,0.5,0.25,0.5,0.0,0.0
GRB 080506,13,5,0.4,0.4,0.2,0.8,0.0,0.0
GRB 100713A,13,5,0.38461538461538464,0.4,0.2,0.8,0.0,0.0
GRB 150211A,13,5,0.3692307692307692,0.4,0.2,0.6,0.0,0.0
GRB 140705A,13,6,0.3205128205128205,0.3333333333333333,0.16666666666666666,0.5,0.0,0.0
LIGO/Virgo S190924h,13,4,0.38461538461538464,0.5,0.25,0.5,0.0,0.0
GRB 160408A,13,5,0.3230769230769231,0.4,0.2,0.4,0.0,0.0
GRB 090205,13,5,0.3230769230769231,0.4,0.2,0.4,0.0,0.0
GRB 170214A,13,5,0.4,0.4,0.2,0.6,0.0,0.0
GRB 170607A,13,5,0.3692307692307692,0.4,0.2,0.6,0.0,0.0
GRB 220412A,13,5,0.3230769230769231,0.4,0.2,0.4,0.0,0.0
EP240414a,13,3,0.46153846153846156,0.3333333333333333,0.3333333333333333,0.6666666666666666,0.0,0.0
GRB 081128,13,5,0.4153846153846154,0.4,0.4,0.6,0.0,0.0
GRB 160425A,13,5,0.38461538461538464,0.4,0.2,0.8,0.0,0.0
GRB 030323,13,3,0.5128205128205128,0.6666666666666666,0.3333333333333333,0.6666666666666666,0.0,0.0
GRB 160501A,13,4,0.4423076923076923,0.5,0.25,0.5,0.0,0.0
GRB 240123A,13,5,0.4153846153846154,0.4,0.2,0.6,0.0,0.0
GRB 260120B,13,4,0.5,0.5,0.25,0.75,0.0,0.0
GRB 150212A,13,6,0.3205128205128205,0.3333333333333333,0.16666666666666666,0.5,0.0,0.0
GRB 240118A,13,5,0.38461538461538464,0.4,0.2,0.6,0.0,0.0
GRB 101008A,13,5,0.4,0.4,0.2,0.6,0.0,0.0
GRB 100925A,13,6,0.39743589743589747,0.3333333333333333,0.3333333333333333,0.5,0.0,0.0
GRB 081118,13,5,0.3384615384615385,0.4,0.2,0.6,0.0,0.0
GRB 160703A,13,5,0.3692307692307692,0.4,0.2,0.6,0.0,0.0
GRB 160712A,13,4,0.4423076923076923,0.5,0.25,0.5,0.0,0.0
GRB 251103B,13,4,0.46153846153846156,0.5,0.25,0.75,0.0,0.0
GRB 200906A,13,4,0.4423076923076923,0.5,0.25,0.75,0.0,0.0
GRB 040106,13,5,0.3692307692307692,0.4,0.2,0.6,0.0,0.0
GRB 081203B,13,5,0.3692307692307692,0.4,0.2,0.6,0.0,0.0
GRB 160325A,13,5,0.38461538461538464,0.4,0.2,0.6,0.0,0.0
GRB 200415A,13,3,0.6153846153846154,0.6666666666666666,0.3333333333333333,1.0,0.07692307692307693,0.0
GRB 210726A,13,5,0.3384615384615385,0.4,0.2,0.6,0.0,0.0
GRB 151022A,13,4,0.40384615384615385,0.5,0.25,0.5,0.0,0.0
GRB 140709A,13,4,0.46153846153846156,0.5,0.25,0.5,0.0,0.0
GRB 201013A,13,5,0.4,0.4,0.2,0.6,0.0,0.0
GRB 250327A,13,4,0.5192307692307693,0.5,0.25,0.75,0.0,0.0
GRB 100614A,13,4,0.4230769230769231,0.5,0.25,0.5,0.0,0.0
GRB 160121A,13,5,0.4153846153846154,0.4,0.2,0.6,0.0,0.0
GRB 110520A,13,4,0.4423076923076923,0.5,0.25,0.5,0.0,0.0
GRB 251202A,13,5,0.47692307692307695,0.4,0.2,0.8,0.0,0.0
GRB 200303A,13,4,0.46153846153846156,0.5,0.25,0.5,0.0,0.0
GRB 110715A,13,5,0.35384615384615387,0.4,0.2,0.6,0.0,0.0
GRB 101219B,13,6,0.34615384615384615,0.3333333333333333,0.16666666666666666,0.6666666666666666,0.0,0.0
EP250911a,13,3,0.5128205128205128,0.6666666666666666,0.3333333333333333,0.6666666666666666,0.0,0.0
GRB 040511,13,5,0.35384615384615387,0.4,0.2,0.6,0.0,0.0
GRB 201014A,13,5,0.4153846153846154,0.4,0.2,0.8,0.0,0.0
GRB 180512A,13,4,0.40384615384615385,0.5,0.25,0.5,0.0,0.0
GRB 100615A,13,4,0.38461538461538464,0.5,0.25,0.5,0.0,0.0
GRB 160228A,13,5,0.3692307692307693,0.4,0.2,0.4,0.0,0.0
GRB 160313A,13,4,0.4230769230769231,0.5,0.25,0.5,0.0,0.0
GRB 100625A,13,5,0.3230769230769231,0.4,0.2,0.4,0.0,0.0
GRB 141220A,13,5,0.35384615384615387,0.4,0.2,0.8,0.0,0.0
GRB 150222A,13,5,0.38461538461538464,0.4,0.2,0.6,0.0,0.0
GRB 160821B,13,5,0.3692307692307692,0.4,0.2,0.6,0.0,0.0
GRB 160917A,13,5,0.35384615384615387,0.4,0.2,0.4,0.0,0.0
GRB 201017A,13,5,0.3692307692307692,0.4,0.2,0.6,0.0,0.0
GRB 111103B,13,4,0.40384615384615385,0.5,0.25,0.5,0.0,0.0
GRB 260208B,13,4,0.5,0.5,0.5,0.5,0.0,0.0
GRB 231017A,13,5,0.35384615384615387,0.4,0.2,0.6,0.0,0.0
GRB 230506C,13,5,0.38461538461538464,0.4,0.2,0.6,0.0,0.0
GRB 000630,13,3,0.5897435897435896,0.6666666666666666,0.3333333333333333,1.0,0.07692307692307693,0.0
GRB 170906A,13,5,0.4,0.4,0.2,0.8,0.0,0.0
GRB 180703A,13,5,0.4,0.4,0.2,0.6,0.0,0.0
GRB 111210A,13,4,0.34615384615384615,0.25,0.25,0.5,0.0,0.0
GRB 081008,13,5,0.35384615384615387,0.4,0.2,0.8,0.0,0.0
GRB 240715A,13,5,0.4,0.4,0.2,0.6,0.0,0.0
GRB 161108A,13,5,0.35384615384615387,0.4,0.2,0.4,0.0,0.0
GRB 140818B,13,5,0.3230769230769231,0.4,0.2,0.4,0.0,0.0
GRB 260223A,13,4,0.5,0.5,0.25,0.75,0.0,0.0
EP251023a,13,3,0.641025641025641,0.6666666666666666,0.3333333333333333,1.0,0.07692307692307693,0.0
GRB 090328,13,5,0.4153846153846154,0.4,0.2,0.6,0.0,0.0
GRB 210912A,13,5,0.4153846153846154,0.4,0.2,0.6,0.0,0.0
GRB 140713A,13,4,0.38461538461538464,0.5,0.25,0.5,0.0,0.0
GRB 120106A,13,4,0.4423076923076923,0.5,0.25,0.5,0.0,0.0
GRB 081024B,13,5,0.38461538461538464,0.4,0.2,0.6,0.0,0.0
GRB 231110A,13,5,0.3076923076923077,0.2,0.2,0.6,0.0,0.0
GRB 110128A,13,5,0.3076923076923077,0.4,0.2,0.4,0.0,0.0
GRB 250823A,13,4,0.5,0.5,0.5,0.5,0.0,0.0
GRB 081029,13,5,0.38461538461538464,0.4,0.2,0.6,0.0,0.0
GRB 081028,13,5,0.4,0.4,0.2,0.6,0.0,0.0
EP260131a,12,2,0.6666666666666666,0.5,0.5,1.0,0.3333333333333333,0.0
GRB 250313A,12,4,0.4791666666666667,0.5,0.25,0.75,0.0,0.0
GRB 030913,12,4,0.4375,0.5,0.25,0.5,0.0,0.0
GRB 231129A,12,4,0.375,0.375,0.25,0.5,0.0,0.0
GRB 250504A,12,5,0.39999999999999997,0.4,0.2,0.6,0.0,0.0
IceCube-201021A,12,4,0.4166666666666667,0.5,0.25,0.5,0.0,0.0
GRB 160127A,12,4,0.4583333333333333,0.5,0.25,0.75,0.0,0.0
GRB 160119A,12,5,0.38333333333333336,0.4,0.2,0.6,0.0,0.0
LIGO/Virgo S190512at,12,4,0.4166666666666667,0.5,0.25,0.5,0.0,0.0
GRB 251111A,12,5,0.38333333333333336,0.4,0.2,0.6,0.0,0.0
GRB 100728A,12,5,0.3666666666666667,0.4,0.2,0.6,0.0,0.0
GRB 090201,12,5,0.38333333333333336,0.4,0.2,0.6,0.0,0.0
GRB 200529A,12,5,0.4166666666666667,0.4,0.2,0.6,0.0,0.0
GRB 171222A,12,5,0.39999999999999997,0.4,0.2,0.6,0.0,0.0
GRB 250911A,12,4,0.4375,0.5,0.25,0.5,0.0,0.0
EP250821a,12,3,0.47222222222222215,0.3333333333333333,0.3333333333333333,0.6666666666666666,0.0,0.0
GRB 070802,12,5,0.3833333333333333,0.4,0.2,0.6,0.0,0.0
GRB 200711A,12,4,0.4375,0.5,0.25,0.75,0.0,0.0
GRB 210731A,12,5,0.39999999999999997,0.4,0.2,0.6,0.0,0.0
GRB 071227,12,5,0.35000000000000003,0.4,0.2,0.6,0.0,0.0
GRB 210730A,12,4,0.5,0.5,0.25,0.75,0.0,0.0
GRB 090531B,12,5,0.38333333333333336,0.4,0.2,0.6,0.0,0.0
GRB 100305A,12,4,0.3958333333333333,0.5,0.25,0.5,0.0,0.0
GRB 121211A,12,5,0.38333333333333336,0.4,0.2,0.6,0.0,0.0
GRB 061222A,12,5,0.35000000000000003,0.4,0.2,0.4,0.0,0.0
GRB 240222A,12,4,0.4791666666666667,0.5,0.25,0.75,0.0,0.0
GRB 041211,12,3,0.5277777777777778,0.6666666666666666,0.3333333333333333,0.6666666666666666,0.0,0.0
GRB 181123B,12,4,0.4166666666666667,0.5,0.25,0.5,0.0,0.0
GRB 090113,12,4,0.3958333333333333,0.5,0.25,0.5,0.0,0.0
GRB 131031A,12,5,0.39999999999999997,0.4,0.2,0.6,0.0,0.0
GRB 130822A,12,4,0.375,0.375,0.25,0.5,0.0,0.0
GRB 251118A,12,5,0.3666666666666667,0.4,0.2,0.6,0.0,0.0
GRB 190204A,12,5,0.38333333333333336,0.4,0.2,0.6,0.0,0.0
GRB 070429B,12,5,0.3333333333333333,0.30000000000000004,0.2,0.6,0.0,0.0
GRB 231210B,12,5,0.38333333333333336,0.4,0.2,0.6,0.0,0.0
GRB 201227A,12,4,0.3958333333333333,0.5,0.25,0.5,0.0,0.0
GRB 210217A,12,5,0.4166666666666667,0.4,0.2,0.6,0.0,0.0
GRB 190109B,12,4,0.4375,0.5,0.25,0.5,0.0,0.0
GRB 101023A,12,6,0.3194444444444444,0.3333333333333333,0.16666666666666666,0.5,0.0,0.0
GRB 130420B,12,4,0.4166666666666667,0.5,0.25,0.5,0.0,0.0
GRB 251122A,12,4,0.6875,0.75,0.5,0.75,0.0,0.0
GRB 161001A,12,5,0.3666666666666667,0.4,0.2,0.4,0.0,0.0
GRB 260706A,12,4,0.4375,0.5,0.25,0.5,0.0,0.0
GRB 200324A,12,4,0.375,0.375,0.25,0.5,0.0,0.0
GRB 100117A,12,5,0.3666666666666667,0.4,0.2,0.6,0.0,0.0
GRB 210824A,12,4,0.4791666666666667,0.5,0.25,0.75,0.0,0.0
GRB 071112B,12,4,0.3958333333333333,0.5,0.25,0.5,0.0,0.0
GRB 161004A,12,4,0.4583333333333333,0.5,0.25,0.75,0.0,0.0
GRB 250910A,12,6,0.38888888888888884,0.3333333333333333,0.16666666666666666,0.6666666666666666,0.0,0.0
GRB 161007A,12,4,0.4583333333333333,0.5,0.25,0.5,0.0,0.0
GRB 040223,12,4,0.3958333333333333,0.5,0.25,0.5,0.0,0.0
EP250827b,12,4,0.4166666666666667,0.5,0.25,0.75,0.0,0.0
GRB 080325,12,5,0.3166666666666667,0.4,0.2,0.4,0.0,0.0
GRB 121226A,12,4,0.4166666666666667,0.5,0.25,0.5,0.0,0.0
IceCube-210922A,12,3,0.47222222222222215,0.3333333333333333,0.3333333333333333,0.6666666666666666,0.0,0.0
GRB 260516D,12,4,0.5,0.5,0.25,0.75,0.0,0.0
GRB 250903A,12,5,0.43333333333333335,0.4,0.2,0.6,0.0,0.0
GRB 100621A,12,5,0.38333333333333336,0.4,0.2,0.6,0.0,0.0
GRB 190427A,12,4,0.4375,0.5,0.25,0.5,0.0,0.0
GRB 161022A,12,4,0.4583333333333333,0.5,0.25,0.5,0.0,0.0
GRB 130727A,12,5,0.4166666666666667,0.4,0.2,0.6,0.0,0.0
GRB 231214A,12,4,0.4583333333333333,0.5,0.25,0.5,0.0,0.0
GRB 161023A,12,5,0.39999999999999997,0.4,0.2,0.6,0.0,0.0
GRB 230816A,12,5,0.4000000000000001,0.4,0.2,0.6,0.0,0.0
GRB 151118A,12,4,0.4375,0.5,0.25,0.5,0.0,0.0
GRB 210411C,12,5,0.43333333333333335,0.4,0.2,0.6,0.0,0.0
GRB 140318A,12,5,0.38333333333333336,0.4,0.2,0.4,0.0,0.0
GRB 220306B,12,5,0.39999999999999997,0.4,0.2,0.6,0.0,0.0
GRB 120521B,12,4,0.4375,0.5,0.25,0.75,0.0,0.0
GRB 250601A,12,5,0.4166666666666667,0.4,0.2,0.6,0.0,0.0
GRB 180618A,12,4,0.4583333333333333,0.5,0.25,0.75,0.0,0.0
GRB 100302A,12,5,0.35000000000000003,0.4,0.2,0.4,0.0,0.0
GRB 150213B,12,5,0.38333333333333336,0.4,0.2,0.8,0.0,0.0
GRB 060515,12,4,0.3958333333333333,0.5,0.25,0.5,0.0,0.0
GRB 080723B,12,4,0.3958333333333333,0.5,0.25,0.5,0.0,0.0
GRB 120909A,12,5,0.35000000000000003,0.4,0.2,0.4,0.0,0.0
GRB 250328A,12,5,0.4166666666666667,0.4,0.2,0.8,0.0,0.0
GRB 150323A,12,5,0.43333333333333335,0.4,0.2,0.6,0.0,0.0
GRB 180613A,12,5,0.3666666666666667,0.4,0.2,0.4,0.0,0.0
GRB 240419A,12,5,0.4166666666666667,0.4,0.2,0.6,0.0,0.0
XRF 050522,12,4,0.375,0.375,0.25,0.5,0.0,0.0
EP251220a,12,3,0.5555555555555555,0.6666666666666666,0.3333333333333333,1.0,0.08333333333333333,0.0
GRB 150428A,12,4,0.4375,0.5,0.25,0.5,0.0,0.0
GRB 211221A,12,4,0.4791666666666667,0.5,0.25,0.75,0.0,0.0
GRB 050502B,12,5,0.39999999999999997,0.4,0.2,0.6,0.0,0.0
GRB 250330A,12,5,0.4166666666666667,0.4,0.2,0.6,0.0,0.0
GRB 111016A,12,5,0.3333333333333333,0.4,0.2,0.4,0.0,0.0
GRB 250516A,12,4,0.5208333333333334,0.5,0.25,0.75,0.0,0.0
GRB 260204A,12,5,0.4166666666666667,0.4,0.2,0.6,0.0,0.0
GRB 080928,12,5,0.35000000000000003,0.4,0.2,0.6,0.0,0.0
GRB 170921A,12,5,0.35000000000000003,0.4,0.2,0.6,0.0,0.0
GRB 060117,12,4,0.3541666666666667,0.25,0.25,0.75,0.0,0.0
GRB 100420A,12,5,0.3333333333333333,0.4,0.2,0.4,0.0,0.0
GRB 060203,12,5,0.3833333333333333,0.4,0.2,0.6,0.0,0.0
GRB 091029,12,5,0.3833333333333333,0.4,0.2,0.6,0.0,0.0
GRB 170903A,12,4,0.3958333333333333,0.5,0.25,0.5,0.0,0.0
GRB 210504A,12,5,0.35000000000000003,0.4,0.2,0.6,0.0,0.0
GRB 260211A,12,5,0.35000000000000003,0.4,0.2,0.6,0.0,0.0
GRB 991106,12,2,0.7083333333333334,0.5,0.5,1.0,0.4166666666666667,0.0
GRB 141005A,12,5,0.38333333333333336,0.4,0.2,0.4,0.0,0.0
GRB 060211B,12,4,0.4166666666666667,0.5,0.25,0.5,0.0,0.0
GRB 060219,12,4,0.4375,0.5,0.25,0.5,0.0,0.0
GRB 180624A,12,5,0.3333333333333333,0.4,0.2,0.4,0.0,0.0
GRB 251005C,12,4,0.4583333333333333,0.5,0.25,0.5,0.0,0.0
GRB 170822A,12,5,0.38333333333333336,0.4,0.2,0.6,0.0,0.0
GRB 020127,12,5,0.3166666666666667,0.4,0.2,0.4,0.0,0.0
GRB 190531B,12,5,0.35000000000000003,0.4,0.2,0.6,0.0,0.0
GRB 090429B,12,5,0.3166666666666667,0.30000000000000004,0.2,0.6,0.0,0.0
GRB 180904A,12,4,0.4166666666666667,0.5,0.25,0.5,0.0,0.0
GRB 150302A,12,5,0.3333333333333333,0.4,0.2,0.6,0.0,0.0
GRB 221216A,12,4,0.4583333333333333,0.5,0.25,0.75,0.0,0.0
GRB 131202A,12,4,0.4166666666666667,0.5,0.25,0.5,0.0,0.0
GRB 150817A,12,5,0.3833333333333333,0.4,0.2,0.6,0.0,0.0
GRB 091221,12,5,0.3666666666666667,0.4,0.2,0.6,0.0,0.0
GRB 220921A,12,5,0.3666666666666667,0.4,0.2,0.6,0.0,0.0
GRB 150821A,12,5,0.3666666666666667,0.4,0.2,0.8,0.0,0.0
EP250610a,12,3,0.47222222222222215,0.3333333333333333,0.3333333333333333,0.6666666666666666,0.0,0.0
GRB 060929,12,4,0.4166666666666667,0.5,0.25,0.5,0.0,0.0
GRB 030418,12,5,0.39999999999999997,0.4,0.2,0.6,0.0,0.0
GRB 050326,12,4,0.4791666666666667,0.5,0.25,0.75,0.0,0.0
GRB 080603A,12,5,0.3833333333333333,0.4,0.2,0.6,0.0,0.0
GRB 220511A,12,5,0.39999999999999997,0.4,0.2,0.6,0.0,0.0
GRB 250917B,12,5,0.3833333333333333,0.4,0.2,0.6,0.0,0.0
GRB 181110A,12,4,0.4791666666666667,0.5,0.25,0.75,0.0,0.0
GRB 201006A,12,5,0.35000000000000003,0.4,0.2,0.6,0.0,0.0
GRB 061110B,12,5,0.39999999999999997,0.4,0.2,0.6,0.0,0.0
GRB 251221A,12,4,0.4583333333333333,0.5,0.25,0.75,0.0,0.0
GRB 091102,12,4,0.3958333333333333,0.5,0.25,0.5,0.0,0.0
GRB 060908,12,4,0.4166666666666667,0.5,0.25,0.75,0.0,0.0
GRB 150727A,12,4,0.4375,0.5,0.25,0.75,0.0,0.0
GRB 090519,12,5,0.3333333333333333,0.4,0.2,0.4,0.0,0.0
GRB 060825,12,4,0.3958333333333333,0.5,0.25,0.5,0.0,0.0
GRB 190211A,12,5,0.43333333333333335,0.4,0.2,0.6,0.0,0.0
GRB 150527A,12,5,0.35000000000000003,0.4,0.2,0.4,0.0,0.0
GRB 100807A,11,5,0.38181818181818183,0.4,0.2,0.6,0.0,0.0
GRB 101024A,11,5,0.45454545454545453,0.4,0.4,0.8,0.0,0.0
GRB 251018A,11,5,0.45454545454545453,0.4,0.4,0.6,0.0,0.0
GRB 250704A,11,6,0.3939393939393939,0.3333333333333333,0.16666666666666666,0.6666666666666666,0.0,0.0
ZTF20acozryr,11,3,0.6666666666666666,0.6666666666666666,0.6666666666666666,0.6666666666666666,0.0,0.0
GRB 260102A,11,5,0.43636363636363634,0.4,0.2,0.6,0.0,0.0
GRB 091003,11,7,0.2987012987012987,0.2857142857142857,0.14285714285714285,0.42857142857142855,0.0,0.0
GRB 120816A,11,5,0.38181818181818183,0.4,0.2,0.6,0.0,0.0
GRB 100606A,11,4,0.4318181818181818,0.5,0.25,0.5,0.0,0.0
GRB 200819A,11,4,0.4772727272727273,0.5,0.25,0.75,0.0,0.0
GRB 080328,11,4,0.4772727272727273,0.5,0.25,0.75,0.0,0.0
GRB 260401A,11,4,0.4090909090909091,0.5,0.25,0.75,0.0,0.0
GRB 080903,11,5,0.4,0.4,0.2,0.6,0.0,0.0
GRB 091109B,11,5,0.34545454545454546,0.4,0.2,0.4,0.0,0.0
GRB 110112A,11,5,0.36363636363636365,0.4,0.2,0.6,0.0,0.0
GRB 201209A,11,5,0.4,0.4,0.2,0.6,0.0,0.0
GRB 090927,11,5,0.4,0.4,0.2,0.6,0.0,0.0
AT2026jpw,11,3,0.3939393939393939,0.3333333333333333,0.3333333333333333,0.6666666666666666,0.0,0.0
GRB 250217C,11,5,0.4181818181818182,0.4,0.2,0.6,0.0,0.0
GRB 111222A,11,4,0.4090909090909091,0.5,0.25,0.5,0.0,0.0
LIGO/Virgo/KAGRA S250727dc,11,4,0.36363636363636365,0.25,0.25,0.5,0.0,0.0
GRB 120922A,11,5,0.38181818181818183,0.4,0.2,0.4,0.0,0.0
GRB 071122,11,5,0.38181818181818183,0.4,0.2,0.6,0.0,0.0
GRB 100213B,11,5,0.4,0.4,0.2,0.6,0.0,0.0
GRB 251006B,11,5,0.41818181818181815,0.4,0.2,0.6,0.0,0.0
GRB 080218B,11,4,0.4090909090909091,0.5,0.25,0.5,0.0,0.0
GRB 101011A,11,5,0.36363636363636365,0.4,0.2,0.6,0.0,0.0
GRB 200922A,11,5,0.41818181818181815,0.4,0.2,0.6,0.0,0.0
GRB 200227A,11,4,0.4318181818181818,0.5,0.25,0.5,0.0,0.0
GRB 101224A,11,4,0.4318181818181818,0.5,0.25,0.5,0.0,0.0
GRB 260127B,11,4,0.45454545454545453,0.5,0.25,0.75,0.0,0.0
SN 2002ap,11,3,0.6666666666666666,0.6666666666666666,0.3333333333333333,1.0,0.09090909090909091,0.0
GRB 100905A,11,4,0.38636363636363635,0.5,0.25,0.5,0.0,0.0
GRB 251007B,11,4,0.5,0.5,0.25,0.75,0.0,0.0
GRB 080804,11,5,0.34545454545454546,0.4,0.2,0.8,0.0,0.0
GRB 241218A,11,4,0.4090909090909091,0.5,0.25,0.5,0.0,0.0
GRB 250226A,11,5,0.36363636363636365,0.4,0.2,0.6,0.0,0.0
GRB 111005A,11,3,0.4242424242424242,0.3333333333333333,0.3333333333333333,0.6666666666666666,0.0,0.0
GRB 090518,11,4,0.38636363636363635,0.5,0.25,0.5,0.0,0.0
GRB 120722A,11,5,0.34545454545454546,0.4,0.2,0.6,0.0,0.0
GRB 121117A,11,5,0.34545454545454546,0.4,0.2,0.4,0.0,0.0
GRB 081102,11,4,0.4772727272727273,0.5,0.25,0.5,0.0,0.0
LIGO/Virgo/KAGRA S250223dk,11,4,0.5227272727272727,0.5,0.25,1.0,0.09090909090909091,0.0
GRB 260527A,11,4,0.5454545454545454,0.5,0.25,0.75,0.0,0.0
EP240618a,11,3,0.45454545454545453,0.3333333333333333,0.3333333333333333,0.6666666666666666,0.0,0.0
GRB 201203A,11,5,0.32727272727272727,0.2,0.2,0.6,0.0,0.0
GRB 090418,11,5,0.36363636363636365,0.4,0.2,0.8,0.0,0.0
GRB 100522A,11,4,0.45454545454545453,0.5,0.25,0.75,0.0,0.0
GRB 050906,11,4,0.4318181818181818,0.5,0.25,0.75,0.0,0.0
GRB 050712,11,5,0.43636363636363634,0.4,0.2,0.8,0.0,0.0
GRB 070219,11,4,0.4090909090909091,0.5,0.25,0.5,0.0,0.0
GRB 230506B,11,5,0.38181818181818183,0.4,0.2,0.6,0.0,0.0
GRB 140808A,11,5,0.36363636363636365,0.4,0.2,0.6,0.0,0.0
GRB 140110A,11,6,0.36363636363636365,0.3333333333333333,0.16666666666666666,0.5,0.0,0.0
IceCube-201130A,11,4,0.4318181818181818,0.5,0.25,0.5,0.0,0.0
GRB 140103A,11,5,0.4181818181818182,0.4,0.2,0.8,0.0,0.0
GRB 060901,11,5,0.38181818181818183,0.4,0.2,0.6,0.0,0.0
GRB 060904A,11,4,0.36363636363636365,0.25,0.25,0.5,0.0,0.0
GRB 140817A,11,5,0.38181818181818183,0.4,0.2,0.6,0.0,0.0
GRB 210807A,11,5,0.4,0.4,0.2,0.6,0.0,0.0
GRB 190511A,11,5,0.4181818181818182,0.4,0.4,0.6,0.0,0.0
GRB 131227A,11,4,0.4090909090909091,0.5,0.25,0.5,0.0,0.0
IceCube-201114A,11,4,0.4318181818181818,0.5,0.25,0.5,0.0,0.0
GRB 240905B,11,4,0.45454545454545453,0.5,0.25,0.75,0.0,0.0
GRB 061006,11,5,0.36363636363636365,0.4,0.2,0.6,0.0,0.0
EP260110a,11,2,0.7272727272727273,0.5,0.5,1.0,0.45454545454545453,0.0
GRB 210226A,11,4,0.45454545454545453,0.5,0.25,0.75,0.0,0.0
GRB 980326,11,3,0.5757575757575757,0.6666666666666666,0.3333333333333333,0.6666666666666666,0.0,0.0
GRB 140928A,11,4,0.38636363636363635,0.5,0.25,0.5,0.0,0.0
GRB 220210A,11,4,0.4772727272727273,0.5,0.25,0.75,0.0,0.0
GRB 971227,11,2,0.7727272727272727,1.0,0.5,1.0,0.5454545454545454,0.0
GRB 051016B,11,5,0.36363636363636365,0.4,0.2,0.4,0.0,0.0
GRB 240229A,11,4,0.36363636363636365,0.25,0.25,0.75,0.0,0.0
EP260213a,11,2,0.6818181818181818,0.5,0.5,1.0,0.36363636363636365,0.0
EP260214a,11,4,0.36363636363636365,0.25,0.25,0.75,0.0,0.0
IceCube-200926A,11,3,0.4848484848484848,0.3333333333333333,0.3333333333333333,0.6666666666666666,0.0,0.0
GRB 240916A,11,5,0.36363636363636365,0.4,0.2,0.6,0.0,0.0
GRB 151112A,11,5,0.36363636363636365,0.4,0.2,0.6,0.0,0.0
GRB 160220A,11,4,0.4772727272727273,0.5,0.25,0.5,0.0,0.0
GRB 051210,11,4,0.4090909090909091,0.5,0.25,0.75,0.0,0.0
GRB 031220,11,4,0.4772727272727273,0.5,0.25,0.75,0.0,0.0
GRB 240122A,11,5,0.29090909090909095,0.2,0.2,0.6,0.0,0.0
GRB 231230A,11,4,0.4318181818181818,0.5,0.25,0.5,0.0,0.0
GRB 160821A,11,3,0.606060606060606,0.6666666666666666,0.3333333333333333,0.6666666666666666,0.0,0.0
GRB 191004A,11,4,0.4318181818181818,0.5,0.25,0.75,0.0,0.0
GRB 060115,11,5,0.38181818181818183,0.4,0.2,0.6,0.0,0.0
GRB 140518A,11,5,0.36363636363636365,0.4,0.2,0.6,0.0,0.0
GRB 161011A,11,5,0.36363636363636365,0.4,0.2,0.4,0.0,0.0
EP250828a,11,2,0.7272727272727273,0.5,0.5,1.0,0.45454545454545453,0.0
GRB 160624A,11,4,0.4090909090909091,0.5,0.25,0.5,0.0,0.0
GRB 161202A,11,4,0.45454545454545453,0.5,0.25,0.5,0.0,0.0
GRB 160525B,11,4,0.38636363636363635,0.5,0.25,0.5,0.0,0.0
GRB 231018A,11,2,0.7727272727272727,1.0,0.5,1.0,0.5454545454545454,0.0
GRB 140622A,11,4,0.4318181818181818,0.5,0.25,0.5,0.0,0.0
GRB 230906A,11,5,0.4,0.4,0.2,0.6,0.0,0.0
GRB 140209A,11,5,0.4181818181818182,0.4,0.4,0.6,0.0,0.0
GRB 140323A,11,4,0.45454545454545453,0.5,0.25,0.5,0.0,0.0
GRB 230826A,11,4,0.4318181818181818,0.5,0.25,0.5,0.0,0.0
GRB 160504A,11,4,0.4090909090909091,0.5,0.25,0.5,0.0,0.0
GRB 230815A,11,5,0.36363636363636365,0.4,0.2,0.6,0.0,0.0
GRB 170510A,11,5,0.36363636363636365,0.4,0.2,0.6,0.0,0.0
GRB 160417A,11,5,0.36363636363636365,0.4,0.2,0.6,0.0,0.0
GRB 160411A,11,5,0.4,0.4,0.4,0.4,0.0,0.0
GRB 211024A,11,6,0.34848484848484845,0.3333333333333333,0.16666666666666666,0.6666666666666666,0.0,0.0
GRB 170604A,11,4,0.45454545454545453,0.5,0.25,0.5,0.0,0.0
GRB 140302A,11,5,0.38181818181818183,0.4,0.2,0.4,0.0,0.0
GRB 140709B,11,4,0.4318181818181818,0.5,0.25,0.5,0.0,0.0
GRB 140710A,11,5,0.36363636363636365,0.4,0.2,0.4,0.0,0.0
GRB 020321,11,4,0.4090909090909091,0.5,0.25,0.75,0.0,0.0
GRB 180102A,11,4,0.4772727272727273,0.5,0.25,0.5,0.0,0.0
GRB 190828B,11,5,0.38181818181818183,0.4,0.2,0.6,0.0,0.0
GRB 150724B,11,6,0.34848484848484845,0.3333333333333333,0.3333333333333333,0.5,0.0,0.0
GRB 050716,11,5,0.36363636363636365,0.4,0.2,0.4,0.0,0.0
GRB 220831A,11,4,0.4318181818181818,0.5,0.25,0.5,0.0,0.0
GRB 050219B,11,5,0.43636363636363634,0.4,0.2,0.6,0.0,0.0
GRB 070612B,11,4,0.4318181818181818,0.5,0.25,0.75,0.0,0.0
GRB 130605A,11,5,0.4,0.4,0.2,0.6,0.0,0.0
GRB 130604A,11,5,0.34545454545454546,0.4,0.2,0.6,0.0,0.0
GRB 150728A,11,4,0.4772727272727273,0.5,0.25,0.5,0.0,0.0
GRB 180705A,11,4,0.4318181818181818,0.5,0.25,0.5,0.0,0.0
GRB 220325A,11,4,0.4090909090909091,0.5,0.25,0.5,0.0,0.0
GRB 130603A,11,4,0.5227272727272727,0.5,0.5,0.75,0.0,0.0
GRB 070707,11,5,0.4181818181818182,0.4,0.2,0.6,0.0,0.0
GRB 130527A,11,4,0.45454545454545453,0.5,0.25,0.5,0.0,0.0
GRB 130609B,11,4,0.45454545454545453,0.5,0.25,0.75,0.0,0.0
GRB 070810B,11,4,0.4090909090909091,0.5,0.25,0.5,0.0,0.0
EP250508a,11,2,0.7272727272727273,0.5,0.5,1.0,0.45454545454545453,0.0
GRB 070721B,11,5,0.34545454545454546,0.4,0.2,0.6,0.0,0.0
GRB 130502B,11,4,0.38636363636363635,0.5,0.25,0.5,0.0,0.0
GRB 190219A,11,5,0.36363636363636365,0.4,0.2,0.6,0.0,0.0
GRB 070724,11,4,0.4090909090909091,0.5,0.25,0.5,0.0,0.0
GRB 050820A,11,2,0.6363636363636364,0.5,0.5,1.0,0.2727272727272727,0.0
GRB 070809,11,4,0.45454545454545453,0.5,0.25,0.5,0.0,0.0
GRB 050410,11,4,0.45454545454545453,0.5,0.25,0.75,0.0,0.0
GRB 240411B,11,5,0.38181818181818183,0.4,0.2,0.6,0.0,0.0
EP250511a,11,2,0.7727272727272727,1.0,0.5,1.0,0.5454545454545454,0.0
GRB 050801,11,5,0.36363636363636365,0.4,0.2,0.6,0.0,0.0
GRB 050802,11,4,0.4772727272727273,0.5,0.25,0.75,0.0,0.0
LIGO/Virgo/KAGRA S230529ay,11,3,0.45454545454545453,0.3333333333333333,0.3333333333333333,0.6666666666666666,0.0,0.0
GRB 070420,11,5,0.45454545454545453,0.4,0.2,0.8,0.0,0.0
IceCube-200916A,11,5,0.34545454545454546,0.4,0.2,0.6,0.0,0.0
GRB 180305A,11,5,0.4181818181818182,0.4,0.2,0.6,0.0,0.0
GRB 220412B,11,4,0.45454545454545453,0.5,0.25,0.75,0.0,0.0
EP240913a,11,4,0.4090909090909091,0.5,0.25,0.75,0.0,0.0
GRB 190731A,11,5,0.38181818181818183,0.4,0.2,0.6,0.0,0.0
GRB 151029A,11,5,0.4,0.4,0.2,0.6,0.0,0.0
GRB 210205A,11,4,0.4318181818181818,0.5,0.25,0.75,0.0,0.0
GRB 050713A,11,4,0.45454545454545453,0.5,0.25,0.75,0.0,0.0
GRB 180402A,11,4,0.4318181818181818,0.5,0.25,0.5,0.0,0.0
GRB 000620,11,2,0.6818181818181818,0.5,0.5,1.0,0.36363636363636365,0.0
GRB 130327A,11,5,0.38181818181818183,0.4,0.2,0.6,0.0,0.0
GRB 220514A,11,4,0.5909090909090909,0.5,0.5,0.75,0.0,0.0
GRB 180514A,11,5,0.36363636363636365,0.4,0.2,0.6,0.0,0.0
GRB 151021A,11,5,0.38181818181818183,0.4,0.2,0.6,0.0,0.0
GRB 000911,11,2,0.7272727272727273,0.5,0.5,1.0,0.45454545454545453,0.0
GRB 220715B,11,4,0.4772727272727273,0.5,0.25,0.75,0.0,0.0
LIGO/Virgo S200311bg,11,3,0.5151515151515151,0.6666666666666666,0.3333333333333333,0.6666666666666666,0.0,0.0
GRB 221110A,11,5,0.36363636363636365,0.4,0.2,0.6,0.0,0.0
GRB 240418A,10,5,0.32,0.4,0.2,0.4,0.0,0.0
GRB 160630A,10,5,0.4,0.4,0.2,0.6,0.0,0.0
GRB 160709A,10,4,0.525,0.5,0.25,0.75,0.0,0.0
GRB 050502,10,4,0.4,0.5,0.25,0.5,0.0,0.0
GRB 110719A,10,4,0.425,0.5,0.25,0.5,0.0,0.0
GRB 240112C,10,4,0.475,0.5,0.25,0.75,0.0,0.0
GRB 251117A,10,3,0.6666666666666666,0.6666666666666666,0.3333333333333333,1.0,0.1,0.0
GRB 110213B,10,5,0.4,0.4,0.2,0.6,0.0,0.0
IceCube-210210A,10,4,0.4,0.5,0.25,0.5,0.0,0.0
GRB 101112A,10,5,0.4,0.4,0.2,0.6,0.0,0.0
EP250806a,10,3,0.5,0.3333333333333333,0.3333333333333333,1.0,0.1,0.0
GRB 201001A,10,4,0.425,0.5,0.25,0.5,0.0,0.0
LIGO/Virgo/KAGRA S250830bp,10,1,1.0,1.0,1.0,1.0,1.0,0.0
GRB 110223A,10,4,0.425,0.5,0.25,0.5,0.0,0.0
GRB 200907B,10,4,0.475,0.5,0.25,0.75,0.0,0.0
GRB 110411A,10,4,0.475,0.5,0.25,0.5,0.0,0.0
IceCube-200530A,10,3,0.5333333333333333,0.6666666666666666,0.3333333333333333,0.6666666666666666,0.0,0.0
GRB 190719C,10,5,0.42000000000000004,0.4,0.2,0.6,0.0,0.0
GRB 041015,10,3,0.6,0.6666666666666666,0.3333333333333333,0.6666666666666666,0.0,0.0
GRB 090118,10,5,0.38,0.4,0.2,0.8,0.0,0.0
GRB 050126,10,5,0.38,0.4,0.2,0.6,0.0,0.0
GRB 150831A,10,4,0.425,0.5,0.25,0.5,0.0,0.0
GRB 200925B,10,5,0.4,0.4,0.2,0.6,0.0,0.0
GRB 150819A,10,4,0.45,0.5,0.25,0.5,0.0,0.0
IceCube-200117A,10,2,0.7,0.5,0.5,1.0,0.4,0.0
GRB 200914A,10,4,0.5,0.5,0.25,0.75,0.0,0.0
GRB 101213A,10,4,0.45,0.5,0.25,0.5,0.0,0.0
GRB 150607A,10,4,0.525,0.5,0.5,0.75,0.0,0.0
GRB 160714A,10,4,0.475,0.5,0.25,0.5,0.0,0.0
GRB 130310A,10,6,0.36666666666666664,0.3333333333333333,0.16666666666666666,0.8333333333333334,0.0,0.0
GRB 160801A,10,4,0.425,0.5,0.25,0.5,0.0,0.0
GRB 100115A,10,5,0.34,0.4,0.2,0.6,0.0,0.0
GRB 250530A,10,5,0.42000000000000004,0.4,0.2,0.8,0.0,0.0
GRB 000615,10,1,1.0,1.0,1.0,1.0,1.0,0.0
GRB 250805A,10,4,0.425,0.5,0.25,0.5,0.0,0.0
GRB 250807A,10,4,0.525,0.5,0.5,0.75,0.0,0.0
GRB 180620B,10,4,0.475,0.5,0.25,0.75,0.0,0.0
GRB 190305A,10,5,0.32,0.30000000000000004,0.2,0.6,0.0,0.0
GRB 250507A,10,5,0.36,0.4,0.2,0.4,0.0,0.0
EP260221a,10,2,0.6,0.5,0.5,1.0,0.2,0.0
GRB 200514B,10,3,0.6333333333333333,0.6666666666666666,0.3333333333333333,0.6666666666666666,0.0,0.0
EP260329b,10,2,0.8,1.0,0.5,1.0,0.6,0.0
ZTF22aabjpxh,10,5,0.42000000000000004,0.4,0.2,0.8,0.0,0.0
GRB 220319A,10,4,0.425,0.5,0.25,0.5,0.0,0.0
EP260302a,10,3,0.5333333333333333,0.5,0.3333333333333333,1.0,0.1,0.0
GRB 100316A,10,4,0.475,0.5,0.25,0.5,0.0,0.0
GRB 221027B,10,4,0.45,0.5,0.25,0.75,0.0,0.0
GRB 180706A,10,4,0.5,0.5,0.25,0.75,0.0,0.0
GRB 221016A,10,5,0.42000000000000004,0.4,0.4,0.6,0.0,0.0
GRB 180806A,10,5,0.42000000000000004,0.4,0.2,0.6,0.0,0.0
GRB 090727,10,5,0.4,0.4,0.2,0.6,0.0,0.0
GRB 250713A,10,4,0.4,0.5,0.25,0.5,0.0,0.0
GRB 180821A,10,6,0.3333333333333333,0.3333333333333333,0.16666666666666666,0.5,0.0,0.0
GRB 090929B,10,4,0.425,0.5,0.25,0.5,0.0,0.0
GRB 250706A,10,4,0.475,0.5,0.25,0.75,0.0,0.0
GRB 250704B,10,4,0.5,0.5,0.25,0.75,0.0,0.0
GRB 090809,10,5,0.36,0.4,0.2,0.6,0.0,0.0
GRB 180925A,10,4,0.475,0.5,0.25,0.5,0.0,0.0
GRB 090926B,10,4,0.45,0.5,0.25,0.75,0.0,0.0
GRB 220826A,10,5,0.48,0.4,0.4,0.6,0.0,0.0
GRB 181126A,10,5,0.36,0.4,0.2,0.4,0.0,0.0
GRB 090904B,10,5,0.4,0.4,0.2,0.6,0.0,0.0
GRB 181225A,10,5,0.36,0.4,0.2,0.8,0.0,0.0
GRB 220310A,10,4,0.4,0.375,0.25,0.75,0.0,0.0
GRB 220305A,10,4,0.55,0.5,0.5,0.75,0.0,0.0
GRB 160912A,10,5,0.42000000000000004,0.4,0.2,0.6,0.0,0.0
GRB 230903A,10,4,0.5,0.5,0.25,0.75,0.0,0.0
XRF 080109,10,3,0.6666666666666666,0.6666666666666666,0.3333333333333333,1.0,0.2,0.0
GRB 100514A,10,5,0.4,0.4,0.2,0.6,0.0,0.0
GRB 090418A,10,3,0.5333333333333333,0.6666666666666666,0.3333333333333333,0.6666666666666666,0.0,0.0
GRB 100526A,10,5,0.38,0.4,0.2,0.6,0.0,0.0
GRB 170330A,10,5,0.38,0.4,0.2,0.6,0.0,0.0
GRB 251014A,10,4,0.425,0.5,0.25,0.75,0.0,0.0
GRB 230911C,10,4,0.425,0.5,0.25,0.75,0.0,0.0
GRB 230216A,10,4,0.475,0.5,0.25,0.75,0.0,0.0
GRB 170115B,10,3,0.5333333333333333,0.6666666666666666,0.3333333333333333,0.6666666666666666,0.0,0.0
GRB 250321A,10,4,0.525,0.5,0.25,0.75,0.0,0.0
GRB 100725B,10,4,0.4,0.5,0.25,0.5,0.0,0.0
GRB 200411A,10,4,0.5,0.5,0.25,0.75,0.0,0.0
GRB 161004B,10,4,0.475,0.5,0.25,0.5,0.0,0.0
GRB 160925A,10,4,0.55,0.5,0.25,0.75,0.0,0.0
GRB 230728A,10,4,0.425,0.5,0.25,0.5,0.0,0.0
GRB 260111A,10,5,0.4,0.4,0.2,0.6,0.0,0.0
GRB 100504A,10,4,0.425,0.5,0.25,0.5,0.0,0.0
GRB 250329B,10,5,0.38,0.4,0.2,0.6,0.0,0.0
GRB 170711A,10,4,0.475,0.5,0.25,0.5,0.0,0.0
GRB 230618A,10,4,0.5,0.5,0.25,0.75,0.0,0.0
GRB 170810A,10,4,0.475,0.5,0.25,0.75,0.0,0.0
GRB 170906C,10,4,0.45,0.5,0.25,0.5,0.0,0.0
GRB 190604B,10,5,0.38,0.4,0.2,0.4,0.0,0.0
GRB 171102B,10,4,0.4,0.5,0.25,0.5,0.0,0.0
EP251124a,10,2,0.65,0.5,0.5,1.0,0.3,0.0
GRB 190519A,10,4,0.475,0.5,0.25,0.5,0.0,0.0
LIGO/Virgo/KAGRA S240413p,10,3,0.4666666666666666,0.3333333333333333,0.3333333333333333,0.6666666666666666,0.0,0.0
GRB 171124A,10,5,0.36,0.4,0.2,0.6,0.0,0.0
GRB 220117B,10,4,0.425,0.5,0.25,0.75,0.0,0.0
GRB 021112,10,4,0.4,0.375,0.25,0.75,0.0,0.0
EP260126a,10,2,0.6,0.5,0.5,1.0,0.2,0.0
GRB 251011B,10,4,0.5,0.5,0.5,0.5,0.0,0.0
GRB 251215A,10,5,0.4,0.4,0.2,0.6,0.0,0.0
GRB 220624A,10,3,0.5333333333333333,0.5,0.3333333333333333,1.0,0.1,0.0
GRB 241006A,10,4,0.4,0.5,0.25,0.5,0.0,0.0
GRB 140428A,10,5,0.33999999999999997,0.4,0.2,0.6,0.0,0.0
GRB 260402A,10,5,0.42000000000000004,0.4,0.2,0.8,0.0,0.0
GRB 130803A,10,4,0.425,0.5,0.25,0.5,0.0,0.0
GRB 241115A,10,5,0.38,0.4,0.2,0.6,0.0,0.0
GRB 240811A,10,4,0.45,0.5,0.25,0.75,0.0,0.0
GRB 260714B,10,3,0.6,0.6666666666666666,0.3333333333333333,0.6666666666666666,0.0,0.0
GRB 060204C,10,5,0.42000000000000004,0.4,0.2,0.6,0.0,0.0
GRB 120312A,10,5,0.32,0.4,0.2,0.4,0.0,0.0
GRB 120311B,10,4,0.45,0.5,0.25,0.5,0.0,0.0
GRB 120305A,10,4,0.45,0.5,0.25,0.5,0.0,0.0
GRB 190926A,10,4,0.4,0.5,0.25,0.5,0.0,0.0
GRB 060111B,10,5,0.38,0.4,0.2,0.6,0.0,0.0
GRB 240819A,10,4,0.5,0.5,0.25,0.75,0.0,0.0
GRB 140610A,10,4,0.475,0.5,0.25,0.5,0.0,0.0
GRB 260708A,10,5,0.4,0.4,0.2,0.6,0.0,0.0
GRB 130701A,10,5,0.38,0.4,0.2,0.6,0.0,0.0
GRB 260307B,10,3,0.5666666666666667,0.6666666666666666,0.3333333333333333,0.6666666666666666,0.0,0.0
GRB 080916A,10,4,0.425,0.5,0.25,0.75,0.0,0.0
GRB 130615A,10,5,0.36,0.4,0.2,0.4,0.0,0.0
GRB 200205B,10,4,0.475,0.5,0.25,0.75,0.0,0.0
GRB 241010A,10,4,0.475,0.5,0.25,0.75,0.0,0.0
GRB 200205A,10,4,0.575,0.5,0.25,0.75,0.0,0.0
GRB 190919B,10,5,0.4,0.4,0.2,0.6,0.0,0.0
GRB 051221B,10,4,0.475,0.5,0.25,0.75,0.0,0.0
GRB 080411,10,5,0.38,0.4,0.2,0.6,0.0,0.0
GRB 990806,10,4,0.425,0.5,0.25,0.75,0.0,0.0
GRB 241113B,10,5,0.4,0.4,0.2,0.6,0.0,0.0
GRB 060522,10,5,0.4,0.4,0.2,0.8,0.0,0.0
GRB 120805A,10,5,0.38,0.4,0.2,0.6,0.0,0.0
GRB 060717,10,4,0.475,0.5,0.25,0.75,0.0,0.0
GRB 060912,10,5,0.42000000000000004,0.4,0.2,0.8,0.0,0.0
EP240703a,10,5,0.38,0.30000000000000004,0.2,0.8,0.0,0.0
GRB 131127B,10,3,0.5666666666666667,0.6666666666666666,0.3333333333333333,0.6666666666666666,0.0,0.0
GRB 120815A,10,5,0.4,0.4,0.2,0.6,0.0,0.0
GRB 191031C,10,4,0.475,0.5,0.25,0.5,0.0,0.0
GRB 140301A,10,5,0.38,0.4,0.2,0.6,0.0,0.0
GRB 131105A,10,5,0.4,0.4,0.2,0.6,0.0,0.0
GRB 210406A,10,5,0.34,0.4,0.2,0.6,0.0,0.0
GRB 241212A,10,5,0.4,0.4,0.2,0.6,0.0,0.0
GRB 150403A,10,4,0.5,0.5,0.25,0.75,0.0,0.0
GRB 130903A,10,5,0.38,0.4,0.2,0.6,0.0,0.0
GRB 080516,10,4,0.4,0.5,0.25,0.5,0.0,0.0
GRB 240824A,10,6,0.3,0.3333333333333333,0.16666666666666666,0.5,0.0,0.0
EP241126a,10,2,0.75,0.75,0.5,1.0,0.5,0.0
GRB 060505,10,5,0.48,0.5,0.2,0.8,0.0,0.0
GRB 120514A,10,4,0.4,0.5,0.25,0.5,0.0,0.0
GRB 080507,10,5,0.38,0.30000000000000004,0.2,0.8,0.0,0.0
GRB 070110,10,5,0.38,0.4,0.2,0.8,0.0,0.0
GRB 080805,10,5,0.36,0.4,0.2,0.4,0.0,0.0
GRB 070129,10,5,0.34,0.4,0.2,0.4,0.0,0.0
GRB 140402A,10,5,0.36,0.4,0.2,0.6,0.0,0.0
GRB 210211A,10,5,0.42000000000000004,0.4,0.4,0.6,0.0,0.0
GRB 200224A,10,5,0.38,0.4,0.2,0.6,0.0,0.0
GRB 080623,10,5,0.4,0.4,0.2,0.6,0.0,0.0
GRB 050915,10,4,0.5,0.5,0.25,0.75,0.0,0.0
GRB 141207A,10,5,0.38,0.4,0.2,0.6,0.0,0.0
GRB 070724B,10,5,0.36,0.30000000000000004,0.2,0.6,0.0,0.0
GRB 050922B,10,4,0.45,0.5,0.25,0.5,0.0,0.0
GRB 071013,10,3,0.5666666666666667,0.6666666666666666,0.3333333333333333,0.6666666666666666,0.0,0.0
GRB 210527A,10,4,0.475,0.5,0.25,0.75,0.0,0.0
GRB 130206A,10,4,0.525,0.5,0.25,0.75,0.0,0.0
GRB 071010,10,5,0.34,0.4,0.2,0.4,0.0,0.0
GRB 200115A,10,4,0.45,0.5,0.25,0.75,0.0,0.0
GRB 241017A,10,4,0.4,0.5,0.25,0.5,0.0,0.0
GRB 191228A,10,4,0.4,0.5,0.25,0.5,0.0,0.0
GRB 141020A,10,4,0.425,0.5,0.25,0.75,0.0,0.0
GRB 081025,10,4,0.425,0.5,0.25,0.5,0.0,0.0
GRB 141031A,10,5,0.4,0.4,0.2,0.6,0.0,0.0
GRB 260614B,10,5,0.38,0.4,0.2,0.6,0.0,0.0
GRB 260616A,10,3,0.6,0.6666666666666666,0.3333333333333333,0.6666666666666666,0.0,0.0
GRB 081104,10,5,0.4,0.4,0.2,0.6,0.0,0.0
GRB 050911,10,5,0.38,0.4,0.2,0.6,0.0,0.0
GRB 070808,10,4,0.425,0.5,0.25,0.75,0.0,0.0
GRB 210618A,10,5,0.4,0.4,0.2,0.6,0.0,0.0
GRB 130511A,10,4,0.45,0.5,0.25,0.75,0.0,0.0
GRB 210626A,10,5,0.44000000000000006,0.4,0.2,0.6,0.0,0.0
GRB 141130A,10,4,0.525,0.5,0.5,0.75,0.0,0.0
GRB 250108B,10,5,0.4,0.4,0.2,0.6,0.0,0.0
GRB 150301B,10,5,0.4,0.4,0.2,0.8,0.0,0.0
GRB 070704,10,4,0.4,0.5,0.25,0.5,0.0,0.0
GRB 081012,10,4,0.475,0.5,0.25,0.75,0.0,0.0
GRB 110825A,10,5,0.34,0.4,0.2,0.6,0.0,0.0
IceCube-171106A,10,4,0.5,0.5,0.25,0.75,0.0,0.0
GRB 260225A,10,4,0.5,0.5,0.25,0.75,0.0,0.0
EP240918a,10,2,0.6,0.5,0.5,1.0,0.2,0.0
GRB 070611,10,4,0.425,0.5,0.25,0.5,0.0,0.0
GRB 130514A,10,5,0.38,0.4,0.2,0.6,0.0,0.0
GRB 050717,10,4,0.425,0.5,0.25,0.75,0.0,0.0
GRB 211129A,9,4,0.4722222222222222,0.5,0.25,0.75,0.0,0.0
GRB 120807A,9,4,0.4722222222222222,0.5,0.25,0.5,0.0,0.0
GRB 201103B,9,4,0.4722222222222222,0.5,0.25,1.0,0.1111111111111111,0.0
GRB 220708B,9,4,0.4166666666666667,0.5,0.25,0.75,0.0,0.0
GRB 201104A,9,4,0.5,0.5,0.25,0.75,0.0,0.0
GRB 180914A,9,4,0.4722222222222222,0.5,0.25,0.5,0.0,0.0
GRB 130427B,9,5,0.35555555555555557,0.4,0.2,0.6,0.0,0.0
GRB 131018A,9,4,0.4444444444444444,0.5,0.25,0.5,0.0,0.0
GRB 171209A,9,4,0.4444444444444444,0.5,0.25,0.5,0.0,0.0
GRB 190515B,9,4,0.4722222222222222,0.5,0.25,0.5,0.0,0.0
GRB 120913B,9,3,0.5185185185185185,0.6666666666666666,0.3333333333333333,0.6666666666666666,0.0,0.0
GRB 180930A,9,4,0.4166666666666667,0.5,0.25,0.5,0.0,0.0
GRB 191106A,9,4,0.4444444444444444,0.5,0.25,0.5,0.0,0.0
GRB 210308A,9,3,0.6666666666666666,0.6666666666666666,0.3333333333333333,1.0,0.2222222222222222,0.0
GRB 200714E,9,5,0.4222222222222222,0.4,0.2,0.6,0.0,0.0
GRB 220714B,9,5,0.3777777777777778,0.4,0.2,0.4,0.0,0.0
GRB 220107B,9,4,0.5,0.5,0.25,0.75,0.0,0.0
GRB 090904A,9,5,0.4,0.4,0.2,0.6,0.0,0.0
GRB 241127A,9,5,0.4222222222222222,0.4,0.2,0.6,0.0,0.0
GRB 190501A,9,4,0.3888888888888889,0.25,0.25,0.75,0.0,0.0
GRB 131117A,9,5,0.4,0.4,0.2,0.6,0.0,0.0
GRB 190109A,9,4,0.4722222222222222,0.5,0.25,0.5,0.0,0.0
GRB 130609A,9,4,0.4444444444444444,0.5,0.25,0.5,0.0,0.0
GRB 180115A,9,4,0.4444444444444444,0.5,0.25,0.75,0.0,0.0
GRB 180404B,9,4,0.5277777777777778,0.5,0.5,0.75,0.0,0.0
GRB 100111A,9,5,0.4222222222222223,0.4,0.2,0.8,0.0,0.0
GRB 121202A,9,4,0.5,0.5,0.5,0.5,0.0,0.0
GRB 121028A,9,4,0.3888888888888889,0.5,0.25,0.5,0.0,0.0
GRB 250331C,9,4,0.4722222222222222,0.5,0.25,0.75,0.0,0.0
GRB 091202,9,5,0.3777777777777778,0.4,0.2,0.6,0.0,0.0
GRB 190320A,9,4,0.5,0.5,0.5,0.5,0.0,0.0
GRB 201116A,9,5,0.4,0.4,0.2,0.6,0.0,0.0
GRB 180721A,9,4,0.4166666666666667,0.5,0.25,0.5,0.0,0.0
GRB 180720C,9,4,0.4722222222222222,0.5,0.25,0.5,0.0,0.0
GRB 221024A,9,5,0.4,0.4,0.2,0.6,0.0,0.0
GRB 121125A,9,4,0.4722222222222222,0.5,0.25,0.75,0.0,0.0
GRB 091026,9,4,0.4166666666666667,0.5,0.25,0.5,0.0,0.0
GRB 091109,9,5,0.3777777777777778,0.4,0.2,0.8,0.0,0.0
GRB 191227A,9,3,0.6296296296296295,0.6666666666666666,0.3333333333333333,1.0,0.1111111111111111,0.0
GRB 130608A,9,4,0.4444444444444444,0.5,0.25,0.5,0.0,0.0
GRB 130722A,9,4,0.4444444444444444,0.5,0.25,0.5,0.0,0.0
GRB 240930B,9,4,0.5,0.5,0.25,0.75,0.0,0.0
GRB 180204A,9,4,0.4444444444444444,0.5,0.25,0.5,0.0,0.0
GRB 180329B,9,5,0.4222222222222223,0.4,0.2,0.8,0.0,0.0
GRB 090929A,9,4,0.4444444444444444,0.5,0.25,0.5,0.0,0.0
GRB 240929A,9,3,0.5925925925925926,0.6666666666666666,0.3333333333333333,1.0,0.1111111111111111,0.0
GRB 180704A,9,4,0.5,0.5,0.5,0.5,0.0,0.0
GRB 180224A,9,4,0.5277777777777778,0.5,0.5,0.75,0.0,0.0
GRB 121017A,9,4,0.4166666666666667,0.5,0.25,0.5,0.0,0.0
GRB 200509A,9,5,0.4222222222222222,0.4,0.2,0.6,0.0,0.0
GRB 180828A,9,4,0.5277777777777778,0.5,0.5,0.75,0.0,0.0
GRB 121229A,9,5,0.3333333333333333,0.4,0.2,0.4,0.0,0.0
GRB 221226B,9,4,0.4444444444444444,0.5,0.25,0.5,0.0,0.0
GRB 130508A,9,4,0.4444444444444444,0.5,0.25,0.5,0.0,0.0
GRB 130725B,9,5,0.4222222222222223,0.4,0.4,0.6,0.0,0.0
GRB 180324A,9,5,0.4,0.4,0.2,0.6,0.0,0.0
GRB 121217A,9,6,0.31481481481481477,0.3333333333333333,0.16666666666666666,0.3333333333333333,0.0,0.0
GRB 250509A,9,4,0.5555555555555556,0.5,0.5,0.75,0.0,0.0
GRB 220427A,9,5,0.4222222222222223,0.4,0.2,0.6,0.0,0.0
GRB 180614A,9,4,0.4444444444444444,0.5,0.25,0.5,0.0,0.0
GRB 190805B,9,3,0.5925925925925926,0.6666666666666666,0.3333333333333333,0.6666666666666666,0.0,0.0
GRB 120724A,9,5,0.4,0.4,0.2,0.6,0.0,0.0
GRB 160220B,9,4,0.4444444444444444,0.5,0.25,0.5,0.0,0.0
GRB 151127A,9,4,0.4166666666666667,0.5,0.25,0.5,0.0,0.0
GRB 151229A,9,4,0.4444444444444444,0.5,0.25,0.5,0.0,0.0
GRB 140919A,9,5,0.4,0.4,0.4,0.4,0.0,0.0
GRB 160123A,9,4,0.4166666666666667,0.5,0.25,0.5,0.0,0.0
GRB 210514A,9,4,0.4722222222222222,0.5,0.25,0.75,0.0,0.0
GRB 140916A,9,4,0.4166666666666667,0.5,0.25,0.5,0.0,0.0
GRB 140824A,9,4,0.4166666666666667,0.5,0.25,0.5,0.0,0.0
GRB 111211A,9,6,0.2962962962962963,0.3333333333333333,0.16666666666666666,0.3333333333333333,0.0,0.0
GRB 240209A,9,5,0.4222222222222222,0.4,0.2,0.6,0.0,0.0
GRB 140723A,9,5,0.4,0.4,0.2,0.6,0.0,0.0
GRB 140716A,9,5,0.4222222222222223,0.4,0.2,0.6,0.0,0.0
GRB 100915A,9,4,0.4722222222222222,0.5,0.25,0.5,0.0,0.0
GRB 160321A,9,4,0.4722222222222222,0.5,0.25,0.5,0.0,0.0
GRB 201021C,9,4,0.5,0.5,0.25,0.75,0.0,0.0
GRB 250103B,9,5,0.4,0.4,0.2,0.6,0.0,0.0
GRB 210511B,9,4,0.4444444444444444,0.5,0.25,0.75,0.0,0.0
GRB 210509A,9,4,0.5,0.5,0.25,0.75,0.0,0.0
GRB 160422A,9,5,0.4666666666666667,0.4,0.2,0.6,0.0,0.0
GRB 240730A,9,4,0.4444444444444444,0.5,0.25,0.75,0.0,0.0
GRB 101017A,9,4,0.5,0.5,0.25,0.75,0.0,0.0
GRB 160521B,9,5,0.4,0.4,0.2,0.6,0.0,0.0
GRB 140614B,9,4,0.4166666666666667,0.5,0.25,0.5,0.0,0.0
GRB 141017A,9,5,0.3777777777777778,0.4,0.2,0.4,0.0,0.0
GRB 110206A,9,5,0.5111111111111111,0.4,0.4,0.8,0.0,0.0
GRB 210517A,9,5,0.4,0.4,0.2,0.6,0.0,0.0
GRB 240607A,9,3,0.6296296296296295,0.6666666666666666,0.3333333333333333,1.0,0.1111111111111111,0.0
GRB 150323B,9,5,0.4,0.4,0.2,0.6,0.0,0.0
GRB 150514A,9,5,0.4,0.4,0.2,0.6,0.0,0.0
GRB 150523A,9,5,0.4222222222222223,0.4,0.2,0.6,0.0,0.0
GRB 110721A,9,4,0.4722222222222222,0.5,0.25,0.75,0.0,0.0
GRB 150206A,9,5,0.4,0.4,0.2,0.8,0.0,0.0
GRB 150204A,9,5,0.35555555555555557,0.4,0.2,0.6,0.0,0.0
GRB 190821A,9,5,0.4444444444444444,0.4,0.4,0.6,0.0,0.0
GRB 210724A,9,5,0.3333333333333333,0.4,0.2,0.4,0.0,0.0
GRB 141229A,9,4,0.4444444444444444,0.5,0.25,0.5,0.0,0.0
GRB 141212B,9,4,0.4722222222222222,0.5,0.25,0.5,0.0,0.0
GRB 250114B,9,5,0.3777777777777778,0.4,0.2,0.6,0.0,0.0
GRB 210725A,9,4,0.3888888888888889,0.5,0.25,0.5,0.0,0.0
GRB 110610A,9,4,0.4722222222222222,0.5,0.25,0.5,0.0,0.0
GRB 240402B,9,3,0.48148148148148145,0.3333333333333333,0.3333333333333333,0.6666666666666666,0.0,0.0
GRB 200127A,9,4,0.4166666666666667,0.5,0.25,0.5,0.0,0.0
GRB 150915A,9,5,0.35555555555555557,0.4,0.2,0.4,0.0,0.0
GRB 141109B,9,4,0.3888888888888889,0.5,0.25,0.5,0.0,0.0
GRB 110414A,9,4,0.3888888888888889,0.5,0.25,0.5,0.0,0.0
GRB 250206A,9,3,0.5925925925925926,0.6666666666666666,0.3333333333333333,0.6666666666666666,0.0,0.0
GRB 151031A,9,4,0.4166666666666667,0.5,0.25,0.5,0.0,0.0
GRB 151111A,9,5,0.4,0.4,0.4,0.4,0.0,0.0
GRB 160607A,9,5,0.4,0.4,0.2,0.6,0.0,0.0
GRB 120224A,9,5,0.3777777777777778,0.4,0.2,0.4,0.0,0.0
GRB 200803A,9,5,0.4222222222222223,0.4,0.2,0.6,0.0,0.0
GRB 250329A,9,5,0.4222222222222223,0.4,0.2,0.6,0.0,0.0
GRB 170318A,9,4,0.4444444444444444,0.5,0.25,0.5,0.0,0.0
GRB 170318B,9,4,0.4722222222222222,0.5,0.25,0.5,0.0,0.0
GRB 140320C,9,5,0.4222222222222223,0.4,0.2,0.6,0.0,0.0
GRB 120521A,9,4,0.4444444444444444,0.5,0.25,0.5,0.0,0.0
GRB 140320A,9,5,0.4444444444444444,0.4,0.4,0.6,0.0,0.0
GRB 170522A,9,5,0.3777777777777778,0.4,0.2,0.6,0.0,0.0
GRB 170524A,9,5,0.4,0.4,0.2,0.6,0.0,0.0
GRB 191024A,9,5,0.3777777777777778,0.4,0.2,0.4,0.0,0.0
GRB 230628E,9,5,0.35555555555555557,0.4,0.2,0.6,0.0,0.0
GRB 240824B,9,5,0.35555555555555557,0.4,0.2,0.6,0.0,0.0
GRB 191029A,9,4,0.4722222222222222,0.5,0.25,0.5,0.0,0.0
GRB 100909A,9,5,0.4,0.4,0.2,0.6,0.0,0.0
GRB 120703A,9,5,0.4444444444444444,0.4,0.4,0.8,0.0,0.0
GRB 211024B,9,5,0.4222222222222222,0.4,0.2,0.6,0.0,0.0
GRB 190610A,9,4,0.4444444444444444,0.5,0.25,0.5,0.0,0.0
GRB 120709A,9,5,0.4222222222222223,0.4,0.2,0.6,0.0,0.0
GRB 230606A,9,4,0.4444444444444444,0.5,0.25,0.5,0.0,0.0
GRB 100423A,9,4,0.3888888888888889,0.5,0.25,0.5,0.0,0.0
GRB 170827A,9,5,0.3333333333333333,0.4,0.2,0.4,0.0,0.0
GRB 120712A,9,5,0.4222222222222223,0.4,0.2,0.8,0.0,0.0
GRB 171001A,9,5,0.4,0.4,0.2,0.6,0.0,0.0
GRB 230409B,9,5,0.3777777777777778,0.4,0.2,0.6,0.0,0.0
GRB 230827A,9,3,0.5555555555555556,0.6666666666666666,0.3333333333333333,1.0,0.1111111111111111,0.0
GRB 170311A,9,4,0.4166666666666667,0.5,0.25,0.5,0.0,0.0
GRB 201029A,9,4,0.5,0.5,0.25,0.75,0.0,0.0
GRB 140331A,9,4,0.4722222222222222,0.5,0.25,0.5,0.0,0.0
GRB 160705B,9,5,0.4,0.4,0.2,0.6,0.0,0.0
GRB 191001A,9,4,0.4444444444444444,0.5,0.25,0.5,0.0,0.0
GRB 140523A,9,4,0.4444444444444444,0.5,0.25,0.75,0.0,0.0
GRB 160815A,9,5,0.3777777777777778,0.4,0.2,0.6,0.0,0.0
GRB 160824A,9,5,0.35555555555555557,0.4,0.2,0.6,0.0,0.0
GRB 250316A,9,5,0.4222222222222223,0.4,0.2,0.6,0.0,0.0
GRB 140521A,9,3,0.5555555555555556,0.6666666666666666,0.3333333333333333,0.6666666666666666,0.0,0.0
GRB 201026A,9,4,0.4444444444444444,0.5,0.25,0.5,0.0,0.0
GRB 241229A,9,5,0.4,0.4,0.2,0.6,0.0,0.0
GRB 161015A,9,4,0.4722222222222222,0.5,0.25,0.5,0.0,0.0
GRB 161104A,9,4,0.4444444444444444,0.5,0.25,0.5,0.0,0.0
GRB 210826A,9,4,0.5277777777777778,0.5,0.5,0.75,0.0,0.0
GRB 200410A,9,5,0.35555555555555557,0.4,0.2,0.6,0.0,0.0
GRB 100724A,9,5,0.4,0.4,0.2,0.6,0.0,0.0
GRB 210421A,9,4,0.4444444444444444,0.5,0.25,0.75,0.0,0.0
GRB 210827A,9,4,0.5,0.5,0.25,0.75,0.0,0.0
GRB 190701A,9,4,0.4722222222222222,0.5,0.25,0.5,0.0,0.0
GRB 170113A,9,5,0.3777777777777778,0.4,0.2,0.6,0.0,0.0
GRB 241223A,9,4,0.4722222222222222,0.5,0.25,0.75,0.0,0.0
GRB 170205A,9,5,0.4222222222222223,0.4,0.2,0.6,0.0,0.0
GRB 170208A,9,4,0.4722222222222222,0.5,0.25,0.5,0.0,0.0
GRB 200809B,9,5,0.4,0.4,0.2,0.6,0.0,0.0
GRB 200612A,9,4,0.4722222222222222,0.5,0.25,0.5,0.0,0.0
GRB 021219,9,3,0.5185185185185185,0.6666666666666666,0.3333333333333333,0.6666666666666666,0.0,0.0
EP251222a,9,2,0.7222222222222222,0.5,0.5,1.0,0.4444444444444444,0.0
GRB 060213,9,5,0.4222222222222222,0.4,0.2,0.8,0.0,0.0
GRB 050820,9,5,0.3333333333333333,0.4,0.2,0.6,0.0,0.0
GRB 050814,9,5,0.4,0.4,0.2,0.8,0.0,0.0
GRB 250821B,9,3,0.6296296296296295,0.6666666666666666,0.3333333333333333,1.0,0.1111111111111111,0.0
EP250207b,9,2,0.6666666666666666,0.5,0.5,1.0,0.3333333333333333,0.0
GRB 080520,9,5,0.3777777777777778,0.4,0.2,0.8,0.0,0.0
GRB 060306,9,4,0.3611111111111111,0.25,0.25,0.5,0.0,0.0
GRB 060403,9,4,0.5277777777777778,0.5,0.5,0.75,0.0,0.0
GRB 070529,9,4,0.4166666666666667,0.5,0.25,0.75,0.0,0.0
GRB 250818A,9,4,0.5277777777777778,0.5,0.5,0.75,0.0,0.0
GRB 050528,9,5,0.35555555555555557,0.4,0.2,0.6,0.0,0.0
GRB 060427,9,4,0.4722222222222222,0.5,0.25,0.75,0.0,0.0
GRB 050504,9,5,0.3777777777777778,0.4,0.2,0.8,0.0,0.0
GRB 050502A,9,4,0.3611111111111111,0.25,0.25,0.75,0.0,0.0
GRB 990712,9,2,0.7222222222222222,0.5,0.5,1.0,0.4444444444444444,0.0
GRB 090628,9,4,0.5277777777777778,0.5,0.25,0.75,0.0,0.0
GRB 050416B,9,5,0.4444444444444444,0.4,0.2,0.8,0.0,0.0
EP250428b,9,2,0.7222222222222222,0.5,0.5,1.0,0.4444444444444444,0.0
EP250109a,9,3,0.5925925925925926,0.6666666666666666,0.3333333333333333,1.0,0.1111111111111111,0.0
EP260128a,9,3,0.5555555555555556,0.6666666666666666,0.3333333333333333,1.0,0.1111111111111111,0.0
GRB 080707,9,5,0.4,0.4,0.2,0.6,0.0,0.0
GRB 060501,9,6,0.31481481481481477,0.3333333333333333,0.16666666666666666,0.5,0.0,0.0
EP260116a,9,2,0.6666666666666666,0.5,0.5,1.0,0.3333333333333333,0.0
GRB 080303,9,5,0.4222222222222223,0.4,0.2,0.8,0.0,0.0
IceCube-190504A,9,4,0.3888888888888889,0.5,0.25,0.5,0.0,0.0
GRB 260618B,9,5,0.4222222222222223,0.4,0.4,0.6,0.0,0.0
GRB 260601A,9,3,0.5555555555555556,0.6666666666666666,0.3333333333333333,1.0,0.1111111111111111,0.0
GRB 090509,9,4,0.4722222222222222,0.5,0.25,0.75,0.0,0.0
GRB 010220,9,2,0.7222222222222222,0.5,0.5,1.0,0.4444444444444444,0.0
GRB 260603A,9,4,0.4722222222222222,0.5,0.25,0.75,0.0,0.0
GRB 051221A,9,5,0.3333333333333333,0.4,0.2,0.6,0.0,0.0
GRB 011212,9,4,0.5,0.5,0.25,0.75,0.0,0.0
GRB 071031,9,5,0.37777777777777777,0.4,0.2,0.6,0.0,0.0
GRB 071101,9,4,0.4722222222222222,0.5,0.25,0.75,0.0,0.0
GRB 051105A,9,3,0.5555555555555556,0.6666666666666666,0.3333333333333333,0.6666666666666666,0.0,0.0
GRB 071109,9,4,0.4444444444444444,0.5,0.25,0.5,0.0,0.0
EP260602a,9,2,0.7222222222222222,0.5,0.5,1.0,0.4444444444444444,0.0
EP260527a,9,3,0.7407407407407407,0.6666666666666666,0.3333333333333333,1.0,0.3333333333333333,0.0
GRB 050826,9,5,0.4,0.4,0.2,0.6,0.0,0.0
GRB 010126,9,2,0.7222222222222222,0.5,0.5,1.0,0.4444444444444444,0.0
GRB 251203C,9,5,0.3777777777777778,0.4,0.2,0.6,0.0,0.0
EP240708a,9,3,0.4444444444444444,0.3333333333333333,0.3333333333333333,0.6666666666666666,0.0,0.0
IceCube-190104A,9,4,0.4166666666666667,0.5,0.25,0.5,0.0,0.0
GRB 250904A,9,4,0.5,0.5,0.25,0.75,0.0,0.0
GRB 021113,9,4,0.4444444444444444,0.5,0.25,0.75,0.0,0.0
IceCube-190503A,9,3,0.48148148148148145,0.3333333333333333,0.3333333333333333,0.6666666666666666,0.0,0.0
GRB 021201,9,3,0.5185185185185185,0.6666666666666666,0.3333333333333333,0.6666666666666666,0.0,0.0
GRB 050827,9,5,0.4222222222222223,0.4,0.2,0.6,0.0,0.0
GRB 060130,9,4,0.4166666666666667,0.5,0.25,0.5,0.0,0.0
EP250220a,9,2,0.6111111111111112,0.5,0.5,1.0,0.2222222222222222,0.0
GRB 251116C,9,4,0.5,0.5,0.25,0.75,0.0,0.0
GRB 080727C,9,4,0.4722222222222222,0.5,0.25,0.75,0.0,0.0
GRB 040912,9,5,0.4444444444444444,0.4,0.2,0.6,0.0,0.0
GRB 060507,9,5,0.4222222222222222,0.4,0.2,0.6,0.0,0.0
GRB 251026A,9,4,0.5277777777777778,0.5,0.25,0.75,0.0,0.0
ZTF19abvizsw,9,5,0.4,0.4,0.2,0.6,0.0,0.0
GRB 090807,9,4,0.3888888888888889,0.5,0.25,0.5,0.0,0.0
IceCube-201209A,9,2,0.6666666666666666,0.5,0.5,1.0,0.3333333333333333,0.0
GRB 251026B,9,5,0.4,0.4,0.2,0.6,0.0,0.0
GRB 040624,9,3,0.6296296296296295,0.6666666666666666,0.3333333333333333,0.6666666666666666,0.0,0.0
GRB 000214,9,3,0.4074074074074074,0.3333333333333333,0.3333333333333333,1.0,0.1111111111111111,0.0
GRB 040422,9,3,0.5925925925925926,0.6666666666666666,0.3333333333333333,0.6666666666666666,0.0,0.0
GRB 251028A,9,2,0.7777777777777778,1.0,0.5,1.0,0.5555555555555556,0.0
EP250812a,9,2,0.5555555555555556,0.5,0.5,1.0,0.1111111111111111,0.0
ZTF23aabmzlp,9,4,0.3333333333333333,0.25,0.25,0.75,0.0,0.0
GRB 260212A,9,3,0.5925925925925926,0.6666666666666666,0.3333333333333333,1.0,0.1111111111111111,0.0
GRB 070318,9,5,0.4666666666666667,0.4,0.2,0.8,0.0,0.0
GRB 081024,9,4,0.4444444444444444,0.5,0.25,0.5,0.0,0.0
GRB 061004,9,5,0.3777777777777778,0.4,0.2,0.6,0.0,0.0
EP250421a,9,3,0.5185185185185185,0.6666666666666666,0.3333333333333333,0.6666666666666666,0.0,0.0
sb25061207,9,6,0.2222222222222222,0.16666666666666666,0.16666666666666666,0.3333333333333333,0.0,0.0
GRB 061110A,9,4,0.4166666666666667,0.5,0.25,0.75,0.0,0.0
GRB 061202,9,4,0.4444444444444444,0.5,0.25,0.75,0.0,0.0
GRB 251106A,9,5,0.4444444444444444,0.4,0.2,0.6,0.0,0.0
GRB 060813,9,4,0.4722222222222222,0.5,0.25,0.75,0.0,0.0
EP250903a,9,3,0.48148148148148145,0.3333333333333333,0.3333333333333333,0.6666666666666666,0.0,0.0
GRB 250807B,9,5,0.4222222222222222,0.4,0.2,0.6,0.0,0.0
IceCube-200929A,9,3,0.5185185185185185,0.6666666666666666,0.3333333333333333,0.6666666666666666,0.0,0.0
GRB 060602B,9,5,0.3777777777777778,0.4,0.2,0.4,0.0,0.0
SN2008D,9,4,0.4166666666666667,0.5,0.25,0.75,0.0,0.0
GRB 060607,9,5,0.35555555555555557,0.4,0.2,0.6,0.0,0.0
IceCube-200620A,9,3,0.5185185185185185,0.6666666666666666,0.3333333333333333,0.6666666666666666,0.0,0.0
GRB 050117,9,4,0.5,0.5,0.25,0.75,0.0,0.0
XRF 040701,9,4,0.4722222222222222,0.5,0.25,0.75,0.0,0.0
LIGO/Virgo/KAGRA S230615az,9,2,0.5555555555555556,0.5,0.5,1.0,0.1111111111111111,0.0
GRB 041223,9,5,0.4666666666666667,0.4,0.4,0.8,0.0,0.0
GRB 060707,9,5,0.3777777777777778,0.4,0.2,0.6,0.0,0.0
EP260610b,9,2,0.7777777777777778,1.0,0.5,1.0,0.5555555555555556,0.0
GRB 080905B,9,4,0.4444444444444444,0.5,0.25,0.75,0.0,0.0
GRB 041217,9,3,0.5925925925925926,0.6666666666666666,0.3333333333333333,0.6666666666666666,0.0,0.0
EP241101a,9,2,0.7222222222222222,0.5,0.5,1.0,0.4444444444444444,0.0
GRB 060805,9,4,0.3611111111111111,0.25,0.25,0.5,0.0,0.0
GRB 070419B,8,5,0.475,0.5,0.2,0.6,0.0,0.0
GRB 221006A,8,4,0.4375,0.5,0.25,0.75,0.0,0.0
GRB 070628,8,5,0.4,0.4,0.2,0.6,0.0,0.0
GRB 181003A,8,5,0.4,0.4,0.2,0.6,0.0,0.0
GRB 181002A,8,4,0.46875,0.5,0.25,0.5,0.0,0.0
GRB 260619A,8,3,0.6666666666666666,0.6666666666666666,0.3333333333333333,1.0,0.125,0.0
GRB 180905A,8,4,0.46875,0.5,0.25,0.5,0.0,0.0
GRB 070227,8,5,0.42500000000000004,0.4,0.4,0.6,0.0,0.0
GRB 130828A,8,3,0.625,0.6666666666666666,0.3333333333333333,1.0,0.25,0.0
GRB 240101A,8,4,0.46875,0.5,0.25,0.5,0.0,0.0
GRB 070920B,8,4,0.5,0.5,0.5,0.5,0.0,0.0
GRB 130627A,8,4,0.5,0.5,0.5,0.5,0.0,0.0
GRB 130816A,8,5,0.4,0.4,0.4,0.4,0.0,0.0
GRB 220730A,8,5,0.45,0.4,0.4,0.6,0.0,0.0
GRB 220907A,8,4,0.46875,0.5,0.25,0.5,0.0,0.0
GRB 260718A,8,4,0.46875,0.5,0.25,0.75,0.0,0.0
GRB 070729,8,4,0.4375,0.5,0.25,0.5,0.0,0.0
GRB 181030A,8,4,0.53125,0.5,0.5,0.75,0.0,0.0
GRB 260616B,8,3,0.6666666666666666,0.6666666666666666,0.3333333333333333,1.0,0.25,0.0
GRB 181103A,8,4,0.40625,0.5,0.25,0.5,0.0,0.0
GRB 070330,8,4,0.40625,0.5,0.25,0.5,0.0,0.0
GRB 130606B,8,4,0.4375,0.5,0.25,0.5,0.0,0.0
GRB 241002A,8,4,0.40625,0.5,0.25,0.5,0.0,0.0
GRB 070328,8,4,0.40625,0.5,0.25,0.5,0.0,0.0
GRB 191220A,8,4,0.5,0.5,0.5,0.5,0.0,0.0
GRB 190103B,8,4,0.4375,0.5,0.25,0.5,0.0,0.0
GRB 260410A,8,2,0.75,0.75,0.5,1.0,0.5,0.0
GRB 120403B,8,4,0.46875,0.5,0.25,0.5,0.0,0.0
EP251202a,8,4,0.59375,0.5,0.5,0.75,0.0,0.0
GRB 260330B,8,5,0.4,0.4,0.2,0.6,0.0,0.0
GRB 120328A,8,4,0.4375,0.5,0.25,0.5,0.0,0.0
GRB 260316B,8,3,0.5833333333333333,0.6666666666666666,0.3333333333333333,1.0,0.125,0.0
GRB 080905A,8,5,0.375,0.4,0.2,0.6,0.0,0.0
GRB 120302A,8,5,0.4,0.4,0.2,0.6,0.0,0.0
GRB 120215A,8,4,0.40625,0.5,0.25,0.5,0.0,0.0
GRB 120202A,8,5,0.35000000000000003,0.4,0.2,0.4,0.0,0.0
GRB 210928A,8,4,0.46875,0.5,0.25,0.5,0.0,0.0
GRB 190630C,8,4,0.4375,0.5,0.25,0.5,0.0,0.0
GRB 120102A,8,4,0.5,0.5,0.25,0.75,0.0,0.0
GRB 111229A,8,5,0.35000000000000003,0.4,0.2,0.4,0.0,0.0
GRB 210901A,8,4,0.46875,0.5,0.25,0.75,0.0,0.0
GRB 111204A,8,4,0.4375,0.5,0.25,0.5,0.0,0.0
GRB 111121A,8,4,0.4375,0.5,0.25,0.5,0.0,0.0
GRB 210818A,8,4,0.53125,0.5,0.25,0.75,0.0,0.0
GRB 260207B,8,3,0.5833333333333333,0.6666666666666666,0.3333333333333333,1.0,0.125,0.0
GRB 250109A,8,4,0.59375,0.5,0.25,1.0,0.125,0.0
GRB 210807C,8,4,0.53125,0.5,0.5,0.75,0.0,0.0
GRB 210802A,8,4,0.46875,0.5,0.25,0.75,0.0,0.0
GRB 111022A,8,4,0.40625,0.5,0.25,0.5,0.0,0.0
GRB 081109,8,4,0.46875,0.5,0.25,0.75,0.0,0.0
GRB 210723A,8,4,0.5,0.5,0.25,0.75,0.0,0.0
GRB 250119B,8,2,0.875,1.0,0.5,1.0,0.75,0.0
GRB 211207A,8,4,0.53125,0.5,0.25,0.75,0.0,0.0
GRB 260412A,8,3,0.5833333333333333,0.6666666666666666,0.3333333333333333,1.0,0.125,0.0
GRB 130315A,8,5,0.4,0.4,0.4,0.4,0.0,0.0
GRB 220209A,8,3,0.5833333333333333,0.6666666666666666,0.3333333333333333,1.0,0.125,0.0
GRB 130306A,8,5,0.45,0.4,0.2,0.6,0.0,0.0
GRB 130102A,8,4,0.4375,0.5,0.25,0.5,0.0,0.0
GRB 220618A,8,4,0.4375,0.5,0.25,0.5,0.0,0.0
GRB 220617A,8,4,0.5,0.5,0.25,0.75,0.0,0.0
EP260514a,8,2,0.75,0.75,0.5,1.0,0.5,0.0
GRB 220606B,8,3,0.6666666666666666,0.6666666666666666,0.3333333333333333,1.0,0.125,0.0
GRB 080120,8,5,0.375,0.4,0.2,0.6,0.0,0.0
GRB 121201A,8,5,0.375,0.4,0.2,0.4,0.0,0.0
GRB 131002A,8,5,0.42500000000000004,0.4,0.4,0.6,0.0,0.0
GRB 121031A,8,4,0.5,0.5,0.5,0.5,0.0,0.0
GRB 080319D,8,5,0.45,0.4,0.2,0.8,0.0,0.0
GRB 241120A,8,3,0.5833333333333333,0.6666666666666666,0.3333333333333333,0.6666666666666666,0.0,0.0
GRB 220426A,8,4,0.5,0.5,0.25,0.75,0.0,0.0
EP260327a,8,2,0.625,0.5,0.5,1.0,0.25,0.0
GRB 120830A,8,4,0.4375,0.5,0.25,0.5,0.0,0.0
GRB 080523,8,5,0.375,0.4,0.2,0.4,0.0,0.0
GRB 120817B,8,5,0.35000000000000003,0.4,0.2,0.6,0.0,0.0
GRB 120817A,8,4,0.4375,0.5,0.25,0.5,0.0,0.0
EP260314a,8,2,0.625,0.5,0.5,1.0,0.25,0.0
GRB 080613B,8,4,0.4375,0.5,0.25,0.5,0.0,0.0
GRB 120728A,8,5,0.375,0.4,0.2,0.4,0.0,0.0
EP260210a,8,2,0.6875,0.5,0.5,1.0,0.375,0.0
GRB 120714B,8,6,0.3333333333333333,0.3333333333333333,0.16666666666666666,0.5,0.0,0.0
GRB 120714A,8,4,0.4375,0.5,0.25,0.5,0.0,0.0
GRB 220211A,8,3,0.625,0.6666666666666666,0.3333333333333333,1.0,0.125,0.0
GRB 180818B,8,5,0.4,0.4,0.2,0.6,0.0,0.0
GRB 000830,8,3,0.5416666666666666,0.6666666666666666,0.3333333333333333,0.6666666666666666,0.0,0.0
GRB 180812A,8,5,0.4,0.4,0.2,0.6,0.0,0.0
GRB 150627A,8,5,0.4,0.4,0.2,0.6,0.0,0.0
IceCube-200911A,8,3,0.5416666666666666,0.6666666666666666,0.3333333333333333,0.6666666666666666,0.0,0.0
IceCube-200615A,8,4,0.4375,0.5,0.25,0.5,0.0,0.0
GRB 151001A,8,4,0.46875,0.5,0.25,0.75,0.0,0.0
GRB 230802A,8,4,0.5,0.5,0.25,0.75,0.0,0.0
IceCube-250706A,8,4,0.34375,0.25,0.25,0.5,0.0,0.0
GRB 050209,8,3,0.5833333333333333,0.6666666666666666,0.3333333333333333,0.6666666666666666,0.0,0.0
GRB 150902A,8,5,0.42500000000000004,0.4,0.4,0.6,0.0,0.0
GRB 170710A,8,4,0.4375,0.5,0.25,0.5,0.0,0.0
GRB 050318,8,5,0.425,0.4,0.2,0.6,0.0,0.0
GRB 150716A,8,5,0.4,0.4,0.2,0.6,0.0,0.0
GRB 150711A,8,4,0.46875,0.5,0.25,0.5,0.0,0.0
GRB 150626B,8,4,0.4375,0.5,0.25,0.5,0.0,0.0
GRB 151228B,8,4,0.46875,0.5,0.25,0.75,0.0,0.0
IceCube-200109A,8,3,0.5416666666666666,0.6666666666666666,0.3333333333333333,0.6666666666666666,0.0,0.0
GRB 150530A,8,4,0.5,0.5,0.5,0.5,0.0,0.0
IceCube-200107A,8,3,0.5833333333333334,0.6666666666666666,0.3333333333333333,1.0,0.125,0.0
GRB 150430A,8,4,0.4375,0.5,0.25,0.5,0.0,0.0
GRB 240419B,8,5,0.425,0.4,0.2,0.6,0.0,0.0
GRB 050713B,8,4,0.40625,0.5,0.25,0.5,0.0,0.0
GRB 150317A,8,5,0.4,0.4,0.2,0.6,0.0,0.0
GRB 050714B,8,5,0.375,0.4,0.2,0.6,0.0,0.0
GRB 150220A,8,4,0.4375,0.5,0.25,0.5,0.0,0.0
IceCube-190730A,8,3,0.5416666666666666,0.6666666666666666,0.3333333333333333,0.6666666666666666,0.0,0.0
GRB 150201A,8,4,0.46875,0.5,0.25,0.5,0.0,0.0
GRB 151205A,8,4,0.4375,0.5,0.25,0.5,0.0,0.0
GRB 030501,8,4,0.34375,0.25,0.25,0.5,0.0,0.0
GRB 240514B,8,4,0.5,0.5,0.25,1.0,0.125,0.0
IceCube-240105A,8,3,0.41666666666666663,0.3333333333333333,0.3333333333333333,0.6666666666666666,0.0,0.0
GRB 240101B,8,4,0.40625,0.5,0.25,0.5,0.0,0.0
GRB 240102A,8,4,0.40625,0.5,0.25,0.5,0.0,0.0
IceCube-220624A,8,5,0.375,0.4,0.2,0.6,0.0,0.0
GRB 160905A,8,4,0.53125,0.5,0.5,0.75,0.0,0.0
GRB 160625A,8,4,0.4375,0.5,0.25,0.5,0.0,0.0
GRB 161217A,8,4,0.4375,0.5,0.25,0.5,0.0,0.0
GRB 231028A,8,3,0.625,0.6666666666666666,0.3333333333333333,1.0,0.125,0.0
GRB 160506A,8,4,0.4375,0.5,0.25,0.5,0.0,0.0
GRB 231020A,8,3,0.625,0.6666666666666666,0.3333333333333333,1.0,0.125,0.0
GRB 170111A,8,4,0.5,0.5,0.5,0.5,0.0,0.0
GRB 170112A,8,4,0.5,0.5,0.5,0.5,0.0,0.0
GRB 170121B,8,4,0.53125,0.5,0.25,0.75,0.0,0.0
IceCube-201007A,8,3,0.5416666666666666,0.6666666666666666,0.3333333333333333,0.6666666666666666,0.0,0.0
GRB 170126A,8,5,0.45,0.4,0.4,0.6,0.0,0.0
GRB 170127B,8,4,0.46875,0.5,0.25,0.5,0.0,0.0
GRB 170127C,8,3,0.625,0.6666666666666666,0.3333333333333333,0.6666666666666666,0.0,0.0
GRB 160223B,8,4,0.46875,0.5,0.25,0.5,0.0,0.0
IceCube-201222A,8,3,0.5416666666666666,0.6666666666666666,0.3333333333333333,0.6666666666666666,0.0,0.0
GRB 040812,8,3,0.5,0.5,0.3333333333333333,0.6666666666666666,0.0,0.0
IceCube-201115A,8,2,0.75,0.75,0.5,1.0,0.5,0.0
GRB 040825A,8,2,0.9375,1.0,0.5,1.0,0.875,0.0
GRB 170306A,8,5,0.325,0.4,0.2,0.4,0.0,0.0
GRB 040916,8,5,0.42500000000000004,0.4,0.4,0.6,0.0,0.0
GRB 160101A,8,5,0.35,0.4,0.2,0.6,0.0,0.0
GRB 240513A,8,4,0.53125,0.5,0.5,0.75,0.0,0.0
GRB 240516A,8,4,0.4375,0.5,0.25,0.5,0.0,0.0
GRB 070103,8,4,0.4375,0.5,0.25,0.75,0.0,0.0
GRB 140320B,8,5,0.42500000000000004,0.4,0.2,0.6,0.0,0.0
GRB 140606A,8,4,0.40625,0.5,0.25,0.5,0.0,0.0
GRB 180411A,8,4,0.4375,0.5,0.25,0.5,0.0,0.0
GRB 991105,8,2,0.625,0.5,0.5,1.0,0.25,0.0
GRB 221202A,8,5,0.35000000000000003,0.4,0.2,0.4,0.0,0.0
GRB 140506A,8,4,0.5,0.5,0.25,0.75,0.0,0.0
GRB 140502A,8,4,0.46875,0.5,0.25,0.5,0.0,0.0
GRB 180504A,8,5,0.375,0.4,0.2,0.4,0.0,0.0
GRB 221201A,8,4,0.53125,0.5,0.5,0.75,0.0,0.0
GRB 140413A,8,5,0.42500000000000004,0.4,0.4,0.6,0.0,0.0
GRB 060413,8,5,0.375,0.4,0.2,0.6,0.0,0.0
GRB 180602A,8,4,0.40625,0.5,0.25,0.5,0.0,0.0
GRB 140226A,8,4,0.4375,0.5,0.25,0.5,0.0,0.0
GRB 180410A,8,4,0.46875,0.5,0.25,0.5,0.0,0.0
GRB 060604,8,4,0.4375,0.5,0.25,0.75,0.0,0.0
GRB 140129B,8,6,0.375,0.3333333333333333,0.16666666666666666,0.6666666666666666,0.0,0.0
GRB 180709A,8,4,0.5,0.5,0.5,0.5,0.0,0.0
GRB 060805B,8,4,0.4375,0.5,0.25,0.75,0.0,0.0
GRB 000528,8,3,0.4583333333333333,0.3333333333333333,0.3333333333333333,0.6666666666666666,0.0,0.0
GRB 060928,8,4,0.40625,0.25,0.25,1.0,0.125,0.0
GRB 221022B,8,2,0.8125,1.0,0.5,1.0,0.625,0.0
GRB 131205A,8,5,0.375,0.4,0.2,0.4,0.0,0.0
GRB 061025,8,4,0.5,0.5,0.25,0.75,0.0,0.0
GRB 131122A,8,4,0.4375,0.5,0.25,0.75,0.0,0.0
GRB 000424,8,2,0.875,1.0,0.5,1.0,0.75,0.0
GRB 060123,8,4,0.375,0.375,0.25,0.5,0.0,0.0
GRB 180404A,8,5,0.4,0.4,0.2,0.8,0.0,0.0
GRB 150110B,8,4,0.4375,0.5,0.25,0.5,0.0,0.0
GRB 051016,8,4,0.5,0.5,0.25,0.75,0.0,0.0
GRB 050815,8,5,0.47500000000000003,0.4,0.2,0.8,0.0,0.0
GRB 150103A,8,4,0.5,0.5,0.5,0.5,0.0,0.0
GRB 050820B,8,4,0.5,0.5,0.25,0.75,0.0,0.0
IceCube-190619A,8,2,0.8125,1.0,0.5,1.0,0.625,0.0
GRB 141202A,8,4,0.46875,0.5,0.25,0.75,0.0,0.0
GRB 171210A,8,4,0.46875,0.5,0.25,0.5,0.0,0.0
GRB 230308A,8,3,0.5833333333333334,0.6666666666666666,0.3333333333333333,1.0,0.125,0.0
GRB 141022A,8,5,0.4,0.4,0.2,0.6,0.0,0.0
GRB 050925,8,3,0.5,0.5,0.3333333333333333,0.6666666666666666,0.0,0.0
GRB 051001,8,4,0.46875,0.5,0.25,0.75,0.0,0.0
GRB 051006,8,4,0.46875,0.5,0.25,0.5,0.0,0.0
GRB 021104,8,5,0.375,0.4,0.2,0.6,0.0,0.0
GRB 140628A,8,5,0.42500000000000004,0.4,0.4,0.6,0.0,0.0
IceCube-170922A,8,4,0.4375,0.5,0.25,0.5,0.0,0.0
GRB 180103A,8,5,0.4,0.4,0.2,0.6,0.0,0.0
GRB 180113A,8,3,0.625,0.6666666666666666,0.3333333333333333,0.6666666666666666,0.0,0.0
GRB 240718A,8,3,0.6666666666666666,0.6666666666666666,0.3333333333333333,1.0,0.125,0.0
GRB 020410,8,2,0.6875,0.5,0.5,1.0,0.375,0.0
GRB 011019,8,4,0.53125,0.5,0.5,0.75,0.0,0.0
GRB 140730A,8,4,0.4375,0.5,0.25,0.5,0.0,0.0
GRB 180314B,8,4,0.46875,0.5,0.25,0.5,0.0,0.0
GRB 221231A,8,4,0.46875,0.5,0.25,0.75,0.0,0.0
GRB 010324,8,2,0.6875,0.5,0.5,1.0,0.375,0.0
GRB 051211A,8,2,0.75,0.75,0.5,1.0,0.5,0.0
GRB 260117A,8,5,0.42500000000000004,0.4,0.2,0.6,0.0,0.0
GRB 130528A,8,4,0.46875,0.5,0.25,0.5,0.0,0.0
GRB 200120A,8,4,0.4375,0.5,0.25,0.75,0.0,0.0
GRB 250920A,8,3,0.625,0.6666666666666666,0.3333333333333333,0.6666666666666666,0.0,0.0
GRB 090422,8,4,0.4375,0.5,0.25,0.5,0.0,0.0
GRB 110212A,8,4,0.5,0.5,0.25,0.75,0.0,0.0
GRB 100508A,8,5,0.45,0.4,0.4,0.6,0.0,0.0
GRB 090107B,8,5,0.45,0.4,0.2,0.8,0.0,0.0
GRB 100425A,8,5,0.425,0.4,0.2,0.6,0.0,0.0
GRB 251208D,8,4,0.46875,0.5,0.25,0.75,0.0,0.0
GRB 250331B,8,4,0.5,0.5,0.25,0.75,0.0,0.0
GRB 250926A,8,3,0.5833333333333333,0.6666666666666666,0.3333333333333333,1.0,0.125,0.0
GRB 210421B,8,3,0.625,0.6666666666666666,0.3333333333333333,0.6666666666666666,0.0,0.0
GRB 110305A,8,5,0.4,0.4,0.2,0.6,0.0,0.0
GRB 110312A,8,4,0.4375,0.5,0.25,0.5,0.0,0.0
GRB 250331D,8,5,0.45,0.4,0.4,0.6,0.0,0.0
GRB 201208A,8,5,0.425,0.4,0.2,0.6,0.0,0.0
GRB 110318B,8,5,0.375,0.4,0.2,0.6,0.0,0.0
XRF 020427,8,2,0.8125,1.0,0.5,1.0,0.625,0.0
GRB 100316B,8,5,0.4,0.4,0.2,0.6,0.0,0.0
GRB 250901A,8,5,0.425,0.4,0.2,0.6,0.0,0.0
LIGO/Virgo/KAGRA S250328ae,8,3,0.41666666666666663,0.3333333333333333,0.3333333333333333,1.0,0.125,0.0
GRB 100213A,8,4,0.5,0.5,0.25,0.75,0.0,0.0
GRB 100212A,8,5,0.425,0.4,0.2,0.6,0.0,0.0
GRB 081230,8,5,0.42500000000000004,0.4,0.4,0.6,0.0,0.0
GRB 081228,8,5,0.4,0.4,0.2,0.6,0.0,0.0
EP250225a,8,2,0.75,0.75,0.5,1.0,0.5,0.0
GRB 110420B,8,6,0.35416666666666663,0.3333333333333333,0.16666666666666666,0.6666666666666666,0.0,0.0
GRB 100103A,8,4,0.46875,0.5,0.25,0.5,0.0,0.0
GRB 250515A,8,5,0.4,0.4,0.4,0.4,0.0,0.0
GRB 200917A,8,4,0.5,0.5,0.25,0.75,0.0,0.0
GRB 110521A,8,4,0.5,0.5,0.5,0.5,0.0,0.0
GRB 110210A,8,4,0.40625,0.5,0.25,0.5,0.0,0.0
GRB 110208A,8,5,0.42500000000000004,0.4,0.4,0.6,0.0,0.0
GRB 100518A,8,5,0.42500000000000004,0.4,0.4,0.6,0.0,0.0
GRB 251013D,8,4,0.53125,0.5,0.5,0.75,0.0,0.0
GRB 191101A,8,4,0.46875,0.5,0.25,0.5,0.0,0.0
GRB 210218A,8,5,0.35,0.4,0.2,0.6,0.0,0.0
LIGO/Virgo/KAGRA S241102br,8,3,0.5416666666666666,0.6666666666666666,0.3333333333333333,0.6666666666666666,0.0,0.0
GRB 191122A,8,4,0.5,0.5,0.5,0.5,0.0,0.0
GRB 210209A,8,4,0.46875,0.5,0.25,0.75,0.0,0.0
LIGO/Virgo/KAGRA S241109bn,8,5,0.325,0.4,0.2,0.4,0.0,0.0
EP241113a,8,3,0.5,0.5,0.3333333333333333,0.6666666666666666,0.0,0.0
GRB 210120A,8,3,0.6666666666666666,0.6666666666666666,0.3333333333333333,1.0,0.125,0.0
GRB 251128A,8,3,0.625,0.6666666666666666,0.3333333333333333,1.0,0.125,0.0
GRB 210119A,8,4,0.625,0.625,0.25,1.0,0.125,0.0
GRB 210104B,8,4,0.40625,0.5,0.25,0.5,0.0,0.0
EP241103a,8,3,0.4583333333333333,0.3333333333333333,0.3333333333333333,0.6666666666666666,0.0,0.0
GRB 110102A,8,4,0.53125,0.5,0.5,0.75,0.0,0.0
GRB 100725A,8,4,0.46875,0.5,0.25,0.75,0.0,0.0
GRB 201229A,8,5,0.42500000000000004,0.4,0.2,0.6,0.0,0.0
GRB 250320B,8,4,0.5,0.5,0.25,0.75,0.0,0.0
GRB 251023B,8,3,0.625,0.6666666666666666,0.3333333333333333,1.0,0.125,0.0
GRB 100704A,8,3,0.6666666666666666,0.6666666666666666,0.3333333333333333,1.0,0.125,0.0
GRB 251203B,8,5,0.4,0.4,0.2,0.6,0.0,0.0
GRB 110119A,8,5,0.375,0.4,0.2,0.6,0.0,0.0
GRB 200109A,8,4,0.46875,0.5,0.25,0.5,0.0,0.0
GRB 110201A,8,4,0.4375,0.5,0.25,0.5,0.0,0.0
GRB 100702A,8,5,0.4,0.4,0.2,0.6,0.0,0.0
GRB 210419C,8,4,0.40625,0.5,0.25,0.5,0.0,0.0
GRB 251016B,8,3,0.5833333333333333,0.6666666666666666,0.3333333333333333,1.0,0.125,0.0
GRB 090407,8,4,0.4375,0.5,0.25,0.5,0.0,0.0
GRB 251208B,8,4,0.46875,0.5,0.25,0.75,0.0,0.0
GRB 200901A,8,4,0.5,0.5,0.5,0.5,0.0,0.0
GRB 101030A,8,5,0.42500000000000004,0.4,0.2,0.6,0.0,0.0
GRB 250716A,8,5,0.45,0.4,0.4,0.6,0.0,0.0
GRB 250127A,8,5,0.4,0.4,0.2,0.6,0.0,0.0
XRF 030824,8,4,0.375,0.25,0.25,0.75,0.0,0.0
GRB 210706A,8,4,0.5,0.5,0.25,0.75,0.0,0.0
XRF 050509C,8,5,0.375,0.4,0.2,0.6,0.0,0.0
GRB 081210,8,5,0.42500000000000004,0.4,0.2,0.8,0.0,0.0
GRB 090814A,8,4,0.40625,0.5,0.25,0.5,0.0,0.0
GRB 210606A,8,5,0.45,0.4,0.2,0.6,0.0,0.0
GRB 250628A,8,4,0.5,0.5,0.25,0.75,0.0,0.0
XRF 040916,8,3,0.5416666666666666,0.6666666666666666,0.3333333333333333,0.6666666666666666,0.0,0.0
GRB 250727A,8,5,0.4,0.4,0.2,0.6,0.0,0.0
GRB 200716A,8,3,0.625,0.6666666666666666,0.3333333333333333,1.0,0.125,0.0
GRB 240128A,7,3,0.47619047619047616,0.3333333333333333,0.3333333333333333,0.6666666666666666,0.0,0.0
GRB 180510B,7,4,0.4642857142857143,0.5,0.25,0.75,0.0,0.0
IceCube-210629A,7,3,0.5238095238095238,0.6666666666666666,0.3333333333333333,0.6666666666666666,0.0,0.0
GRB 230911D,7,3,0.5714285714285714,0.6666666666666666,0.3333333333333333,0.6666666666666666,0.0,0.0
GRB 250605A,7,4,0.5,0.5,0.5,0.5,0.0,0.0
GRB 151023A,7,4,0.42857142857142855,0.5,0.25,0.5,0.0,0.0
GRB 160401A,7,4,0.4642857142857143,0.5,0.25,0.5,0.0,0.0
EP240930a,7,3,0.4285714285714285,0.3333333333333333,0.3333333333333333,0.6666666666666666,0.0,0.0
GRB 060502,7,5,0.34285714285714286,0.4,0.2,0.6,0.0,0.0
GRB 180623A,7,5,0.42857142857142855,0.4,0.4,0.6,0.0,0.0
GRB 200107B,7,4,0.5357142857142857,0.5,0.5,0.75,0.0,0.0
GRB 170127A,7,4,0.4642857142857143,0.5,0.25,0.5,0.0,0.0
GRB 000801,7,1,1.0,1.0,1.0,1.0,1.0,0.0
GRB 200512A,7,4,0.4642857142857143,0.5,0.25,0.5,0.0,0.0
GRB 060602A,7,4,0.42857142857142855,0.5,0.25,0.5,0.0,0.0
GRB 170115A,7,4,0.42857142857142855,0.5,0.25,0.5,0.0,0.0
GRB 100619A,7,4,0.5,0.5,0.5,0.5,0.0,0.0
GRB 100528A,7,4,0.42857142857142855,0.5,0.25,0.75,0.0,0.0
GRB 990907,7,4,0.39285714285714285,0.25,0.25,0.75,0.0,0.0
GRB 040403,7,3,0.6666666666666666,0.6666666666666666,0.6666666666666666,0.6666666666666666,0.0,0.0
GRB 201216A,7,4,0.5357142857142857,0.5,0.5,0.75,0.0,0.0
GRB 140626A,7,5,0.4,0.4,0.4,0.4,0.0,0.0
IceCube-201120A,7,3,0.5714285714285714,0.6666666666666666,0.3333333333333333,0.6666666666666666,0.0,0.0
GRB 060111,7,4,0.42857142857142855,0.5,0.25,0.5,0.0,0.0
IceCube-201221A,7,2,0.7857142857142857,1.0,0.5,1.0,0.5714285714285714,0.0
GRB 001212,7,2,0.7142857142857143,0.5,0.5,1.0,0.42857142857142855,0.0
HAWC-190916A,7,3,0.42857142857142855,0.3333333333333333,0.3333333333333333,0.6666666666666666,0.0,0.0
GRB 140614A,7,5,0.37142857142857144,0.4,0.2,0.4,0.0,0.0
GRB 180409A,7,4,0.4642857142857143,0.5,0.25,0.75,0.0,0.0
GRB 060114,7,4,0.42857142857142855,0.5,0.25,0.75,0.0,0.0
EP240908a,7,3,0.5714285714285714,0.3333333333333333,0.3333333333333333,1.0,0.2857142857142857,0.0
GRB 160221A,7,5,0.39999999999999997,0.4,0.2,0.6,0.0,0.0
GRB 200125B,7,3,0.5714285714285714,0.6666666666666666,0.3333333333333333,0.6666666666666666,0.0,0.0
GRB 160223A,7,5,0.4571428571428572,0.4,0.4,0.6,0.0,0.0
GRB 060204A,7,6,0.4523809523809524,0.3333333333333333,0.16666666666666666,0.8333333333333334,0.0,0.0
GRB 221209A,7,2,0.8571428571428571,1.0,0.5,1.0,0.7142857142857143,0.0
IceCube-210510A,7,2,0.7142857142857143,0.5,0.5,1.0,0.42857142857142855,0.0
GRB 090418B,7,3,0.47619047619047616,0.3333333333333333,0.3333333333333333,0.6666666666666666,0.0,0.0
IceCube-211208A,7,3,0.5238095238095238,0.6666666666666666,0.3333333333333333,0.6666666666666666,0.0,0.0
GRB 090912,7,4,0.4642857142857143,0.5,0.25,0.5,0.0,0.0
GRB 200101A,7,2,0.8571428571428571,1.0,0.5,1.0,0.7142857142857143,0.0
GRB 990316,7,2,0.9285714285714286,1.0,0.5,1.0,0.8571428571428571,0.0
GRB 180703B,7,2,0.7142857142857143,0.5,0.5,1.0,0.42857142857142855,0.0
GRB 180809A,7,5,0.37142857142857144,0.4,0.2,0.6,0.0,0.0
GRB 161113A,7,4,0.4642857142857143,0.5,0.25,0.5,0.0,0.0
GRB 070126,7,5,0.39999999999999997,0.4,0.2,0.6,0.0,0.0
GRB 161109A,7,4,0.42857142857142855,0.5,0.25,0.5,0.0,0.0
GRB 250306A,7,4,0.5,0.5,0.25,0.75,0.0,0.0
GRB 191123A,7,4,0.5,0.5,0.25,0.75,0.0,0.0
IceCube-230707A,7,3,0.5238095238095238,0.3333333333333333,0.3333333333333333,1.0,0.14285714285714285,0.0
GRB 130806A,7,4,0.4642857142857143,0.5,0.25,0.5,0.0,0.0
GRB 161105A,7,4,0.5,0.5,0.5,0.5,0.0,0.0
EP241201a,7,2,0.7142857142857143,0.5,0.5,1.0,0.42857142857142855,0.0
GRB 030725,7,3,0.5714285714285714,0.6666666666666666,0.3333333333333333,0.6666666666666666,0.0,0.0
GRB 210305A,7,4,0.5357142857142857,0.5,0.5,0.75,0.0,0.0
GRB 070509,7,4,0.4642857142857143,0.5,0.25,0.5,0.0,0.0
GRB 130627B,7,5,0.4571428571428572,0.4,0.4,0.6,0.0,0.0
GRB 130625A,7,5,0.4,0.4,0.2,0.6,0.0,0.0
GRB 000115,7,2,0.6428571428571429,0.5,0.5,1.0,0.2857142857142857,0.0
GRB 181022A,7,4,0.39285714285714285,0.5,0.25,0.5,0.0,0.0
GRB 260705A,7,4,0.4642857142857143,0.5,0.25,0.75,0.0,0.0
GRB 070520B,7,4,0.42857142857142855,0.5,0.25,0.5,0.0,0.0
GRB 240101C,7,2,0.8571428571428571,1.0,0.5,1.0,0.7142857142857143,0.0
GRB 070531,7,4,0.42857142857142855,0.5,0.25,0.5,0.0,0.0
GRB 070107,7,5,0.4,0.4,0.2,0.6,0.0,0.0
GRB 131024A,7,4,0.4642857142857143,0.5,0.25,0.5,0.0,0.0
GRB 031026,7,3,0.47619047619047616,0.3333333333333333,0.3333333333333333,0.6666666666666666,0.0,0.0
GRB 060923,7,4,0.39285714285714285,0.5,0.25,0.5,0.0,0.0
GRB 010213,7,3,0.5238095238095238,0.6666666666666666,0.3333333333333333,0.6666666666666666,0.0,0.0
GRB 160424A,7,4,0.5,0.5,0.5,0.5,0.0,0.0
GRB 251024A,7,5,0.4571428571428572,0.4,0.4,0.6,0.0,0.0
GRB 060712,7,4,0.4642857142857143,0.5,0.25,0.5,0.0,0.0
GRB 000529,7,4,0.39285714285714285,0.25,0.25,0.75,0.0,0.0
IceCube-211216A,7,2,0.7857142857142857,1.0,0.5,1.0,0.5714285714285714,0.0
GRB 250612C,7,2,0.8571428571428571,1.0,0.5,1.0,0.7142857142857143,0.0
GRB 100727A,7,4,0.5,0.5,0.25,0.75,0.0,0.0
GRB 251025C,7,3,0.5714285714285714,0.6666666666666666,0.3333333333333333,1.0,0.14285714285714285,0.0
GRB 060923A,7,4,0.35714285714285715,0.25,0.25,0.75,0.0,0.0
GRB 131103A,7,4,0.42857142857142855,0.5,0.25,0.5,0.0,0.0
GRB 210102B,7,5,0.4,0.4,0.2,0.6,0.0,0.0
GRB 060930,7,6,0.35714285714285715,0.3333333333333333,0.16666666666666666,0.5,0.0,0.0
GRB 131209A,7,3,0.7142857142857143,0.6666666666666666,0.3333333333333333,1.0,0.2857142857142857,0.0
GRB 231024A,7,4,0.5357142857142857,0.5,0.5,0.75,0.0,0.0
GRB 061002,7,4,0.4642857142857143,0.5,0.25,0.5,0.0,0.0
GRB 061021,7,4,0.4642857142857143,0.5,0.25,0.5,0.0,0.0
IceCube-231004A,7,2,0.7142857142857143,0.5,0.5,1.0,0.42857142857142855,0.0
GRB 061122,7,5,0.4571428571428572,0.4,0.2,0.8,0.0,0.0
GRB 160611A,7,4,0.5,0.5,0.5,0.5,0.0,0.0
GRB 060109,7,4,0.4642857142857143,0.5,0.25,0.5,0.0,0.0
GRB 170209A,7,5,0.4,0.4,0.2,0.6,0.0,0.0
GRB 201214B,7,4,0.5,0.5,0.25,0.75,0.0,0.0
GRB 171004A,7,4,0.4642857142857143,0.5,0.25,0.5,0.0,0.0
GRB 230430A,7,2,0.8571428571428571,1.0,0.5,1.0,0.7142857142857143,0.0
IceCube-191122A,7,3,0.5714285714285714,0.6666666666666666,0.3333333333333333,0.6666666666666666,0.0,0.0
XRF 040912,7,5,0.34285714285714286,0.2,0.2,0.8,0.0,0.0
IceCube-191119A,7,2,0.7857142857142857,1.0,0.5,1.0,0.5714285714285714,0.0
IceCube-260315A,7,4,0.42857142857142855,0.5,0.25,0.75,0.0,0.0
GRB 090625B,7,4,0.42857142857142855,0.5,0.25,0.5,0.0,0.0
GRB 050701,7,5,0.42857142857142855,0.4,0.2,0.8,0.0,0.0
GRB 050713,7,4,0.39285714285714285,0.5,0.25,0.5,0.0,0.0
GRB 150318A,7,4,0.42857142857142855,0.5,0.25,0.5,0.0,0.0
IceCube-191001A,7,2,0.7857142857142857,1.0,0.5,1.0,0.5714285714285714,0.0
IceCube-250309A,7,3,0.5238095238095238,0.6666666666666666,0.3333333333333333,0.6666666666666666,0.0,0.0
GRB 171007A,7,4,0.5,0.5,0.5,0.5,0.0,0.0
GRB 150301C,7,4,0.5357142857142857,0.5,0.25,0.75,0.0,0.0
IceCube-190922B,7,3,0.5714285714285714,0.6666666666666666,0.3333333333333333,0.6666666666666666,0.0,0.0
GRB 240502A,7,3,0.5714285714285714,0.6666666666666666,0.3333333333333333,1.0,0.14285714285714285,0.0
GRB 200306A,7,5,0.42857142857142855,0.4,0.4,0.6,0.0,0.0
GRB 230402A,7,3,0.619047619047619,0.6666666666666666,0.3333333333333333,1.0,0.14285714285714285,0.0
GRB 151205B,7,4,0.42857142857142855,0.5,0.25,0.5,0.0,0.0
IceCube-190819A,7,3,0.5714285714285714,0.6666666666666666,0.3333333333333333,0.6666666666666666,0.0,0.0
GRB 150210A,7,5,0.4,0.4,0.2,0.6,0.0,0.0
GRB 150428B,7,4,0.4642857142857143,0.5,0.25,0.5,0.0,0.0
GRB 151114A,7,5,0.4571428571428572,0.4,0.4,0.6,0.0,0.0
GRB 140706A,7,5,0.4571428571428572,0.4,0.4,0.6,0.0,0.0
GRB 250808A,7,4,0.5,0.5,0.25,0.75,0.0,0.0
GRB 151001B,7,4,0.5,0.5,0.5,0.5,0.0,0.0
GRB 200405B,7,3,0.5238095238095238,0.6666666666666666,0.3333333333333333,0.6666666666666666,0.0,0.0
GRB 200409A,7,4,0.5357142857142857,0.5,0.25,0.75,0.0,0.0
GRB 250521D,7,3,0.619047619047619,0.6666666666666666,0.3333333333333333,1.0,0.14285714285714285,0.0
GRB 150907B,7,4,0.4642857142857143,0.5,0.25,0.5,0.0,0.0
GRB 230723A,7,3,0.5238095238095238,0.3333333333333333,0.3333333333333333,1.0,0.14285714285714285,0.0
GRB 250521C,7,4,0.5714285714285714,0.5,0.5,0.75,0.0,0.0
GRB 150831B,7,4,0.5,0.5,0.5,0.5,0.0,0.0
GRB 230707A,7,4,0.5357142857142857,0.5,0.5,0.75,0.0,0.0
IceCube-200421A,7,2,0.7857142857142857,1.0,0.5,1.0,0.5714285714285714,0.0
IceCube-191231A,7,2,0.7857142857142857,1.0,0.5,1.0,0.5714285714285714,0.0
GRB 170728A,7,4,0.42857142857142855,0.5,0.25,0.5,0.0,0.0
IceCube-200410A,7,2,0.7857142857142857,1.0,0.5,1.0,0.5714285714285714,0.0
GRB 170803A,7,4,0.5357142857142857,0.5,0.5,0.75,0.0,0.0
GRB 150722A,7,4,0.4642857142857143,0.5,0.25,0.5,0.0,0.0
GRB 250809A,7,4,0.4642857142857143,0.5,0.25,0.5,0.0,0.0
GRB 150702A,7,4,0.4642857142857143,0.5,0.25,0.5,0.0,0.0
GRB 091130B,7,4,0.5,0.5,0.5,0.5,0.0,0.0
GRB 170813A,7,4,0.5,0.5,0.5,0.5,0.0,0.0
GRB 091208A,7,4,0.42857142857142855,0.5,0.25,0.5,0.0,0.0
GRB 240504A,7,3,0.619047619047619,0.6666666666666666,0.3333333333333333,1.0,0.14285714285714285,0.0
LIGO/Virgo/KAGRA S250725j,7,2,0.6428571428571429,0.5,0.5,1.0,0.2857142857142857,0.0
IceCube-190712A,7,2,0.7142857142857143,0.5,0.5,1.0,0.42857142857142855,0.0
GRB 051111A,7,3,0.47619047619047616,0.3333333333333333,0.3333333333333333,0.6666666666666666,0.0,0.0
LIGO/Virgo S190808ae,7,5,0.31428571428571433,0.4,0.2,0.4,0.0,0.0
GRB 041016,7,2,0.9285714285714286,1.0,0.5,1.0,0.8571428571428571,0.0
GRB 230123A,7,4,0.4642857142857143,0.5,0.25,0.5,0.0,0.0
GRB 230827B,7,4,0.39285714285714285,0.25,0.25,0.75,0.0,0.0
IceCube-201014A,7,2,0.7142857142857143,0.5,0.5,1.0,0.42857142857142855,0.0
GRB 020317,7,3,0.5714285714285714,0.6666666666666666,0.3333333333333333,0.6666666666666666,0.0,0.0
GRB 180210A,7,4,0.5,0.5,0.25,0.75,0.0,0.0
GRB 051109,7,3,0.47619047619047616,0.3333333333333333,0.3333333333333333,0.6666666666666666,0.0,0.0
GRB 140818A,7,4,0.4642857142857143,0.5,0.25,0.75,0.0,0.0
GRB 250717B,7,3,0.619047619047619,0.6666666666666666,0.3333333333333333,0.6666666666666666,0.0,0.0
GRB 150202B,7,4,0.5357142857142857,0.5,0.25,0.75,0.0,0.0
GRB 170222A,7,3,0.5714285714285714,0.6666666666666666,0.3333333333333333,0.6666666666666666,0.0,0.0
GRB 200424A,7,5,0.4,0.4,0.2,0.6,0.0,0.0
GRB 200425A,7,4,0.5,0.5,0.25,0.75,0.0,0.0
GRB 140729A,7,3,0.5714285714285714,0.6666666666666666,0.3333333333333333,0.6666666666666666,0.0,0.0
GRB 010412,7,2,0.6428571428571429,0.5,0.5,1.0,0.2857142857142857,0.0
GRB 140719A,7,5,0.37142857142857144,0.4,0.2,0.4,0.0,0.0
GRB 201214A,7,5,0.37142857142857144,0.4,0.2,0.6,0.0,0.0
GRB 090429A,7,4,0.42857142857142855,0.5,0.25,0.5,0.0,0.0
GRB 050128,7,5,0.37142857142857144,0.4,0.2,0.8,0.0,0.0
GRB 051103,7,3,0.5238095238095238,0.6666666666666666,0.3333333333333333,0.6666666666666666,0.0,0.0
EP240806a,7,2,0.7857142857142857,1.0,0.5,1.0,0.5714285714285714,0.0
IceCube-180908A,7,3,0.5238095238095238,0.6666666666666666,0.3333333333333333,0.6666666666666666,0.0,0.0
EP240804a,7,3,0.619047619047619,0.6666666666666666,0.3333333333333333,1.0,0.14285714285714285,0.0
IceCube-190704A,7,3,0.5714285714285714,0.6666666666666666,0.3333333333333333,1.0,0.14285714285714285,0.0
GRB 171030A,7,4,0.5,0.5,0.25,0.75,0.0,0.0
GRB 151210A,7,5,0.42857142857142855,0.4,0.4,0.6,0.0,0.0
GRB 230325A,7,5,0.42857142857142855,0.4,0.4,0.6,0.0,0.0
EP240420a,7,2,0.7857142857142857,1.0,0.5,1.0,0.5714285714285714,0.0
GRB 170419A,7,4,0.4642857142857143,0.5,0.25,0.5,0.0,0.0
IceCube-200926B,7,2,0.7857142857142857,1.0,0.5,1.0,0.5714285714285714,0.0
GRB 240303B,7,2,0.7857142857142857,1.0,0.5,1.0,0.5714285714285714,0.0
EP240506a,7,1,1.0,1.0,1.0,1.0,1.0,0.0
GRB 170331A,7,4,0.4642857142857143,0.5,0.25,0.5,0.0,0.0
GRB 171115A,7,4,0.42857142857142855,0.5,0.25,0.5,0.0,0.0
GRB 250831A,7,4,0.5357142857142857,0.5,0.5,0.75,0.0,0.0
GRB 151228A,7,3,0.5238095238095238,0.6666666666666666,0.3333333333333333,0.6666666666666666,0.0,0.0
GRB 250902A,7,2,0.7142857142857143,0.5,0.5,1.0,0.42857142857142855,0.0
GRB 101117B,7,5,0.42857142857142855,0.4,0.2,0.6,0.0,0.0
IceCube-190221A,7,4,0.42857142857142855,0.5,0.25,0.5,0.0,0.0
GRB 050915B,7,5,0.4571428571428572,0.4,0.4,0.6,0.0,0.0
GRB 240606B,7,4,0.4642857142857143,0.5,0.25,0.75,0.0,0.0
GRB 100316C,7,5,0.4,0.4,0.2,0.6,0.0,0.0
GRB 201027A,7,4,0.42857142857142855,0.5,0.25,0.5,0.0,0.0
GRB 110818A,7,5,0.42857142857142855,0.4,0.4,0.6,0.0,0.0
GRB 210419A,7,4,0.5,0.5,0.25,0.75,0.0,0.0
GRB 110207A,7,4,0.4642857142857143,0.5,0.25,0.5,0.0,0.0
GRB 250202B,7,3,0.5714285714285714,0.6666666666666666,0.3333333333333333,0.6666666666666666,0.0,0.0
GRB 211025A,7,5,0.4571428571428572,0.4,0.4,0.6,0.0,0.0
GRB 220525A,7,3,0.619047619047619,0.6666666666666666,0.3333333333333333,1.0,0.14285714285714285,0.0
GRB 080130,7,4,0.4642857142857143,0.5,0.25,0.75,0.0,0.0
GRB 080123,7,5,0.37142857142857144,0.4,0.2,0.4,0.0,0.0
EP250908c,7,2,0.7857142857142857,1.0,0.5,1.0,0.5714285714285714,0.0
GRB 120213A,7,4,0.5,0.5,0.5,0.5,0.0,0.0
GRB 210520A,7,4,0.5,0.5,0.25,0.75,0.0,0.0
GRB 210930A,7,4,0.5357142857142857,0.5,0.5,0.75,0.0,0.0
GRB 110120A,7,3,0.5714285714285714,0.6666666666666666,0.3333333333333333,0.6666666666666666,0.0,0.0
GRB 241107A,7,2,0.8571428571428571,1.0,0.5,1.0,0.7142857142857143,0.0
GRB 250106A,7,5,0.42857142857142855,0.4,0.4,0.6,0.0,0.0
GRB 120121A,7,4,0.5,0.5,0.5,0.5,0.0,0.0
GRB 210413B,7,4,0.42857142857142855,0.5,0.25,0.5,0.0,0.0
GRB 071118,7,4,0.4642857142857143,0.5,0.25,0.75,0.0,0.0
GRB 090117,7,5,0.37142857142857144,0.4,0.2,0.6,0.0,0.0
EP250111a,7,2,0.7857142857142857,1.0,0.5,1.0,0.5714285714285714,0.0
GRB 130216B,7,4,0.35714285714285715,0.25,0.25,0.5,0.0,0.0
EP250905a,7,2,0.7142857142857143,0.5,0.5,1.0,0.42857142857142855,0.0
GRB 081215A,7,3,0.619047619047619,0.6666666666666666,0.3333333333333333,1.0,0.14285714285714285,0.0
GRB 220708A,7,4,0.4642857142857143,0.5,0.25,0.5,0.0,0.0
GRB 081211B,7,4,0.42857142857142855,0.5,0.25,0.5,0.0,0.0
GRB 260303A,7,4,0.4642857142857143,0.5,0.25,0.75,0.0,0.0
GRB 081001,7,4,0.39285714285714285,0.5,0.25,0.5,0.0,0.0
GRB 260228A,7,5,0.39999999999999997,0.4,0.2,0.6,0.0,0.0
GRB 111212A,7,4,0.4642857142857143,0.5,0.25,0.5,0.0,0.0
GRB 081011,7,5,0.42857142857142855,0.4,0.2,0.6,0.0,0.0
EP260618a,7,2,0.8571428571428571,1.0,0.5,1.0,0.7142857142857143,0.0
GRB 130327B,7,5,0.4,0.4,0.2,0.8,0.0,0.0
EP260409a,7,2,0.6428571428571429,0.5,0.5,1.0,0.2857142857142857,0.0
GRB 220506A,7,4,0.42857142857142855,0.5,0.25,0.75,0.0,0.0
GRB 081016B,7,4,0.5,0.5,0.5,0.5,0.0,0.0
GRB 260510B,7,4,0.42857142857142855,0.5,0.25,0.5,0.0,0.0
GRB 220302A,7,5,0.42857142857142855,0.4,0.2,0.6,0.0,0.0
GRB 080703,7,5,0.4,0.4,0.2,0.8,0.0,0.0
GRB 220222A,7,3,0.5714285714285714,0.6666666666666666,0.3333333333333333,1.0,0.14285714285714285,0.0
GRB 260428A,7,3,0.5714285714285714,0.6666666666666666,0.3333333333333333,1.0,0.14285714285714285,0.0
GRB 080625,7,4,0.42857142857142855,0.25,0.25,0.75,0.0,0.0
GRB 251209A,7,4,0.4642857142857143,0.5,0.25,0.75,0.0,0.0
GRB 080714,7,5,0.4571428571428572,0.4,0.4,0.6,0.0,0.0
GRB 120612A,7,4,0.4642857142857143,0.5,0.25,0.5,0.0,0.0
GRB 120803A,7,4,0.42857142857142855,0.5,0.25,0.75,0.0,0.0
GRB 120803B,7,4,0.42857142857142855,0.5,0.25,0.5,0.0,0.0
EP260105a,7,2,0.7857142857142857,1.0,0.5,1.0,0.5714285714285714,0.0
GRB 250210A,7,3,0.619047619047619,0.6666666666666666,0.3333333333333333,1.0,0.14285714285714285,0.0
GRB 211229A,7,4,0.5,0.5,0.25,0.75,0.0,0.0
GRB 210506A,7,4,0.42857142857142855,0.5,0.25,0.75,0.0,0.0
EP260306a,7,2,0.7142857142857143,0.5,0.5,1.0,0.42857142857142855,0.0
GRB 110315A,7,4,0.5,0.5,0.5,0.5,0.0,0.0
GRB 241130A,7,2,0.7857142857142857,1.0,0.5,1.0,0.5714285714285714,0.0
GRB 081226,7,5,0.3428571428571429,0.4,0.2,0.4,0.0,0.0
GRB 110420A,7,5,0.4571428571428572,0.4,0.4,0.6,0.0,0.0
EP260324a,7,2,0.9285714285714286,1.0,0.5,1.0,0.8571428571428571,0.0
GRB 220408B,7,3,0.6666666666666666,0.6666666666666666,0.3333333333333333,1.0,0.14285714285714285,0.0
GRB 190928A,7,3,0.47619047619047616,0.3333333333333333,0.3333333333333333,0.6666666666666666,0.0,0.0
GRB 110428A,7,4,0.4642857142857143,0.5,0.25,0.75,0.0,0.0
GRB 211204C,7,3,0.619047619047619,0.6666666666666666,0.3333333333333333,1.0,0.14285714285714285,0.0
GRB 260321A,7,4,0.5,0.5,0.5,0.5,0.0,0.0
GRB 120927A,7,4,0.42857142857142855,0.5,0.25,0.5,0.0,0.0
GRB 121001A,7,5,0.4,0.4,0.4,0.4,0.0,0.0
GRB 241117A,7,3,0.6666666666666666,0.6666666666666666,0.3333333333333333,1.0,0.14285714285714285,0.0
EP251102a,7,2,0.7142857142857143,0.5,0.5,1.0,0.42857142857142855,0.0
GRB 250108A,7,5,0.42857142857142855,0.4,0.2,0.6,0.0,0.0
GRB 080702A,7,4,0.39285714285714285,0.5,0.25,0.5,0.0,0.0
GRB 130504C,7,4,0.5,0.5,0.25,0.75,0.0,0.0
GRB 210725B,7,4,0.5357142857142857,0.5,0.5,0.75,0.0,0.0
GRB 070911,7,5,0.39999999999999997,0.4,0.2,0.6,0.0,0.0
FRB 20250316A,7,3,0.5714285714285714,0.6666666666666666,0.3333333333333333,0.6666666666666666,0.0,0.0
EP250612a,7,4,0.5,0.5,0.25,1.0,0.14285714285714285,0.0
GRB 181222B,7,3,0.7619047619047619,0.6666666666666666,0.3333333333333333,1.0,0.42857142857142855,0.0
GRB 070913,7,5,0.4,0.4,0.2,0.6,0.0,0.0
GRB 181203A,7,5,0.4,0.4,0.4,0.4,0.0,0.0
EP250711a,7,3,0.6666666666666666,0.6666666666666666,0.3333333333333333,1.0,0.14285714285714285,0.0
GRB 260617A,7,3,0.5714285714285714,0.6666666666666666,0.3333333333333333,1.0,0.14285714285714285,0.0
GRB 110915B,7,4,0.5357142857142857,0.5,0.25,0.75,0.0,0.0
GRB 220813A,7,4,0.5714285714285714,0.5,0.5,0.75,0.0,0.0
GRB 190727B,7,2,1.0,1.0,1.0,1.0,1.0,0.0
GRB 130529A,7,4,0.4642857142857143,0.5,0.25,0.5,0.0,0.0
GRB 181202A,7,4,0.5357142857142857,0.5,0.5,0.75,0.0,0.0
GRB 210712A,7,4,0.4642857142857143,0.5,0.25,0.5,0.0,0.0
GRB 070810,7,4,0.4642857142857143,0.5,0.25,0.5,0.0,0.0
GRB 130504A,7,5,0.37142857142857144,0.4,0.2,0.6,0.0,0.0
GRB 110808A,7,4,0.5,0.5,0.25,0.75,0.0,0.0
GRB 190824A,7,4,0.5,0.5,0.5,0.5,0.0,0.0
EP250416a,7,3,0.47619047619047616,0.3333333333333333,0.3333333333333333,0.6666666666666666,0.0,0.0
GRB 130514B,7,4,0.4642857142857143,0.5,0.25,0.5,0.0,0.0
GRB 070805,7,6,0.4047619047619047,0.3333333333333333,0.3333333333333333,0.5,0.0,0.0
GRB 090831C,6,4,0.4583333333333333,0.5,0.25,0.75,0.0,0.0
GRB 170912B,6,4,0.5,0.5,0.5,0.5,0.0,0.0
GRB 161117B,6,4,0.5,0.5,0.5,0.5,0.0,0.0
EP250512a,6,3,0.7222222222222222,0.6666666666666666,0.3333333333333333,1.0,0.3333333333333333,0.0
GRB 150418A,6,4,0.5,0.5,0.25,0.75,0.0,0.0
GRB 161214A,6,4,0.5416666666666666,0.5,0.5,0.75,0.0,0.0
EP251212a,6,4,0.375,0.25,0.25,0.75,0.0,0.0
GRB 230418A,6,2,0.8333333333333334,1.0,0.5,1.0,0.6666666666666666,0.0
GRB 170912A,6,4,0.5,0.5,0.5,0.5,0.0,0.0
EP250227a,6,2,0.75,0.75,0.5,1.0,0.5,0.0
GRB 081204,6,5,0.46666666666666673,0.4,0.2,0.8,0.0,0.0
GRB 170906B,6,4,0.5,0.5,0.5,0.5,0.0,0.0
IceCube-191204A,6,2,0.8333333333333334,1.0,0.5,1.0,0.6666666666666666,0.0
GRB 160530A,6,4,0.5,0.5,0.25,1.0,0.16666666666666666,0.0
GRB 150710A,6,4,0.5,0.5,0.25,0.75,0.0,0.0
GRB 161218A,6,3,0.5555555555555555,0.6666666666666666,0.3333333333333333,0.6666666666666666,0.0,0.0
GRB 240411A,6,2,0.5833333333333334,0.5,0.5,1.0,0.16666666666666666,0.0
GRB 260320A,6,3,0.4444444444444444,0.3333333333333333,0.3333333333333333,0.6666666666666666,0.0,0.0
IceCube-220303A,6,4,0.4166666666666667,0.5,0.25,0.5,0.0,0.0
GRB 150626A,6,4,0.5,0.5,0.5,0.5,0.0,0.0
GRB 150616A,6,4,0.4583333333333333,0.5,0.25,0.5,0.0,0.0
GRB 150608A,6,4,0.4583333333333333,0.5,0.25,0.75,0.0,0.0
GRB 050406,6,4,0.5416666666666666,0.5,0.25,0.75,0.0,0.0
GRB 250516B,6,3,0.4444444444444444,0.3333333333333333,0.3333333333333333,0.6666666666666666,0.0,0.0
GRB 090823,6,4,0.5833333333333334,0.5,0.25,1.0,0.3333333333333333,0.0
GRB 160612A,6,3,0.5555555555555555,0.6666666666666666,0.3333333333333333,0.6666666666666666,0.0,0.0
GRB 200325A,6,2,0.8333333333333334,1.0,0.5,1.0,0.6666666666666666,0.0
GRB 230510B,6,2,0.75,0.75,0.5,1.0,0.5,0.0
GRB 211130A,6,4,0.5,0.5,0.25,0.75,0.0,0.0
GRB 080825B,6,4,0.4166666666666667,0.5,0.25,0.5,0.0,0.0
GRB 150513A,6,3,0.6666666666666666,0.6666666666666666,0.6666666666666666,0.6666666666666666,0.0,0.0
GRB 120328B,6,3,0.5555555555555555,0.6666666666666666,0.3333333333333333,0.6666666666666666,0.0,0.0
GRB 120401A,6,5,0.43333333333333335,0.4,0.4,0.6,0.0,0.0
GRB 110905A,6,4,0.5833333333333334,0.625,0.25,0.75,0.0,0.0
GRB 260407A,6,2,0.5833333333333334,0.5,0.5,1.0,0.16666666666666666,0.0
GRB 211219A,6,3,0.611111111111111,0.6666666666666666,0.3333333333333333,1.0,0.16666666666666666,0.0
EP251214a,6,3,0.4444444444444444,0.3333333333333333,0.3333333333333333,0.6666666666666666,0.0,0.0
LIGO/Virgo/KAGRA S250704ab,6,2,0.5833333333333334,0.5,0.5,1.0,0.16666666666666666,0.0
IceCube-221223A,6,3,0.4444444444444444,0.3333333333333333,0.3333333333333333,0.6666666666666666,0.0,0.0
GRB 160802A,6,2,0.75,0.75,0.5,1.0,0.5,0.0
GRB 200530A,6,3,0.6666666666666666,0.6666666666666666,0.3333333333333333,1.0,0.16666666666666666,0.0
GRB 260424B,6,2,0.75,0.75,0.5,1.0,0.5,0.0
GRB 240527B,6,5,0.4666666666666666,0.4,0.4,0.6,0.0,0.0
GRB 171103A,6,2,0.9166666666666666,1.0,0.5,1.0,0.8333333333333334,0.0
GRB 150101A,6,4,0.5,0.5,0.5,0.5,0.0,0.0
GRB 101114A,6,5,0.43333333333333335,0.4,0.2,0.6,0.0,0.0
GRB 141222A,6,4,0.5,0.5,0.25,0.75,0.0,0.0
GRB 190422A,6,4,0.5,0.5,0.5,0.5,0.0,0.0
IceCube-220907A,6,4,0.4166666666666667,0.375,0.25,0.75,0.0,0.0
GRB 141215A,6,4,0.5,0.5,0.25,0.75,0.0,0.0
GRB 080702B,6,5,0.4666666666666666,0.4,0.2,0.8,0.0,0.0
sb26021801,6,3,0.38888888888888884,0.3333333333333333,0.3333333333333333,0.6666666666666666,0.0,0.0
GRB 090607,6,4,0.4583333333333333,0.5,0.25,0.5,0.0,0.0
GRB 141205A,6,4,0.4166666666666667,0.5,0.25,0.5,0.0,0.0
GRB 250427A,6,5,0.5333333333333333,0.5,0.4,0.8,0.0,0.0
GRB 150123A,6,4,0.4583333333333333,0.5,0.25,0.5,0.0,0.0
GRB 050805B,6,4,0.5416666666666666,0.5,0.5,0.75,0.0,0.0
GRB 211216A,6,3,0.6666666666666666,0.6666666666666666,0.3333333333333333,1.0,0.16666666666666666,0.0
EP240408a,6,2,0.5833333333333334,0.5,0.5,1.0,0.16666666666666666,0.0
GRB 110903A,6,4,0.4583333333333333,0.5,0.25,0.5,0.0,0.0
GRB 201008A,6,4,0.5416666666666666,0.5,0.5,0.75,0.0,0.0
IceCube-251018A,6,4,0.375,0.375,0.25,0.5,0.0,0.0
GRB 150301A,6,5,0.39999999999999997,0.4,0.2,0.6,0.0,0.0
GRB 231205A,6,3,0.4444444444444444,0.3333333333333333,0.3333333333333333,0.6666666666666666,0.0,0.0
IceCube-190922A,6,2,0.8333333333333334,1.0,0.5,1.0,0.6666666666666666,0.0
IceCube-260708A,6,3,0.4444444444444444,0.3333333333333333,0.3333333333333333,0.6666666666666666,0.0,0.0
GRB 080727A,6,4,0.4166666666666667,0.5,0.25,0.5,0.0,0.0
GRB 161010A,6,5,0.39999999999999997,0.4,0.2,0.6,0.0,0.0
GRB 050726,6,4,0.4583333333333333,0.5,0.25,0.75,0.0,0.0
GRB 211229B,6,3,0.611111111111111,0.6666666666666666,0.3333333333333333,1.0,0.16666666666666666,0.0
GRB 160716A,6,4,0.5,0.5,0.5,0.5,0.0,0.0
EP251229a,6,2,0.5833333333333334,0.5,0.5,1.0,0.16666666666666666,0.0
EP250215a,6,4,0.5833333333333334,0.625,0.25,0.75,0.0,0.0
GRB 160720A,6,3,0.5555555555555555,0.6666666666666666,0.3333333333333333,0.6666666666666666,0.0,0.0
GRB 030823,6,2,0.6666666666666666,0.5,0.5,1.0,0.3333333333333333,0.0
GRB 150202A,6,4,0.4583333333333333,0.5,0.25,0.5,0.0,0.0
GRB 150710B,6,5,0.39999999999999997,0.4,0.2,0.6,0.0,0.0
GRB 231030B,6,3,0.6666666666666666,0.6666666666666666,0.3333333333333333,1.0,0.16666666666666666,0.0
GRB 161220A,6,4,0.4166666666666667,0.5,0.25,0.5,0.0,0.0
GRB 190718A,6,4,0.5,0.5,0.5,0.5,0.0,0.0
GRB 170306B,6,3,0.611111111111111,0.6666666666666666,0.3333333333333333,0.6666666666666666,0.0,0.0
GRB 210605B,6,4,0.5416666666666666,0.5,0.5,0.75,0.0,0.0
GRB 190706B,6,4,0.5,0.5,0.5,0.5,0.0,0.0
EP250901a,6,2,0.6666666666666666,0.5,0.5,1.0,0.3333333333333333,0.0
GRB 250530C,6,4,0.5,0.5,0.25,0.75,0.0,0.0
GRB 170131A,6,4,0.4583333333333333,0.5,0.25,0.5,0.0,0.0
GRB 110708A,6,5,0.3666666666666667,0.30000000000000004,0.2,0.8,0.0,0.0
GRB 240227A,6,3,0.5555555555555555,0.5,0.3333333333333333,1.0,0.16666666666666666,0.0
GRB 151212A,6,5,0.39999999999999997,0.4,0.2,0.6,0.0,0.0
GRB 200412A,6,3,0.6666666666666666,0.6666666666666666,0.3333333333333333,1.0,0.16666666666666666,0.0
GRB 170424A,6,3,0.6666666666666666,0.6666666666666666,0.3333333333333333,1.0,0.16666666666666666,0.0
GRB 111018A,6,4,0.4583333333333333,0.5,0.25,0.5,0.0,0.0
GRB 190630B,6,5,0.39999999999999997,0.4,0.2,0.6,0.0,0.0
GRB 230919A,6,2,0.9166666666666666,1.0,0.5,1.0,0.8333333333333334,0.0
GRB 160412A,6,4,0.4583333333333333,0.5,0.25,0.5,0.0,0.0
GRB 151122A,6,5,0.43333333333333335,0.4,0.4,0.6,0.0,0.0
GRB 151120A,6,5,0.4666666666666666,0.4,0.4,0.6,0.0,0.0
GRB 260307A,6,3,0.5,0.3333333333333333,0.3333333333333333,1.0,0.16666666666666666,0.0
GRB 160113A,6,4,0.4583333333333333,0.5,0.25,0.5,0.0,0.0
EP250802a,6,2,0.5833333333333334,0.5,0.5,1.0,0.16666666666666666,0.0
GRB 250620C,6,2,0.9166666666666666,1.0,0.5,1.0,0.8333333333333334,0.0
GRB 040903,6,3,0.5555555555555555,0.6666666666666666,0.3333333333333333,0.6666666666666666,0.0,0.0
IceCube-240327B,6,2,0.5833333333333334,0.5,0.5,1.0,0.16666666666666666,0.0
GRB 111109A,6,4,0.5,0.5,0.5,0.5,0.0,0.0
GRB 090814B,6,5,0.39999999999999997,0.4,0.2,0.6,0.0,0.0
GRB 260104A,6,4,0.5,0.5,0.25,0.75,0.0,0.0
GRB 210606B,6,2,0.75,0.75,0.5,1.0,0.5,0.0
GRB 250703A,6,3,0.5555555555555555,0.5,0.3333333333333333,1.0,0.16666666666666666,0.0
GRB 240125A,6,2,0.6666666666666666,0.5,0.5,1.0,0.3333333333333333,0.0
GRB 160216A,6,4,0.5,0.5,0.5,0.5,0.0,0.0
GRB 250602A,6,3,0.611111111111111,0.6666666666666666,0.3333333333333333,1.0,0.16666666666666666,0.0
GRB 160206A,6,4,0.4166666666666667,0.5,0.25,0.5,0.0,0.0
GRB 111129A,6,5,0.43333333333333335,0.4,0.4,0.6,0.0,0.0
GRB 090728,6,4,0.5,0.5,0.25,0.75,0.0,0.0
GRB 111201A,6,4,0.4583333333333333,0.5,0.25,0.75,0.0,0.0
GRB 200723A,6,4,0.5416666666666666,0.5,0.5,0.75,0.0,0.0
GRB 111205A,6,5,0.39999999999999997,0.4,0.2,0.6,0.0,0.0
GRB 040825B,6,4,0.4583333333333333,0.5,0.25,0.75,0.0,0.0
GRB 230913A,6,3,0.611111111111111,0.6666666666666666,0.3333333333333333,1.0,0.16666666666666666,0.0
IceCube-200921A,6,2,0.8333333333333334,1.0,0.5,1.0,0.6666666666666666,0.0
IceCube-211125A,6,2,0.75,0.75,0.5,1.0,0.5,0.0
GRB 170804A,6,4,0.5,0.5,0.25,0.75,0.0,0.0
GRB 170710B,6,3,0.611111111111111,0.6666666666666666,0.3333333333333333,0.6666666666666666,0.0,0.0
GRB 250117A,6,2,0.8333333333333334,1.0,0.5,1.0,0.6666666666666666,0.0
IceCube-200512A,6,2,0.75,0.75,0.5,1.0,0.5,0.0
GRB 240329A,6,3,0.611111111111111,0.6666666666666666,0.3333333333333333,1.0,0.16666666666666666,0.0
IceCube-200425A,6,2,0.8333333333333334,1.0,0.5,1.0,0.6666666666666666,0.0
GRB 230709C,6,2,0.9166666666666666,1.0,0.5,1.0,0.8333333333333334,0.0
GRB 190611A,6,4,0.5,0.5,0.5,0.5,0.0,0.0
GRB 080906,6,5,0.46666666666666673,0.4,0.2,0.8,0.0,0.0
GRB 240119A,6,3,0.611111111111111,0.6666666666666666,0.3333333333333333,1.0,0.16666666666666666,0.0
GRB 190606A,6,2,0.8333333333333334,1.0,0.5,1.0,0.6666666666666666,0.0
GRB 081105,6,3,0.5555555555555555,0.6666666666666666,0.3333333333333333,0.6666666666666666,0.0,0.0
GRB 230616A,6,3,0.611111111111111,0.6666666666666666,0.3333333333333333,0.6666666666666666,0.0,0.0
EP250308a,6,2,0.6666666666666666,0.5,0.5,1.0,0.3333333333333333,0.0
IceCube-200227A,6,2,0.75,0.75,0.5,1.0,0.5,0.0
GRB 170206B,6,4,0.4583333333333333,0.5,0.25,0.5,0.0,0.0
GRB 231106A,6,3,0.611111111111111,0.6666666666666666,0.3333333333333333,1.0,0.16666666666666666,0.0
IceCube-200120A,6,2,0.75,0.75,0.5,1.0,0.5,0.0
GRB 150724A,6,4,0.5,0.5,0.5,0.5,0.0,0.0
GRB 250204B,6,2,0.8333333333333334,1.0,0.5,1.0,0.6666666666666666,0.0
GRB 190611B,6,2,0.8333333333333334,1.0,0.5,1.0,0.6666666666666666,0.0
GRB 170101A,6,2,0.75,0.75,0.5,1.0,0.5,0.0
GRB 260312B,6,3,0.611111111111111,0.6666666666666666,0.3333333333333333,1.0,0.16666666666666666,0.0
GRB 150906B,6,2,0.6666666666666666,0.5,0.5,1.0,0.3333333333333333,0.0
IceCube-250406A,6,4,0.375,0.375,0.25,0.5,0.0,0.0
IceCube-200806A,6,2,0.75,0.75,0.5,1.0,0.5,0.0
GRB 240306A,6,3,0.6666666666666666,0.6666666666666666,0.3333333333333333,1.0,0.16666666666666666,0.0
GRB 081109A,6,4,0.375,0.375,0.25,0.5,0.0,0.0
GRB 200521A,6,2,0.5833333333333334,0.5,0.5,1.0,0.16666666666666666,0.0
GRB 250702A,6,2,0.75,0.75,0.5,1.0,0.5,0.0
GRB 021206,6,3,0.5,0.5,0.3333333333333333,0.6666666666666666,0.0,0.0
GRB 080916B,6,4,0.5416666666666666,0.5,0.5,0.75,0.0,0.0
IceCube-200614A,6,2,0.8333333333333334,1.0,0.5,1.0,0.6666666666666666,0.0
GRB 050123,6,3,0.5,0.5,0.3333333333333333,0.6666666666666666,0.0,0.0
GRB 170524B,6,5,0.46666666666666673,0.4,0.4,0.8,0.0,0.0
GRB 080915,6,5,0.4000000000000001,0.4,0.2,0.6,0.0,0.0
GRB 170526A,6,4,0.4583333333333333,0.5,0.25,0.5,0.0,0.0
GRB 170531A,6,4,0.4583333333333333,0.5,0.25,0.5,0.0,0.0
GRB 200630A,6,4,0.5,0.5,0.5,0.5,0.0,0.0
GRB 150912A,6,4,0.4583333333333333,0.5,0.25,0.5,0.0,0.0
GRB 050202,6,3,0.5555555555555555,0.6666666666666666,0.3333333333333333,0.6666666666666666,0.0,0.0
GRB 210318A,6,4,0.5416666666666666,0.5,0.5,0.75,0.0,0.0
GRB 230322B,6,4,0.5833333333333334,0.5,0.5,0.75,0.0,0.0
GRB 080121,6,5,0.3666666666666667,0.4,0.2,0.6,0.0,0.0
EP250125a,6,4,0.4166666666666667,0.375,0.25,0.75,0.0,0.0
GRB 990217,6,2,0.75,0.75,0.5,1.0,0.5,0.0
EP260602b,6,2,0.5833333333333334,0.5,0.5,1.0,0.16666666666666666,0.0
GRB 060708,6,4,0.4166666666666667,0.5,0.25,0.5,0.0,0.0
LIGO/Virgo/KAGRA S231113bw,6,2,0.5833333333333334,0.5,0.5,1.0,0.16666666666666666,0.0
GRB 000604,6,2,0.9166666666666666,1.0,0.5,1.0,0.8333333333333334,0.0
GRB 100724B,6,2,0.75,0.75,0.5,1.0,0.5,0.0
GRB 090123,6,4,0.5,0.5,0.25,0.75,0.0,0.0
GRB 140105A,6,4,0.5416666666666666,0.5,0.25,0.75,0.0,0.0
GRB 140104B,6,3,0.7222222222222222,0.6666666666666666,0.3333333333333333,1.0,0.3333333333333333,0.0
GRB 191027A,6,2,0.75,0.75,0.5,1.0,0.5,0.0
GRB 071028,6,3,0.5555555555555555,0.6666666666666666,0.3333333333333333,0.6666666666666666,0.0,0.0
GRB 060919,6,4,0.4583333333333333,0.5,0.25,0.5,0.0,0.0
GRB 251130B,6,3,0.611111111111111,0.6666666666666666,0.3333333333333333,1.0,0.16666666666666666,0.0
GRB 210324C,6,3,0.6666666666666666,0.6666666666666666,0.3333333333333333,1.0,0.16666666666666666,0.0
GRB 251028B,6,3,0.611111111111111,0.6666666666666666,0.3333333333333333,1.0,0.16666666666666666,0.0
LIGO/Virgo/KAGRA S230731an,6,2,0.75,0.75,0.5,1.0,0.5,0.0
GRB 260607A,6,5,0.4666666666666666,0.4,0.4,0.6,0.0,0.0
GRB 221023A,6,2,0.8333333333333334,1.0,0.5,1.0,0.6666666666666666,0.0
GRB 180718A,6,4,0.4166666666666667,0.5,0.25,0.5,0.0,0.0
GRB 071010A,6,3,0.4444444444444444,0.3333333333333333,0.3333333333333333,0.6666666666666666,0.0,0.0
GRB 090309,6,4,0.5,0.5,0.5,0.5,0.0,0.0
GRB 140211A,6,3,0.5,0.5,0.3333333333333333,0.6666666666666666,0.0,0.0
GRB 130211A,6,6,0.3611111111111111,0.3333333333333333,0.3333333333333333,0.5,0.0,0.0
EP260403a,6,2,0.75,0.75,0.5,1.0,0.5,0.0
EP241026b,6,2,0.8333333333333334,1.0,0.5,1.0,0.6666666666666666,0.0
GRB 080409,6,4,0.5416666666666666,0.5,0.5,0.75,0.0,0.0
GRB 220501A,6,3,0.611111111111111,0.6666666666666666,0.3333333333333333,0.6666666666666666,0.0,0.0
GRB 090419,6,5,0.4000000000000001,0.4,0.4,0.4,0.0,0.0
GRB 121102A,6,4,0.5,0.5,0.5,0.5,0.0,0.0
GRB 080315,6,5,0.43333333333333335,0.4,0.4,0.6,0.0,0.0
GRB 060211A,6,4,0.5,0.5,0.25,0.75,0.0,0.0
GRB 221206B,6,3,0.611111111111111,0.6666666666666666,0.3333333333333333,0.6666666666666666,0.0,0.0
GRB 060223B,6,5,0.46666666666666673,0.4,0.4,0.8,0.0,0.0
GRB 140509A,6,5,0.43333333333333335,0.4,0.4,0.6,0.0,0.0
GRB 100526B,6,5,0.43333333333333335,0.4,0.2,0.6,0.0,0.0
GRB 260512A,6,4,0.5,0.5,0.25,0.75,0.0,0.0
GRB 251014B,6,4,0.4583333333333333,0.5,0.25,0.5,0.0,0.0
GRB 060322,6,5,0.5333333333333333,0.4,0.4,0.8,0.0,0.0
GRB 220518A,6,4,0.5416666666666666,0.5,0.5,0.75,0.0,0.0
GRB 090410,6,2,0.6666666666666666,0.5,0.5,1.0,0.3333333333333333,0.0
GRB 250121A,6,2,0.9166666666666666,1.0,0.5,1.0,0.8333333333333334,0.0
GRB 001025,6,3,0.5,0.5,0.3333333333333333,0.6666666666666666,0.0,0.0
GRB 140330A,6,4,0.5,0.5,0.25,0.75,0.0,0.0
GRB 001018,6,3,0.5,0.5,0.3333333333333333,0.6666666666666666,0.0,0.0
GRB 090111,6,3,0.611111111111111,0.6666666666666666,0.3333333333333333,0.6666666666666666,0.0,0.0
GRB 180630A,6,4,0.5416666666666666,0.5,0.5,0.75,0.0,0.0
GRB 071008,6,4,0.5,0.5,0.25,0.75,0.0,0.0
GRB 090308,6,4,0.4166666666666667,0.5,0.25,0.5,0.0,0.0
GRB 221017A,6,3,0.5,0.5,0.3333333333333333,0.6666666666666666,0.0,0.0
GRB 260607B,6,2,0.9166666666666666,1.0,0.5,1.0,0.8333333333333334,0.0
GRB 130812A,6,4,0.4583333333333333,0.5,0.25,0.5,0.0,0.0
GRB 251113A,6,3,0.611111111111111,0.6666666666666666,0.3333333333333333,1.0,0.16666666666666666,0.0
GRB 101204A,6,4,0.5416666666666666,0.5,0.25,0.75,0.0,0.0
GRB 180924A,6,4,0.5,0.5,0.5,0.5,0.0,0.0
GRB 130725A,6,4,0.4583333333333333,0.5,0.25,0.5,0.0,0.0
GRB 251115A,6,4,0.5416666666666666,0.5,0.5,0.75,0.0,0.0
GRB 130513A,6,5,0.3666666666666667,0.4,0.2,0.6,0.0,0.0
GRB 070429A,6,4,0.5833333333333334,0.5,0.5,0.75,0.0,0.0
GRB 241002C,6,5,0.43333333333333335,0.4,0.2,0.8,0.0,0.0
GRB 070721A,6,5,0.43333333333333335,0.4,0.4,0.6,0.0,0.0
GRB 181013A,6,5,0.39999999999999997,0.4,0.2,0.6,0.0,0.0
EP241208a,6,3,0.4444444444444444,0.3333333333333333,0.3333333333333333,0.6666666666666666,0.0,0.0
GRB 130626A,6,6,0.38888888888888884,0.3333333333333333,0.3333333333333333,0.6666666666666666,0.0,0.0
GRB 220810A,6,5,0.43333333333333335,0.4,0.4,0.6,0.0,0.0
GRB 220910A,6,2,0.75,0.75,0.5,1.0,0.5,0.0
GRB 181023A,6,4,0.4583333333333333,0.5,0.25,0.5,0.0,0.0
GRB 070520A,6,3,0.5,0.5,0.3333333333333333,0.6666666666666666,0.0,0.0
GRB 210318B,6,3,0.611111111111111,0.6666666666666666,0.3333333333333333,0.6666666666666666,0.0,0.0
GRB 090217,6,3,0.5555555555555555,0.6666666666666666,0.3333333333333333,0.6666666666666666,0.0,0.0
GRB 210312B,6,4,0.5,0.5,0.25,1.0,0.16666666666666666,0.0
GRB 181028A,6,2,0.75,0.75,0.5,1.0,0.5,0.0
EP241119a,6,2,0.5833333333333334,0.5,0.5,1.0,0.16666666666666666,0.0
GRB 130816B,6,5,0.4000000000000001,0.4,0.4,0.4,0.0,0.0
GRB 130821A,6,3,0.5555555555555555,0.6666666666666666,0.3333333333333333,0.6666666666666666,0.0,0.0
GRB 210202A,6,3,0.6666666666666666,0.6666666666666666,0.3333333333333333,1.0,0.16666666666666666,0.0
GRB 240911A,6,4,0.5416666666666666,0.5,0.5,0.75,0.0,0.0
GRB 250312A,6,4,0.5,0.5,0.25,0.75,0.0,0.0
EP260626a,6,2,0.5833333333333334,0.5,0.5,1.0,0.16666666666666666,0.0
GRB 251125B,6,3,0.6666666666666666,0.6666666666666666,0.3333333333333333,1.0,0.3333333333333333,0.0
GRB 180727A,6,4,0.5,0.5,0.5,0.5,0.0,0.0
GRB 131029A,6,4,0.4583333333333333,0.5,0.25,0.5,0.0,0.0
GRB 061218,6,3,0.5555555555555555,0.6666666666666666,0.3333333333333333,0.6666666666666666,0.0,0.0
GRB 180728B,6,3,0.611111111111111,0.6666666666666666,0.3333333333333333,0.6666666666666666,0.0,0.0
GRB 131018B,6,4,0.5,0.5,0.5,0.5,0.0,0.0
GRB 131002B,6,4,0.4583333333333333,0.5,0.25,0.5,0.0,0.0
LIGO/Virgo/KAGRA S230904n,6,3,0.611111111111111,0.6666666666666666,0.3333333333333333,1.0,0.16666666666666666,0.0
GRB 191202A,6,2,0.9166666666666666,1.0,0.5,1.0,0.8333333333333334,0.0
GRB 130929A,6,4,0.5,0.5,0.5,0.5,0.0,0.0
GRB 070201,6,2,0.5833333333333334,0.5,0.5,1.0,0.16666666666666666,0.0
GRB 180823A,6,4,0.5,0.5,0.5,0.5,0.0,0.0
GRB 090305,6,5,0.4666666666666666,0.4,0.4,0.6,0.0,0.0
GRB 250308A,6,2,0.8333333333333334,1.0,0.5,1.0,0.6666666666666666,0.0
GRB 070209,6,3,0.7222222222222222,0.6666666666666666,0.3333333333333333,1.0,0.3333333333333333,0.0
GRB 130831B,6,4,0.4583333333333333,0.5,0.25,0.5,0.0,0.0
GRB 070309,6,5,0.5,0.5,0.4,0.6,0.0,0.0
GRB 251011A,6,3,0.6666666666666666,0.6666666666666666,0.3333333333333333,1.0,0.16666666666666666,0.0
IceCube-220822A,6,4,0.4166666666666667,0.375,0.25,0.75,0.0,0.0
GRB 180222A,6,4,0.5,0.5,0.5,0.5,0.0,0.0
GRB 221226A,6,3,0.611111111111111,0.6666666666666666,0.3333333333333333,1.0,0.16666666666666666,0.0
EP260316a,6,3,0.5,0.3333333333333333,0.3333333333333333,1.0,0.16666666666666666,0.0
GRB 220403C,6,3,0.611111111111111,0.6666666666666666,0.3333333333333333,0.6666666666666666,0.0,0.0
GRB 230304B,6,2,0.75,0.75,0.5,1.0,0.5,0.0
LIGO/Virgo/KAGRA S250207bg,6,1,1.0,1.0,1.0,1.0,1.0,0.0
GRB 220418B,6,3,0.6666666666666666,0.6666666666666666,0.6666666666666666,0.6666666666666666,0.0,0.0
GRB 120916A,6,2,0.8333333333333334,1.0,0.5,1.0,0.6666666666666666,0.0
GRB 230209B,6,3,0.611111111111111,0.6666666666666666,0.3333333333333333,1.0,0.16666666666666666,0.0
EP240802a,6,3,0.5,0.5,0.3333333333333333,0.6666666666666666,0.0,0.0
GRB 241204A,6,4,0.5,0.5,0.25,0.75,0.0,0.0
GRB 240624A,6,3,0.7777777777777777,0.6666666666666666,0.6666666666666666,1.0,0.3333333333333333,0.0
GRB 251001A,6,2,0.9166666666666666,1.0,0.5,1.0,0.8333333333333334,0.0
GRB 120919A,6,4,0.4583333333333333,0.5,0.25,0.5,0.0,0.0
GRB 220308A,6,2,0.75,0.75,0.5,1.0,0.5,0.0
GRB 051021B,6,4,0.5416666666666666,0.5,0.25,0.75,0.0,0.0
GRB 201128A,6,4,0.4583333333333333,0.5,0.25,0.5,0.0,0.0
EP260329a,6,2,0.5833333333333334,0.5,0.5,1.0,0.16666666666666666,0.0
EP240807a,6,3,0.5,0.5,0.3333333333333333,0.6666666666666666,0.0,0.0
GRB 021016,6,3,0.5555555555555555,0.6666666666666666,0.3333333333333333,0.6666666666666666,0.0,0.0
GRB 180311A,6,4,0.5,0.5,0.5,0.5,0.0,0.0
GRB 251006A,6,3,0.611111111111111,0.6666666666666666,0.3333333333333333,1.0,0.16666666666666666,0.0
GRB 110223B,6,5,0.43333333333333335,0.4,0.4,0.6,0.0,0.0
GRB 051117A,6,5,0.39999999999999997,0.4,0.2,0.6,0.0,0.0
GRB 250905A,6,4,0.4583333333333333,0.5,0.25,0.5,0.0,0.0
IceCube-170321A,6,3,0.5555555555555555,0.6666666666666666,0.3333333333333333,0.6666666666666666,0.0,0.0
EP250212a,6,2,0.6666666666666666,0.5,0.5,1.0,0.3333333333333333,0.0
GRB 260429A,6,3,0.611111111111111,0.6666666666666666,0.3333333333333333,1.0,0.16666666666666666,0.0
GRB 180331B,6,4,0.5,0.5,0.5,0.5,0.0,0.0
GRB 080701A,6,3,0.5,0.5,0.3333333333333333,0.6666666666666666,0.0,0.0
GRB 080602,6,3,0.611111111111111,0.6666666666666666,0.3333333333333333,0.6666666666666666,0.0,0.0
GRB 140620A,6,4,0.5,0.5,0.5,0.5,0.0,0.0
GRB 190326A,6,5,0.4000000000000001,0.4,0.2,0.6,0.0,0.0
GRB 020603,6,2,0.6666666666666666,0.5,0.5,1.0,0.3333333333333333,0.0
GRB 171212A,6,4,0.5833333333333334,0.5,0.5,0.75,0.0,0.0
GRB 110319B,6,5,0.39999999999999997,0.4,0.2,0.6,0.0,0.0
GRB 171211A,6,4,0.4583333333333333,0.5,0.25,0.5,0.0,0.0
IceCube-190124A,6,2,0.75,0.75,0.5,1.0,0.5,0.0
GRB 230204A,6,4,0.5416666666666666,0.5,0.5,0.75,0.0,0.0
GRB 140619A,6,4,0.5416666666666666,0.5,0.5,0.75,0.0,0.0
GRB 240627A,6,3,0.5,0.5,0.3333333333333333,0.6666666666666666,0.0,0.0
GRB 080426,6,4,0.4583333333333333,0.5,0.25,0.5,0.0,0.0
GRB 051105B,6,4,0.5416666666666666,0.5,0.5,0.75,0.0,0.0
EP260707a,5,2,0.6,0.5,0.5,1.0,0.2,0.0
GRB 201016A,5,2,0.9,1.0,0.5,1.0,0.8,0.0
GRB 200517A,5,4,0.55,0.5,0.25,0.75,0.0,0.0
GRB 181222A,5,2,0.8,1.0,0.5,1.0,0.6,0.0
LIGO/Virgo/KAGRA S250119cv,5,1,1.0,1.0,1.0,1.0,1.0,0.0
GRB 200228A,5,2,1.0,1.0,1.0,1.0,1.0,0.0
GRB 180113B,5,2,0.8,1.0,0.5,1.0,0.6,0.0
GRB 190823A,5,4,0.5,0.5,0.25,0.75,0.0,0.0
GRB 210622A,5,3,0.6666666666666666,0.6666666666666666,0.6666666666666666,0.6666666666666666,0.0,0.0
GRB 170207A,5,2,0.8,1.0,0.5,1.0,0.6,0.0
GRB 180818A,5,4,0.5,0.5,0.5,0.5,0.0,0.0
GRB 171227A,5,2,0.8,1.0,0.5,1.0,0.6,0.0
GRB 230911B,5,3,0.6,0.6666666666666666,0.3333333333333333,1.0,0.2,0.0
GRB 181227A,5,3,0.5333333333333333,0.6666666666666666,0.3333333333333333,0.6666666666666666,0.0,0.0
GRB 201207A,5,3,0.6,0.6666666666666666,0.3333333333333333,1.0,0.2,0.0
GRB 000326,5,2,0.7,0.5,0.5,1.0,0.4,0.0
GRB 170206A,5,2,0.8,1.0,0.5,1.0,0.6,0.0
GRB 210812A,5,4,0.5,0.5,0.25,0.75,0.0,0.0
GRB 000408,5,2,0.8,1.0,0.5,1.0,0.6,0.0
GRB 021008,5,2,0.6,0.5,0.5,1.0,0.2,0.0
GRB 190708B,5,4,0.5,0.5,0.25,0.75,0.0,0.0
GRB 200716B,5,3,0.6666666666666666,0.6666666666666666,0.3333333333333333,1.0,0.2,0.0
IceCube-260712A,5,3,0.5333333333333333,0.6666666666666666,0.3333333333333333,0.6666666666666666,0.0,0.0
GRB 200327A,5,2,0.8,1.0,0.5,1.0,0.6,0.0
GRB 220219A,5,2,0.8,1.0,0.5,1.0,0.6,0.0
GRB 210427A,5,3,0.6,0.6666666666666666,0.3333333333333333,1.0,0.2,0.0
GRB 000126,5,2,0.8,1.0,0.5,1.0,0.6,0.0
IceCube-230708A,5,2,0.7,0.5,0.5,1.0,0.4,0.0
LIGO/Virgo GW170817,5,5,0.76,0.8,0.6,0.8,0.0,0.0
GRB 181011A,5,2,0.6,0.5,0.5,1.0,0.2,0.0
GRB 210708A,5,4,0.5,0.5,0.5,0.5,0.0,0.0
GRB 231204A,5,2,0.7,0.5,0.5,1.0,0.4,0.0
EP240617a,5,4,0.4,0.5,0.25,0.5,0.0,0.0
GRB 220304A,5,3,0.7333333333333333,0.6666666666666666,0.6666666666666666,1.0,0.2,0.0
IceCube-230112A,5,2,0.6,0.5,0.5,1.0,0.2,0.0
sb25072103,5,4,0.4,0.25,0.25,0.75,0.0,0.0
GRB 210307A,5,4,0.45,0.5,0.25,0.5,0.0,0.0
GRB 200605A,5,3,0.6,0.6666666666666666,0.3333333333333333,1.0,0.2,0.0
GRB 220909A,5,3,0.6666666666666666,0.6666666666666666,0.6666666666666666,0.6666666666666666,0.0,0.0
GRB 231220A,5,4,0.5,0.5,0.5,0.5,0.0,0.0
GRB 210424B,5,2,0.7,0.5,0.5,1.0,0.4,0.0
EP240626a,5,1,1.0,1.0,1.0,1.0,1.0,0.0
IceCube-230724A,5,2,0.6,0.5,0.5,1.0,0.2,0.0
GRB 231123C,5,2,0.8,1.0,0.5,1.0,0.6,0.0
GRB 190720A,5,2,0.8,1.0,0.5,1.0,0.6,0.0
GRB 231122B,5,2,0.7,0.5,0.5,1.0,0.4,0.0
EP240416a,5,2,0.7,0.5,0.5,1.0,0.4,0.0
GRB 171022A,5,3,0.6666666666666666,0.6666666666666666,0.3333333333333333,1.0,0.2,0.0
GRB 171102A,5,2,0.8,1.0,0.5,1.0,0.6,0.0
GRB 210727A,5,2,0.7,0.5,0.5,1.0,0.4,0.0
EP260223a,5,1,1.0,1.0,1.0,1.0,1.0,0.0
GRB 171216A,5,4,0.5,0.5,0.5,0.5,0.0,0.0
GRB 220927A,5,3,0.6,0.6666666666666666,0.3333333333333333,1.0,0.2,0.0
GRB 191031A,5,3,0.6666666666666666,0.6666666666666666,0.6666666666666666,0.6666666666666666,0.0,0.0
GRB 161218B,5,2,0.8,1.0,0.5,1.0,0.6,0.0
GRB 201109A,5,3,0.6666666666666666,0.6666666666666666,0.3333333333333333,1.0,0.2,0.0
GRB 000131,5,2,0.7,0.5,0.5,1.0,0.4,0.0
LIGO/Virgo/KAGRA S240925n,5,1,1.0,1.0,1.0,1.0,1.0,0.0
GRB 230320B,5,2,0.8,1.0,0.5,1.0,0.6,0.0
EP250526a,5,2,0.7,0.5,0.5,1.0,0.4,0.0
EP241202b,5,3,0.5333333333333333,0.6666666666666666,0.3333333333333333,0.6666666666666666,0.0,0.0
GRB 171010B,5,4,0.55,0.5,0.5,0.75,0.0,0.0
GRB 210102C,5,3,0.8,0.6666666666666666,0.6666666666666666,1.0,0.4,0.0
GRB 221022A,5,3,0.6666666666666666,0.6666666666666666,0.6666666666666666,0.6666666666666666,0.0,0.0
GRB 200114A,5,3,0.6,0.6666666666666666,0.3333333333333333,0.6666666666666666,0.0,0.0
GRB 180510A,5,4,0.45,0.5,0.25,0.5,0.0,0.0
GRB 170629A,5,3,0.6666666666666666,0.6666666666666666,0.6666666666666666,0.6666666666666666,0.0,0.0
IceCube-251218A,5,2,0.6,0.5,0.5,1.0,0.2,0.0
IceCube-250708A,5,2,0.6,0.5,0.5,1.0,0.2,0.0
GRB 001105,5,2,0.6,0.5,0.5,1.0,0.2,0.0
GRB 221126A,5,2,0.9,1.0,0.5,1.0,0.8,0.0
GRB 210515C,5,4,0.45,0.5,0.25,0.5,0.0,0.0
GRB 211019A,5,3,0.6,0.6666666666666666,0.3333333333333333,1.0,0.2,0.0
GRB 220528A,5,2,0.8,1.0,0.5,1.0,0.6,0.0
LIGO/Virgo S230518h,5,5,0.4,0.4,0.2,0.6,0.0,0.0
GRB 200826B,5,3,0.6666666666666666,0.6666666666666666,0.3333333333333333,1.0,0.2,0.0
GRB 230426A,5,3,0.6,0.6666666666666666,0.3333333333333333,0.6666666666666666,0.0,0.0
GRB 200111A,5,2,0.7,0.5,0.5,1.0,0.4,0.0
GRB 211018A,5,3,0.6,0.6666666666666666,0.3333333333333333,0.6666666666666666,0.0,0.0
GRB 001007,5,2,0.7,0.5,0.5,1.0,0.4,0.0
GRB 021125,5,2,0.7,0.5,0.5,1.0,0.4,0.0
EP260502a,5,1,1.0,1.0,1.0,1.0,1.0,0.0
IceCube-250416A,5,3,0.4666666666666666,0.3333333333333333,0.3333333333333333,0.6666666666666666,0.0,0.0
GRB 200313A,5,2,0.9,1.0,0.5,1.0,0.8,0.0
IceCube-251210A,5,2,0.6,0.5,0.5,1.0,0.2,0.0
EP250228a,5,2,0.7,0.5,0.5,1.0,0.4,0.0
GRB 180425A,5,4,0.5,0.5,0.5,0.5,0.0,0.0
EP260405a,5,2,0.7,0.5,0.5,1.0,0.4,0.0
IceCube-251025A,5,2,0.6,0.5,0.5,1.0,0.2,0.0
GRB 211120A,5,2,0.7,0.5,0.5,1.0,0.4,0.0
GRB 211107B,5,4,0.55,0.5,0.5,0.75,0.0,0.0
GRB 200903A,5,2,0.9,1.0,0.5,1.0,0.8,0.0
GRB 221218A,5,2,0.6,0.5,0.5,1.0,0.2,0.0
GRB 221215A,5,3,0.6666666666666666,0.6666666666666666,0.6666666666666666,0.6666666666666666,0.0,0.0
LIGO/Virgo/KAGRA S250114ax,5,1,1.0,1.0,1.0,1.0,1.0,0.0
GRB 180331A,5,4,0.5,0.5,0.5,0.5,0.0,0.0
LIGO/Virgo/KAGRA S251105aj,5,4,0.5,0.5,0.25,0.75,0.0,0.0
GRB 201218A,5,3,0.6666666666666666,0.6666666666666666,0.3333333333333333,1.0,0.2,0.0
GRB 230622A,5,4,0.5,0.5,0.25,0.75,0.0,0.0
GRB 001204,5,2,0.6,0.5,0.5,1.0,0.2,0.0
GRB 230623A,5,4,0.45,0.5,0.25,0.5,0.0,0.0
GRB 220423A,5,2,0.6,0.5,0.5,1.0,0.2,0.0
GRB 200901B,5,4,0.5,0.5,0.5,0.5,0.0,0.0
EP260417a,5,3,0.5333333333333333,0.6666666666666666,0.3333333333333333,0.6666666666666666,0.0,0.0
EP260512a,5,2,0.6,0.5,0.5,1.0,0.2,0.0
GRB 221029A,5,2,0.8,1.0,0.5,1.0,0.6,0.0
GRB 190110A,5,2,0.9,1.0,0.5,1.0,0.8,0.0
EP250807a,5,2,0.6,0.5,0.5,1.0,0.2,0.0
IceCube-260704A,5,3,0.4,0.3333333333333333,0.3333333333333333,0.6666666666666666,0.0,0.0
GRB 200422A,5,3,0.6,0.6666666666666666,0.3333333333333333,0.6666666666666666,0.0,0.0
IceCube-240721A,5,3,0.4666666666666666,0.3333333333333333,0.3333333333333333,0.6666666666666666,0.0,0.0
GRB 190515A,5,2,0.8,1.0,0.5,1.0,0.6,0.0
XRF 090702,5,5,0.36,0.4,0.2,0.6,0.0,0.0
EP250831a,5,3,0.5333333333333333,0.3333333333333333,0.3333333333333333,1.0,0.2,0.0
GRB 180218A,5,2,0.8,1.0,0.5,1.0,0.6,0.0
EP251214b,5,2,0.7,0.5,0.5,1.0,0.4,0.0
GRB 180718B,5,4,0.5,0.5,0.5,0.5,0.0,0.0
GRB 180626C,5,3,0.6666666666666666,0.6666666666666666,0.3333333333333333,1.0,0.2,0.0
GRB 230911A,5,5,0.44000000000000006,0.4,0.4,0.6,0.0,0.0
EP260402a,5,2,1.0,1.0,1.0,1.0,1.0,0.0
GRB 170219A,5,2,0.7,0.5,0.5,1.0,0.4,0.0
EP251221a,5,2,0.6,0.5,0.5,1.0,0.2,0.0
GRB 220311A,5,4,0.5,0.5,0.25,0.75,0.0,0.0
GRB 220310C,5,3,0.6666666666666666,0.6666666666666666,0.6666666666666666,0.6666666666666666,0.0,0.0
LIGO/Virgo/KAGRA S230802aq,5,2,0.7,0.5,0.5,1.0,0.4,0.0
GRB 180722A,5,4,0.45,0.5,0.25,0.5,0.0,0.0
GRB 190117A,5,2,0.7,0.5,0.5,1.0,0.4,0.0
IceCube-260610A,5,3,0.4666666666666666,0.3333333333333333,0.3333333333333333,0.6666666666666666,0.0,0.0
IceCube-241127A,5,3,0.4666666666666666,0.3333333333333333,0.3333333333333333,0.6666666666666666,0.0,0.0
EP-WXT trigger 01709176612,5,2,0.6,0.5,0.5,1.0,0.2,0.0
GRB 030204,5,2,0.7,0.5,0.5,1.0,0.4,0.0
EP260601a,5,3,0.5333333333333333,0.6666666666666666,0.3333333333333333,0.6666666666666666,0.0,0.0
GRB 170516A,5,4,0.5,0.5,0.5,0.5,0.0,0.0
GRB 191017B,5,4,0.5,0.5,0.5,0.5,0.0,0.0
GRB 220411A,5,3,0.6666666666666666,0.6666666666666666,0.3333333333333333,1.0,0.2,0.0
GRB 010326,5,3,0.6,0.6666666666666666,0.3333333333333333,0.6666666666666666,0.0,0.0
GRB 210524A,5,3,0.6666666666666666,0.6666666666666666,0.3333333333333333,1.0,0.2,0.0
EP240816b,5,2,0.7,0.5,0.5,1.0,0.4,0.0
GRB 230102A,5,2,0.8,1.0,0.5,1.0,0.6,0.0
GRB 190404C,5,5,0.4,0.4,0.2,0.6,0.0,0.0
IceCube-250207A,5,3,0.4666666666666666,0.3333333333333333,0.3333333333333333,0.6666666666666666,0.0,0.0
GRB 210528A,5,3,0.7333333333333333,0.6666666666666666,0.6666666666666666,1.0,0.2,0.0
GRB 010629,5,3,0.6,0.6666666666666666,0.3333333333333333,0.6666666666666666,0.0,0.0
GRB 210605A,5,3,0.6,0.6666666666666666,0.3333333333333333,1.0,0.2,0.0
GRB 200311A,5,2,0.8,1.0,0.5,1.0,0.6,0.0
GRB 200416A,5,5,0.4800000000000001,0.4,0.4,0.8,0.0,0.0
IceCube-241224A,5,3,0.4666666666666666,0.3333333333333333,0.3333333333333333,0.6666666666666666,0.0,0.0
EP240702a,5,1,1.0,1.0,1.0,1.0,1.0,0.0
IceCube-210811A,5,2,0.7,0.5,0.5,1.0,0.4,0.0
GRB 070124,5,3,0.5333333333333333,0.6666666666666666,0.3333333333333333,0.6666666666666666,0.0,0.0
GRB 150907A,5,5,0.4,0.4,0.2,0.6,0.0,0.0
GRB 060102,5,4,0.45,0.5,0.25,0.75,0.0,0.0
GRB 251203A,5,2,0.8,1.0,0.5,1.0,0.6,0.0
GRB 080408,5,5,0.4,0.4,0.2,0.6,0.0,0.0
GRB 110107A,5,5,0.44000000000000006,0.4,0.2,0.6,0.0,0.0
GRB 240727B,5,3,0.6666666666666666,0.6666666666666666,0.6666666666666666,0.6666666666666666,0.0,0.0
GRB 110112B,5,4,0.5,0.5,0.25,0.75,0.0,0.0
GRB 251208A,5,2,0.8,1.0,0.5,1.0,0.6,0.0
GRB 250213A,5,5,0.4,0.4,0.4,0.4,0.0,0.0
GRB 110319A,5,4,0.5,0.5,0.5,0.5,0.0,0.0
IceCube-160427A,5,3,0.4666666666666666,0.3333333333333333,0.3333333333333333,0.6666666666666666,0.0,0.0
IceCube-160731A,5,3,0.5333333333333333,0.6666666666666666,0.3333333333333333,0.6666666666666666,0.0,0.0
GRB 151107B,5,3,0.5333333333333333,0.3333333333333333,0.3333333333333333,1.0,0.2,0.0
GRB 260506B,5,2,0.8,1.0,0.5,1.0,0.6,0.0
GRB 251213A,5,2,0.7,0.5,0.5,1.0,0.4,0.0
GRB 150925A,5,4,0.5,0.5,0.5,0.5,0.0,0.0
GRB 080515,5,4,0.45,0.5,0.25,0.5,0.0,0.0
GRB 080517,5,4,0.5,0.5,0.5,0.5,0.0,0.0
GRB 240720A,5,3,0.7333333333333333,0.6666666666666666,0.6666666666666666,1.0,0.2,0.0
GRB 240317B,5,3,0.7333333333333333,0.6666666666666666,0.6666666666666666,1.0,0.2,0.0
GRB 080603,5,4,0.45,0.5,0.25,0.75,0.0,0.0
GRB 110604A,5,4,0.55,0.5,0.25,1.0,0.2,0.0
GRB 080211,5,4,0.4,0.5,0.25,0.5,0.0,0.0
GRB 101201A,5,5,0.4,0.4,0.2,0.6,0.0,0.0
GRB 101123A,5,3,0.6,0.6666666666666666,0.3333333333333333,0.6666666666666666,0.0,0.0
GRB 090306B,5,4,0.55,0.5,0.25,0.75,0.0,0.0
GRB 251105A,5,3,0.7333333333333333,0.6666666666666666,0.6666666666666666,1.0,0.2,0.0
GRB 250312B,5,3,0.6666666666666666,0.6666666666666666,0.3333333333333333,1.0,0.2,0.0
GRB 251105B,5,3,0.6,0.6666666666666666,0.3333333333333333,0.6666666666666666,0.0,0.0
GRB 121225B,5,2,0.8,1.0,0.5,1.0,0.6,0.0
GRB 060312,5,4,0.55,0.5,0.5,0.75,0.0,0.0
IceCube-210516A,5,2,0.8,1.0,0.5,1.0,0.6,0.0
GRB 240810A,5,3,0.6666666666666666,0.6666666666666666,0.3333333333333333,1.0,0.2,0.0
GRB 240213A,5,3,0.6,0.6666666666666666,0.3333333333333333,1.0,0.2,0.0
GRB 250311A,5,3,0.6666666666666666,0.6666666666666666,0.6666666666666666,0.6666666666666666,0.0,0.0
GRB 060223,5,5,0.44000000000000006,0.4,0.2,0.6,0.0,0.0
GRB 140621A,5,3,0.5333333333333333,0.6666666666666666,0.3333333333333333,0.6666666666666666,0.0,0.0
GRB 160117A,5,5,0.44000000000000006,0.4,0.4,0.6,0.0,0.0
GRB 241108A,5,4,0.5,0.5,0.5,0.5,0.0,0.0
GRB 140529A,5,5,0.36,0.4,0.2,0.6,0.0,0.0
GRB 100924A,5,4,0.5,0.5,0.25,0.75,0.0,0.0
GRB 250226B,5,3,0.7333333333333333,0.6666666666666666,0.6666666666666666,1.0,0.2,0.0
GRB 240802A,5,3,0.7333333333333333,0.6666666666666666,0.6666666666666666,1.0,0.2,0.0
GRB 101020A,5,4,0.5,0.5,0.25,0.75,0.0,0.0
GRB 140619B,5,3,0.5333333333333333,0.6666666666666666,0.3333333333333333,0.6666666666666666,0.0,0.0
GRB 260522A,5,3,0.6666666666666666,0.6666666666666666,0.3333333333333333,1.0,0.2,0.0
GRB 250201A,5,2,0.9,1.0,0.5,1.0,0.8,0.0
GRB 240318A,5,3,0.6666666666666666,0.6666666666666666,0.3333333333333333,1.0,0.2,0.0
GRB 251025A,5,3,0.6,0.6666666666666666,0.3333333333333333,0.6666666666666666,0.0,0.0
GRB 240712A,5,4,0.45,0.5,0.25,0.5,0.0,0.0
IceCube-190331A,5,4,0.4,0.5,0.25,0.5,0.0,0.0
GRB 111215B,5,4,0.4,0.5,0.25,0.5,0.0,0.0
GRB 250107C,5,2,0.7,0.5,0.5,1.0,0.4,0.0
GRB 260303B,5,4,0.55,0.5,0.5,0.75,0.0,0.0
GRB 120107A,5,2,0.8,1.0,0.5,1.0,0.6,0.0
GRB 250107A,5,2,0.9,1.0,0.5,1.0,0.8,0.0
GRB 240603A,5,2,0.7,0.5,0.5,1.0,0.4,0.0
IceCube-191215A,5,2,0.8,1.0,0.5,1.0,0.6,0.0
GRB 080919,5,4,0.45,0.5,0.25,0.5,0.0,0.0
GRB 240415B,5,3,0.6,0.6666666666666666,0.3333333333333333,0.6666666666666666,0.0,0.0
GRB 050509A,5,4,0.5,0.5,0.25,0.75,0.0,0.0
GRB 050822,5,4,0.5,0.5,0.5,0.5,0.0,0.0
GRB 050819,5,4,0.55,0.5,0.5,0.75,0.0,0.0
GRB 150402A,5,4,0.55,0.5,0.5,0.75,0.0,0.0
GRB 120226A,5,3,0.6666666666666666,0.6666666666666666,0.3333333333333333,1.0,0.2,0.0
GRB 241215A,5,3,0.4666666666666666,0.3333333333333333,0.3333333333333333,0.6666666666666666,0.0,0.0
GRB 080802,5,4,0.45,0.5,0.25,0.5,0.0,0.0
GRB 260318A,5,3,0.6,0.6666666666666666,0.3333333333333333,1.0,0.2,0.0
GRB 120316A,5,2,0.8,1.0,0.5,1.0,0.6,0.0
GRB 120323A,5,3,0.6,0.6666666666666666,0.3333333333333333,0.6666666666666666,0.0,0.0
GRB 050721A,5,4,0.55,0.5,0.5,0.75,0.0,0.0
GRB 141104A,5,4,0.5,0.5,0.25,0.75,0.0,0.0
GRB 141102A,5,2,0.8,1.0,0.5,1.0,0.6,0.0
GRB 050916,5,4,0.5,0.5,0.5,0.5,0.0,0.0
GRB 260115A,5,3,0.6666666666666666,0.6666666666666666,0.3333333333333333,1.0,0.2,0.0
GRB 241201A,5,3,0.6666666666666666,0.6666666666666666,0.3333333333333333,1.0,0.2,0.0
GRB 080613A,5,5,0.4,0.4,0.2,0.6,0.0,0.0
GRB 081211,5,5,0.48,0.4,0.4,0.6,0.0,0.0
GRB 241206A,5,4,0.55,0.5,0.5,0.75,0.0,0.0
GRB 050309,5,4,0.5,0.5,0.25,0.75,0.0,0.0
GRB 051105,5,3,0.6666666666666666,0.6666666666666666,0.6666666666666666,0.6666666666666666,0.0,0.0
GRB 260105B,5,3,0.7333333333333333,0.6666666666666666,0.6666666666666666,1.0,0.2,0.0
GRB 120711B,5,4,0.45,0.5,0.25,0.5,0.0,0.0
GRB 081127,5,4,0.5,0.5,0.5,0.5,0.0,0.0
GRB 150801B,5,4,0.5,0.5,0.5,0.5,0.0,0.0
GRB 150615A,5,4,0.5,0.5,0.5,0.5,0.0,0.0
GRB 241209C,5,3,0.7333333333333333,0.6666666666666666,0.6666666666666666,1.0,0.2,0.0
GRB 140927A,5,4,0.5,0.5,0.5,0.5,0.0,0.0
GRB 260125A,5,4,0.5,0.5,0.5,0.5,0.0,0.0
GRB 240619C,5,3,0.5333333333333333,0.6666666666666666,0.3333333333333333,0.6666666666666666,0.0,0.0
GRB 250116A,5,2,0.9,1.0,0.5,1.0,0.8,0.0
GRB 260130A,5,3,0.6,0.6666666666666666,0.3333333333333333,1.0,0.2,0.0
IceCube-171015A,5,2,0.8,1.0,0.5,1.0,0.6,0.0
GRB 131011A,5,4,0.5,0.5,0.25,0.75,0.0,0.0
IceCube-181023A,5,3,0.5333333333333333,0.6666666666666666,0.3333333333333333,0.6666666666666666,0.0,0.0
GRB 251027A,5,4,0.5,0.5,0.25,0.75,0.0,0.0
GRB 251116B,5,4,0.45,0.5,0.25,0.5,0.0,0.0
GRB 140414A,5,4,0.45,0.5,0.25,0.5,0.0,0.0
GRB 250902B,5,3,0.6666666666666666,0.6666666666666666,0.3333333333333333,1.0,0.2,0.0
GRB 091104,5,4,0.55,0.5,0.5,0.75,0.0,0.0
GRB 070517,5,4,0.5,0.5,0.5,0.5,0.0,0.0
GRB 131218A,5,4,0.5,0.5,0.25,0.75,0.0,0.0
GRB 090709,5,3,0.4666666666666666,0.3333333333333333,0.3333333333333333,0.6666666666666666,0.0,0.0
GRB 131224A,5,4,0.45,0.5,0.25,0.5,0.0,0.0
GRB 260704A,5,4,0.5,0.5,0.25,0.75,0.0,0.0
GRB 090708,5,3,0.6666666666666666,0.6666666666666666,0.6666666666666666,0.6666666666666666,0.0,0.0
GRB 070615,5,3,0.7333333333333333,0.6666666666666666,0.3333333333333333,1.0,0.4,0.0
GRB 250521B,5,5,0.44000000000000006,0.4,0.4,0.6,0.0,0.0
GRB 241013B,5,3,0.7333333333333333,0.6666666666666666,0.6666666666666666,1.0,0.2,0.0
GRB 060728,5,4,0.5,0.5,0.5,0.5,0.0,0.0
GRB 140118A,5,4,0.5,0.5,0.5,0.5,0.0,0.0
GRB 090626,5,2,0.8,1.0,0.5,1.0,0.6,0.0
GRB 250512B,5,4,0.7,0.75,0.5,0.75,0.0,0.0
GRB 130521A,5,4,0.45,0.5,0.25,0.5,0.0,0.0
GRB 241016B,5,3,0.7333333333333333,0.6666666666666666,0.6666666666666666,1.0,0.2,0.0
GRB 090621,5,4,0.45,0.5,0.25,0.5,0.0,0.0
GRB 240115B,5,3,0.7333333333333333,0.6666666666666666,0.6666666666666666,1.0,0.2,0.0
GRB 060428A,5,5,0.44000000000000006,0.4,0.2,0.6,0.0,0.0
GRB 250804B,5,3,0.5333333333333333,0.6666666666666666,0.3333333333333333,0.6666666666666666,0.0,0.0
GRB 241009A,5,4,0.45,0.5,0.25,0.75,0.0,0.0
GRB 090715A,5,3,0.5333333333333333,0.6666666666666666,0.3333333333333333,0.6666666666666666,0.0,0.0
GRB 160726A,5,2,0.9,1.0,0.5,1.0,0.8,0.0
GRB 250620A,5,2,1.0,1.0,1.0,1.0,1.0,0.0
GRB 240914A,5,4,0.5,0.5,0.5,0.5,0.0,0.0
GRB 240913C,5,3,0.6666666666666666,0.6666666666666666,0.3333333333333333,1.0,0.2,0.0
GRB 130807A,5,4,0.5,0.5,0.5,0.5,0.0,0.0
GRB 070402,5,2,0.6,0.5,0.5,1.0,0.2,0.0
GRB 070419,5,4,0.5,0.5,0.25,0.75,0.0,0.0
GRB 090915,5,5,0.4,0.4,0.2,0.6,0.0,0.0
GRB 061110,5,4,0.45,0.5,0.25,0.75,0.0,0.0
GRB 260710A,5,2,0.9,1.0,0.5,1.0,0.8,0.0
GRB 250728A,5,3,0.6,0.6666666666666666,0.3333333333333333,0.6666666666666666,0.0,0.0
GRB 130716A,5,2,0.8,1.0,0.5,1.0,0.6,0.0
GRB 250603A,5,4,0.5,0.5,0.5,0.5,0.0,0.0
IceCube-220513A,5,2,0.7,0.5,0.5,1.0,0.4,0.0
GRB 250711A,5,3,0.6666666666666666,0.6666666666666666,0.3333333333333333,1.0,0.2,0.0
GRB 070506,5,5,0.4800000000000001,0.4,0.2,0.8,0.0,0.0
GRB 241008A,5,3,0.7333333333333333,0.6666666666666666,0.6666666666666666,1.0,0.2,0.0
GRB 130623A,5,5,0.44000000000000006,0.4,0.4,0.6,0.0,0.0
GRB 250721A,5,3,0.6,0.6666666666666666,0.3333333333333333,0.6666666666666666,0.0,0.0
GRB 260608A,5,3,0.7333333333333333,0.6666666666666666,0.6666666666666666,1.0,0.2,0.0
GRB 990308,5,3,0.5333333333333333,0.6666666666666666,0.3333333333333333,0.6666666666666666,0.0,0.0
GRB 250321B,5,3,0.6,0.6666666666666666,0.3333333333333333,0.6666666666666666,0.0,0.0
GRB 071104,5,4,0.5,0.5,0.25,0.75,0.0,0.0
IceCube-211216B,5,2,0.8,1.0,0.5,1.0,0.6,0.0
GRB 100401A,5,4,0.45,0.5,0.25,0.75,0.0,0.0
GRB 100331B,5,4,0.4,0.25,0.25,0.75,0.0,0.0
GRB 251014D,5,5,0.4,0.4,0.2,0.6,0.0,0.0
GRB 031111,5,2,0.8,1.0,0.5,1.0,0.6,0.0
GRB 060421,5,4,0.4,0.5,0.25,0.5,0.0,0.0
IceCube-211123A,5,2,0.8,1.0,0.5,1.0,0.6,0.0
GRB 090408,5,3,0.4666666666666666,0.3333333333333333,0.3333333333333333,0.6666666666666666,0.0,0.0
GRB 250322B,5,3,0.5333333333333333,0.6666666666666666,0.3333333333333333,0.6666666666666666,0.0,0.0
GRB 090427,5,2,0.6,0.5,0.5,1.0,0.2,0.0
GRB 251023A,5,3,0.6666666666666666,0.6666666666666666,0.3333333333333333,1.0,0.2,0.0
GRB 100707A,5,2,0.8,1.0,0.5,1.0,0.6,0.0
IceCube-211116A,5,2,0.7,0.5,0.5,1.0,0.4,0.0
GRB 250330B,5,3,0.6,0.6666666666666666,0.3333333333333333,1.0,0.2,0.0
GRB 140412A,5,4,0.5,0.5,0.5,0.5,0.0,0.0
GRB 240118C,5,2,0.9,1.0,0.5,1.0,0.8,0.0
IceCube-211023A,5,2,0.7,0.5,0.5,1.0,0.4,0.0
GRB 180923A,4,3,0.49999999999999994,0.5,0.3333333333333333,0.6666666666666666,0.0,0.0
GRB 260417A,4,3,0.75,0.6666666666666666,0.6666666666666666,1.0,0.25,0.0
EP260526a,4,1,1.0,1.0,1.0,1.0,1.0,0.0
GRB 130219A,4,2,0.75,0.75,0.5,1.0,0.5,0.0
GRB 220912A,4,3,0.6666666666666666,0.6666666666666666,0.3333333333333333,1.0,0.25,0.0
GRB 220609B,4,2,0.75,0.75,0.5,1.0,0.5,0.0
GRB 220124A,4,2,0.75,0.75,0.5,1.0,0.5,0.0
EP260509a,4,2,0.625,0.5,0.5,1.0,0.25,0.0
GRB 241101A,4,3,0.75,0.6666666666666666,0.6666666666666666,1.0,0.25,0.0
GRB 080822,4,4,0.5625,0.5,0.5,0.75,0.0,0.0
GRB 220130A,4,2,0.75,0.75,0.5,1.0,0.5,0.0
GRB 220203A,4,2,0.75,0.75,0.5,1.0,0.5,0.0
GRB 211206A,4,2,0.875,1.0,0.5,1.0,0.75,0.0
GRB 120403A,4,3,0.6666666666666666,0.6666666666666666,0.6666666666666666,0.6666666666666666,0.0,0.0
GRB 211203A,4,3,0.75,0.6666666666666666,0.6666666666666666,1.0,0.25,0.0
GRB 220111A,4,3,0.75,0.6666666666666666,0.6666666666666666,1.0,0.25,0.0
GRB 220104A,4,3,0.6666666666666666,0.6666666666666666,0.3333333333333333,1.0,0.25,0.0
GRB 190510A,4,2,0.75,0.75,0.5,1.0,0.5,0.0
GRB 260415B,4,3,0.49999999999999994,0.5,0.3333333333333333,0.6666666666666666,0.0,0.0
GRB 190220B,4,3,0.5,0.5,0.3333333333333333,0.6666666666666666,0.0,0.0
GRB 260410B,4,2,0.875,1.0,0.5,1.0,0.75,0.0
GRB 120510A,4,4,0.5,0.5,0.25,0.75,0.0,0.0
GRB 240914B,4,2,0.875,1.0,0.5,1.0,0.75,0.0
GRB 260709A,4,2,0.875,1.0,0.5,1.0,0.75,0.0
GRB 190512A,4,2,1.0,1.0,1.0,1.0,1.0,0.0
GRB 240918B,4,2,0.875,1.0,0.5,1.0,0.75,0.0
EP260602d,4,1,1.0,1.0,1.0,1.0,1.0,0.0
GRB 190220A,4,4,0.5625,0.5,0.5,0.75,0.0,0.0
GRB 241213B,4,3,0.5,0.5,0.3333333333333333,0.6666666666666666,0.0,0.0
GRB 211225B,4,3,0.6666666666666666,0.6666666666666666,0.3333333333333333,1.0,0.25,0.0
GRB 000307,4,2,0.75,0.75,0.5,1.0,0.5,0.0
GRB 211223C,4,3,0.6666666666666666,0.6666666666666666,0.3333333333333333,1.0,0.25,0.0
GRB 241115B,4,3,0.75,0.6666666666666666,0.6666666666666666,1.0,0.25,0.0
GRB 220710A,4,5,0.45,0.4,0.4,0.6,0.0,0.0
EP260610a,4,2,0.625,0.5,0.5,1.0,0.25,0.0
GRB 190331A,4,2,0.875,1.0,0.5,1.0,0.75,0.0
GRB 130518B,4,3,0.6666666666666666,0.6666666666666666,0.3333333333333333,1.0,0.25,0.0
GRB 120821A,4,4,0.4375,0.5,0.25,0.5,0.0,0.0
GRB 070714A,4,4,0.5625,0.5,0.5,0.75,0.0,0.0
GRB 071001,4,3,0.5833333333333333,0.6666666666666666,0.3333333333333333,0.6666666666666666,0.0,0.0
GRB 120908A,4,2,0.875,1.0,0.5,1.0,0.75,0.0
GRB 130504B,4,2,0.75,0.75,0.5,1.0,0.5,0.0
GRB 181212A,4,2,0.75,0.75,0.5,1.0,0.5,0.0
GRB 120911B,4,2,0.875,1.0,0.5,1.0,0.75,0.0
GRB 190331B,4,4,0.5625,0.5,0.5,0.75,0.0,0.0
GRB 070925,4,4,0.5,0.5,0.25,0.75,0.0,0.0
GRB 220320A,4,2,0.75,0.75,0.5,1.0,0.5,0.0
GRB 220417A,4,3,0.75,0.6666666666666666,0.6666666666666666,1.0,0.25,0.0
LIGO/Virgo/KAGRA S231001aq,4,2,0.625,0.5,0.5,1.0,0.25,0.0
GRB 130425A,4,2,0.75,0.75,0.5,1.0,0.5,0.0
LIGO/Virgo/KAGRA S231020ba,4,2,0.625,0.5,0.5,1.0,0.25,0.0
GRB 190326B,4,2,0.875,1.0,0.5,1.0,0.75,0.0
GRB 190103A,4,2,0.75,0.75,0.5,1.0,0.5,0.0
GRB 080414,4,4,0.5,0.5,0.25,0.75,0.0,0.0
GRB 220711C,4,2,0.875,1.0,0.5,1.0,0.75,0.0
GRB 070923,4,2,0.75,0.75,0.5,1.0,0.5,0.0
GRB 181123A,4,2,1.0,1.0,1.0,1.0,1.0,0.0
GRB 181121A,4,2,0.75,0.75,0.5,1.0,0.5,0.0
GRB 080413,4,5,0.5,0.4,0.4,0.8,0.0,0.0
GRB 260629A,4,2,0.875,1.0,0.5,1.0,0.75,0.0
GRB 080122,4,2,0.625,0.5,0.5,1.0,0.25,0.0
GRB 260604A,4,2,0.75,0.75,0.5,1.0,0.5,0.0
GRB 241207B,4,3,0.75,0.6666666666666666,0.6666666666666666,1.0,0.25,0.0
EP260209a,4,2,0.625,0.5,0.5,1.0,0.25,0.0
GRB 120701A,4,5,0.45,0.4,0.4,0.6,0.0,0.0
GRB 220219B,4,4,0.5,0.5,0.5,0.5,0.0,0.0
GRB 241207A,4,3,0.6666666666666666,0.6666666666666666,0.3333333333333333,1.0,0.25,0.0
GRB 241013A,4,2,0.875,1.0,0.5,1.0,0.75,0.0
EP260430a,4,2,0.625,0.5,0.5,1.0,0.25,0.0
GRB 080701,4,3,0.6666666666666666,0.6666666666666666,0.6666666666666666,0.6666666666666666,0.0,0.0
GRB 241114B,4,2,0.625,0.5,0.5,1.0,0.25,0.0
GRB 130325A,4,2,1.0,1.0,1.0,1.0,1.0,0.0
GRB 220514B,4,3,0.5833333333333333,0.6666666666666666,0.3333333333333333,0.6666666666666666,0.0,0.0
GRB 260429B,4,4,0.625,0.625,0.5,0.75,0.0,0.0
GRB 121122A,4,2,0.75,0.75,0.5,1.0,0.5,0.0
GRB 220905A,4,3,0.6666666666666666,0.6666666666666666,0.3333333333333333,1.0,0.25,0.0
GRB 080229B,4,4,0.5,0.375,0.25,1.0,0.25,0.0
FRB 20251229A,4,1,1.0,1.0,1.0,1.0,1.0,0.0
GRB 120811B,4,2,0.75,0.75,0.5,1.0,0.5,0.0
IceCube-220627A,4,2,0.75,0.75,0.5,1.0,0.5,0.0
GRB 120402A,4,3,0.5,0.5,0.3333333333333333,0.6666666666666666,0.0,0.0
IceCube-220629A,4,2,0.75,0.75,0.5,1.0,0.5,0.0
GRB 211201A,4,3,0.6666666666666666,0.6666666666666666,0.3333333333333333,1.0,0.25,0.0
GRB 250910B,4,3,0.75,0.6666666666666666,0.6666666666666666,1.0,0.25,0.0
GRB 251013A,4,3,0.6666666666666666,0.6666666666666666,0.3333333333333333,1.0,0.25,0.0
GRB 251009A,4,2,0.75,0.75,0.5,1.0,0.5,0.0
GRB 200130B,4,2,0.875,1.0,0.5,1.0,0.75,0.0
GRB 201130A,4,3,0.6666666666666666,0.6666666666666666,0.3333333333333333,1.0,0.25,0.0
GRB 100331A,4,3,0.6666666666666666,0.6666666666666666,0.3333333333333333,1.0,0.25,0.0
GRB 250918A,4,3,0.75,0.6666666666666666,0.6666666666666666,1.0,0.25,0.0
GRB 201121A,4,3,0.6666666666666666,0.6666666666666666,0.3333333333333333,1.0,0.25,0.0
GRB 090531,4,2,0.75,0.75,0.5,1.0,0.5,0.0
GRB 260326A,4,2,0.75,0.75,0.5,1.0,0.5,0.0
EP240625a,4,2,0.625,0.5,0.5,1.0,0.25,0.0
GRB 250502B,4,3,0.75,0.6666666666666666,0.6666666666666666,1.0,0.25,0.0
GRB 100216A,4,4,0.4375,0.5,0.25,0.5,0.0,0.0
GRB 250830C,4,2,0.625,0.5,0.5,1.0,0.25,0.0
LIGO/Virgo/KAGRA S250331o,4,2,0.625,0.5,0.5,1.0,0.25,0.0
GRB 250830B,4,4,0.5,0.5,0.25,0.75,0.0,0.0
EP240413a,4,1,1.0,1.0,1.0,1.0,1.0,0.0
GRB 090417A,4,2,0.625,0.5,0.5,1.0,0.25,0.0
LIGO/Virgo/KAGRA S241231bg,4,1,1.0,1.0,1.0,1.0,1.0,0.0
LIGO/Virgo/KAGRA S241127aj,4,1,1.0,1.0,1.0,1.0,1.0,0.0
GRB 201228B,4,3,0.75,0.6666666666666666,0.6666666666666666,1.0,0.25,0.0
EP241206a,4,2,0.875,1.0,0.5,1.0,0.75,0.0
GRB 210212B,4,3,0.75,0.6666666666666666,0.6666666666666666,1.0,0.25,0.0
GRB 250302A,4,3,0.75,0.6666666666666666,0.6666666666666666,1.0,0.25,0.0
GRB 250305A,4,3,0.75,0.6666666666666666,0.6666666666666666,1.0,0.25,0.0
EP241115a,4,3,0.5833333333333333,0.6666666666666666,0.3333333333333333,0.6666666666666666,0.0,0.0
GRB 251112A,4,4,0.5,0.5,0.5,0.5,0.0,0.0
GRB 210208A,4,2,0.625,0.5,0.5,1.0,0.25,0.0
GRB 191213A,4,3,0.6666666666666666,0.6666666666666666,0.6666666666666666,0.6666666666666666,0.0,0.0
GRB 210124B,4,2,0.75,0.75,0.5,1.0,0.5,0.0
GRB 191218A,4,2,1.0,1.0,1.0,1.0,1.0,0.0
GRB 210121A,4,2,0.625,0.5,0.5,1.0,0.25,0.0
LIGO/Virgo/KAGRA S241114bi,4,2,0.625,0.5,0.5,1.0,0.25,0.0
GRB 251031A,4,2,1.0,1.0,1.0,1.0,1.0,0.0
EP241030a,4,4,0.6875,0.75,0.5,0.75,0.0,0.0
GRB 251023C,4,2,0.75,0.75,0.5,1.0,0.5,0.0
GRB 090621A,4,4,0.4375,0.5,0.25,0.5,0.0,0.0
GRB 250510A,4,3,0.6666666666666666,0.6666666666666666,0.6666666666666666,0.6666666666666666,0.0,0.0
LIGO/Virgo/KAGRA S250725l,4,3,0.5,0.5,0.3333333333333333,0.6666666666666666,0.0,0.0
GRB 090720,4,5,0.5,0.5,0.4,0.6,0.0,0.0
XRF 120118A,4,3,0.6666666666666666,0.6666666666666666,0.6666666666666666,0.6666666666666666,0.0,0.0
GRB 091003A,4,2,0.875,1.0,0.5,1.0,0.75,0.0
GRB 200713A,4,3,0.6666666666666666,0.6666666666666666,0.6666666666666666,0.6666666666666666,0.0,0.0
GRB 090916,4,3,0.5833333333333333,0.6666666666666666,0.3333333333333333,0.6666666666666666,0.0,0.0
GRB 200514A,4,2,0.625,0.5,0.5,1.0,0.25,0.0
sb25021804,4,3,0.49999999999999994,0.5,0.3333333333333333,0.6666666666666666,0.0,0.0
sb25042207,4,2,0.75,0.75,0.5,1.0,0.5,0.0
GRB 200701A,4,2,0.875,1.0,0.5,1.0,0.75,0.0
GRB 250628B,4,4,0.5,0.5,0.5,0.5,0.0,0.0
GRB 090831B,4,3,0.5833333333333333,0.5,0.3333333333333333,1.0,0.25,0.0
GRB 200629A,4,3,0.75,0.6666666666666666,0.6666666666666666,1.0,0.25,0.0
sb25061218,4,3,0.5,0.5,0.3333333333333333,0.6666666666666666,0.0,0.0
GRB 200625A,4,3,0.75,0.6666666666666666,0.6666666666666666,1.0,0.25,0.0
GRB 250627A,4,2,0.75,0.75,0.5,1.0,0.5,0.0
GRB 200623B,4,3,0.6666666666666666,0.6666666666666666,0.3333333333333333,1.0,0.25,0.0
GRB 200801B,4,3,0.75,0.6666666666666666,0.6666666666666666,1.0,0.25,0.0
GRB 200815A,4,3,0.49999999999999994,0.5,0.3333333333333333,0.6666666666666666,0.0,0.0
GRB 201010A,4,5,0.5,0.5,0.4,0.6,0.0,0.0
GRB 250527C,4,3,0.5833333333333333,0.6666666666666666,0.3333333333333333,0.6666666666666666,0.0,0.0
GRB 100119A,4,2,0.875,1.0,0.5,1.0,0.75,0.0
GRB 100116A,4,2,0.875,1.0,0.5,1.0,0.75,0.0
LIGO/Virgo/KAGRA S250813k,4,3,0.5,0.3333333333333333,0.3333333333333333,1.0,0.25,0.0
GRB 200928B,4,2,0.875,1.0,0.5,1.0,0.75,0.0
GRB 250510B,4,3,0.75,0.6666666666666666,0.6666666666666666,1.0,0.25,0.0
GRB 091230,4,5,0.45,0.4,0.4,0.6,0.0,0.0
GRB 200909A,4,3,0.75,0.6666666666666666,0.6666666666666666,1.0,0.25,0.0
LIGO/Virgo/KAGRA S251108fi,4,3,0.49999999999999994,0.5,0.3333333333333333,0.6666666666666666,0.0,0.0
GRB 250816A,4,3,0.6666666666666666,0.6666666666666666,0.3333333333333333,1.0,0.25,0.0
GRB 250521A,4,2,0.625,0.5,0.5,1.0,0.25,0.0
GRB 091120,4,2,0.75,0.75,0.5,1.0,0.5,0.0
GRB 091117A,4,3,0.49999999999999994,0.5,0.3333333333333333,0.6666666666666666,0.0,0.0
GRB 091112,4,2,0.875,1.0,0.5,1.0,0.75,0.0
GRB 091111,4,3,0.5833333333333333,0.5,0.3333333333333333,1.0,0.25,0.0
XRF 040812,4,4,0.5,0.5,0.25,0.75,0.0,0.0
GRB 251116D,4,2,0.75,0.75,0.5,1.0,0.5,0.0
GRB 251118C,4,3,0.9166666666666666,1.0,0.6666666666666666,1.0,0.75,0.0
GRB 191104C,4,3,0.75,0.6666666666666666,0.6666666666666666,1.0,0.25,0.0
GRB 260225D,4,2,0.625,0.5,0.5,1.0,0.25,0.0
GRB 260219A,4,3,0.6666666666666666,0.6666666666666666,0.3333333333333333,1.0,0.25,0.0
GRB 111208A,4,4,0.5,0.5,0.25,0.75,0.0,0.0
GRB 250107D,4,2,0.625,0.5,0.5,1.0,0.25,0.0
GRB 260208C,4,3,0.75,0.6666666666666666,0.6666666666666666,1.0,0.25,0.0
GRB 111103A,4,2,0.875,1.0,0.5,1.0,0.75,0.0
GRB 250113A,4,2,0.875,1.0,0.5,1.0,0.75,0.0
EP250730a,4,2,0.75,0.75,0.5,1.0,0.5,0.0
GRB 260207A,4,3,0.5833333333333333,0.6666666666666666,0.3333333333333333,0.6666666666666666,0.0,0.0
GRB 260206A,4,3,0.5833333333333333,0.6666666666666666,0.3333333333333333,0.6666666666666666,0.0,0.0
GRB 260128B,4,2,0.875,1.0,0.5,1.0,0.75,0.0
GRB 250119C,4,2,0.875,1.0,0.5,1.0,0.75,0.0
LIGO/Virgo/KAGRA S240615dg,4,3,0.5,0.5,0.3333333333333333,0.6666666666666666,0.0,0.0
GRB 110815A,4,3,0.5,0.5,0.3333333333333333,0.6666666666666666,0.0,0.0
GRB 190804B,4,4,0.5,0.5,0.25,0.75,0.0,0.0
GRB 250126A,4,2,0.75,0.75,0.5,1.0,0.5,0.0
GRB 190706C,4,2,0.625,0.5,0.5,1.0,0.25,0.0
GRB 081003B,4,4,0.5,0.5,0.5,0.5,0.0,0.0
GRB 210627B,4,3,0.6666666666666666,0.6666666666666666,0.3333333333333333,1.0,0.25,0.0
GRB 210827B,4,3,0.6666666666666666,0.6666666666666666,0.3333333333333333,1.0,0.25,0.0
EP251129a,4,3,0.6666666666666666,0.6666666666666666,0.6666666666666666,0.6666666666666666,0.0,0.0
EP251124b,4,2,0.625,0.5,0.5,1.0,0.25,0.0
EP251122a,4,3,0.5833333333333333,0.5,0.3333333333333333,1.0,0.25,0.0
GRB 211118A,4,2,0.875,1.0,0.5,1.0,0.75,0.0
GRB 190604A,4,2,0.875,1.0,0.5,1.0,0.75,0.0
GRB 260314A,4,3,0.5833333333333333,0.5,0.3333333333333333,1.0,0.25,0.0
GRB 211105A,4,3,0.49999999999999994,0.5,0.3333333333333333,0.6666666666666666,0.0,0.0
GRB 120229A,4,4,0.5,0.5,0.25,0.75,0.0,0.0
GRB 260313A,4,3,0.75,0.6666666666666666,0.6666666666666666,1.0,0.25,0.0
LIGO/Virgo/KAGRA S240505av,4,2,0.75,0.75,0.5,1.0,0.5,0.0
EP250919a,4,3,0.5833333333333333,0.6666666666666666,0.3333333333333333,0.6666666666666666,0.0,0.0
GRB 260310B,4,3,0.5833333333333333,0.5,0.3333333333333333,1.0,0.25,0.0
EP250908b,4,2,0.875,1.0,0.5,1.0,0.75,0.0
GRB 250101B,4,3,0.75,0.6666666666666666,0.6666666666666666,1.0,0.25,0.0
GRB 080922,4,4,0.4375,0.5,0.25,0.5,0.0,0.0
GRB 110807A,4,3,0.6666666666666666,0.6666666666666666,0.3333333333333333,1.0,0.25,0.0
GRB 190816A,4,4,0.5625,0.5,0.5,0.75,0.0,0.0
GRB 251121A,4,2,0.875,1.0,0.5,1.0,0.75,0.0
GRB 081226A,4,2,0.875,1.0,0.5,1.0,0.75,0.0
GRB 191001B,4,2,0.75,0.75,0.5,1.0,0.5,0.0
GRB 110406A,4,2,0.75,0.75,0.5,1.0,0.5,0.0
GRB 191009A,4,2,0.875,1.0,0.5,1.0,0.75,0.0
GRB 200608A,4,3,0.6666666666666666,0.6666666666666666,0.3333333333333333,1.0,0.25,0.0
GRB 251208C,4,3,0.6666666666666666,0.6666666666666666,0.3333333333333333,1.0,0.25,0.0
EP250207a,4,4,0.5,0.5,0.25,0.75,0.0,0.0
LIGO/Virgo/KAGRA S240910ci,4,1,1.0,1.0,1.0,1.0,1.0,0.0
LIGO/Virgo/KAGRA S240915b,4,1,1.0,1.0,1.0,1.0,1.0,0.0
GRB 191025B,4,2,0.75,0.75,0.5,1.0,0.5,0.0
GRB 210401A,4,3,0.6666666666666666,0.6666666666666666,0.3333333333333333,1.0,0.25,0.0
GRB 210328A,4,2,0.875,1.0,0.5,1.0,0.75,0.0
GRB 251129B,4,2,0.625,0.5,0.5,1.0,0.25,0.0
GRB 251127A,4,3,0.6666666666666666,0.6666666666666666,0.3333333333333333,1.0,0.25,0.0
GRB 210323B,4,3,0.6666666666666666,0.6666666666666666,0.6666666666666666,0.6666666666666666,0.0,0.0
EP241223a,4,2,0.75,0.75,0.5,1.0,0.5,0.0
GRB 081226B,4,3,0.6666666666666666,0.6666666666666666,0.3333333333333333,1.0,0.25,0.0
GRB 110426A,4,4,0.4375,0.5,0.25,0.5,0.0,0.0
EP250402a,4,1,1.0,1.0,1.0,1.0,1.0,0.0
GRB 081224,4,4,0.4375,0.5,0.25,0.5,0.0,0.0
LIGO/Virgo/KAGRA S240629by,4,2,0.625,0.5,0.5,1.0,0.25,0.0
EP250321A,4,2,0.875,1.0,0.5,1.0,0.75,0.0
GRB 190828C,4,2,1.0,1.0,1.0,1.0,1.0,0.0
GRB 110705A,4,2,0.75,0.75,0.5,1.0,0.5,0.0
GRB 210531A,4,2,0.875,1.0,0.5,1.0,0.75,0.0
GRB 190901A,4,2,0.875,1.0,0.5,1.0,0.75,0.0
GRB 210529B,4,4,0.5625,0.5,0.5,0.75,0.0,0.0
EP250315a,4,2,0.75,0.75,0.5,1.0,0.5,0.0
GRB 251220B,4,3,0.6666666666666666,0.6666666666666666,0.3333333333333333,1.0,0.25,0.0
GRB 190915A,4,3,0.6666666666666666,0.6666666666666666,0.3333333333333333,1.0,0.25,0.0
EP250311a,4,3,0.6666666666666666,0.6666666666666666,0.6666666666666666,0.6666666666666666,0.0,0.0
GRB 110529A,4,2,0.75,0.75,0.5,1.0,0.5,0.0
GRB 251214A,4,3,0.6666666666666666,0.6666666666666666,0.3333333333333333,1.0,0.25,0.0
LIGO/Virgo/KAGRA S240825ar,4,2,0.625,0.5,0.5,1.0,0.25,0.0
GRB 210510A,4,4,0.6875,0.75,0.5,0.75,0.0,0.0
GRB 081101,4,4,0.75,0.75,0.5,1.0,0.25,0.0
EP260530a,4,2,1.0,1.0,1.0,1.0,1.0,0.0
GRB 090827,4,4,0.5625,0.625,0.25,0.75,0.0,0.0
GRB 140909A,4,5,0.45,0.4,0.4,0.6,0.0,0.0
GRB 240205A,4,2,0.75,0.75,0.5,1.0,0.5,0.0
GRB 231125A,4,2,0.625,0.5,0.5,1.0,0.25,0.0
GRB 180113C,4,2,0.75,0.75,0.5,1.0,0.5,0.0
GRB 240710A,4,3,0.6666666666666666,0.6666666666666666,0.3333333333333333,1.0,0.25,0.0
GRB 231124A,4,2,0.625,0.5,0.5,1.0,0.25,0.0
GRB 020604,4,2,0.75,0.75,0.5,1.0,0.5,0.0
LIGO/Virgo S190822c,4,4,0.4375,0.5,0.25,0.5,0.0,0.0
GRB 240629A,4,3,0.6666666666666666,0.6666666666666666,0.3333333333333333,1.0,0.25,0.0
GRB 240624B,4,2,0.625,0.5,0.5,1.0,0.25,0.0
GRB 230207B,4,2,0.625,0.5,0.5,1.0,0.25,0.0
IceCube-220306A,4,2,0.75,0.75,0.5,1.0,0.5,0.0
IceCube-220317A,4,3,0.5,0.5,0.3333333333333333,0.6666666666666666,0.0,0.0
IceCube-181014A,4,2,0.75,0.75,0.5,1.0,0.5,0.0
GRB 231118B,4,2,0.875,1.0,0.5,1.0,0.75,0.0
IceCube-230727A,4,2,0.625,0.5,0.5,1.0,0.25,0.0
GRB 141029A,4,3,0.49999999999999994,0.5,0.3333333333333333,0.6666666666666666,0.0,0.0
GRB 141118A,4,3,0.5833333333333333,0.6666666666666666,0.3333333333333333,0.6666666666666666,0.0,0.0
GRB 240115A,4,3,0.75,0.6666666666666666,0.6666666666666666,1.0,0.25,0.0
IceCube-210730A,4,2,0.875,1.0,0.5,1.0,0.75,0.0
GRB 230625B,4,2,0.75,0.75,0.5,1.0,0.5,0.0
GRB 050331,4,4,0.5625,0.5,0.5,0.75,0.0,0.0
GRB 240123C,4,2,0.75,0.75,0.5,1.0,0.5,0.0
GRB 020418,4,2,0.875,1.0,0.5,1.0,0.75,0.0
GRB 230124A,4,3,0.75,0.6666666666666666,0.6666666666666666,1.0,0.25,0.0
GRB 240216A,4,3,0.5833333333333333,0.5,0.3333333333333333,1.0,0.25,0.0
GRB 051114,4,3,0.5833333333333333,0.6666666666666666,0.3333333333333333,0.6666666666666666,0.0,0.0
GRB 030320,4,3,0.5,0.5,0.3333333333333333,0.6666666666666666,0.0,0.0
GRB 170626B,4,3,0.5,0.5,0.3333333333333333,0.6666666666666666,0.0,0.0
GRB 051215,4,2,0.625,0.5,0.5,1.0,0.25,0.0
IceCube-240419A,4,2,0.625,0.5,0.5,1.0,0.25,0.0
GRB 230908A,4,2,0.75,0.75,0.5,1.0,0.5,0.0
GRB 051211,4,4,0.5625,0.5,0.5,0.75,0.0,0.0
GRB 170228A,4,2,1.0,1.0,1.0,1.0,1.0,0.0
GRB 010326B,4,3,0.5833333333333333,0.6666666666666666,0.3333333333333333,0.6666666666666666,0.0,0.0
HAWC-211123A,4,2,0.625,0.5,0.5,1.0,0.25,0.0
GRB 140719B,4,4,0.5625,0.5,0.5,0.75,0.0,0.0
GRB 030519B,4,3,0.49999999999999994,0.5,0.3333333333333333,0.6666666666666666,0.0,0.0
GRB 170210A,4,2,0.75,0.75,0.5,1.0,0.5,0.0
GRB 140809A,4,3,0.75,0.6666666666666666,0.6666666666666666,1.0,0.25,0.0
GRB 140810A,4,2,0.875,1.0,0.5,1.0,0.75,0.0
GRB 230707B,4,2,0.875,1.0,0.5,1.0,0.75,0.0
GRB 050219A,4,5,0.45,0.4,0.4,0.6,0.0,0.0
GRB 140814A,4,3,0.5833333333333333,0.6666666666666666,0.3333333333333333,0.6666666666666666,0.0,0.0
GRB 240726A,4,3,0.75,0.6666666666666666,0.6666666666666666,1.0,0.25,0.0
GRB 240720B,4,2,0.75,0.75,0.5,1.0,0.5,0.0
IceCube-160806A,4,2,0.75,0.75,0.5,1.0,0.5,0.0
IceCube-220405A,4,2,0.625,0.5,0.5,1.0,0.25,0.0
GRB 030306,4,1,1.0,1.0,1.0,1.0,1.0,0.0
GRB 230313A,4,3,0.75,0.6666666666666666,0.6666666666666666,1.0,0.25,0.0
GRB 230321A,4,3,0.6666666666666666,0.6666666666666666,0.3333333333333333,1.0,0.25,0.0
GRB 141230A,4,5,0.45,0.4,0.4,0.6,0.0,0.0
GRB 230518A,4,2,0.875,1.0,0.5,1.0,0.75,0.0
GRB 170101B,4,2,0.75,0.75,0.5,1.0,0.5,0.0
GRB 050626,4,4,0.5,0.5,0.25,0.75,0.0,0.0
GRB 150622A,4,4,0.5,0.5,0.25,0.75,0.0,0.0
GRB 150407A,4,4,0.5,0.5,0.5,0.5,0.0,0.0
IceCube-260217A,4,2,0.625,0.5,0.5,1.0,0.25,0.0
GRB 170816A,4,2,0.75,0.75,0.5,1.0,0.5,0.0
GRB 050509C,4,4,0.5625,0.5,0.5,0.75,0.0,0.0
IceCube-260125A,4,2,0.625,0.5,0.5,1.0,0.25,0.0
GRB 170817A,4,7,0.6071428571428572,0.7142857142857143,0.2857142857142857,0.7142857142857143,0.0,0.0
GRB 230423A,4,5,0.45,0.4,0.4,0.6,0.0,0.0
IceCube-260115A,4,2,0.625,0.5,0.5,1.0,0.25,0.0
GRB 040228,4,3,0.5833333333333333,0.6666666666666666,0.3333333333333333,0.6666666666666666,0.0,0.0
IceCube-260111A,4,3,0.49999999999999994,0.5,0.3333333333333333,0.6666666666666666,0.0,0.0
GRB 160419A,4,2,0.875,1.0,0.5,1.0,0.75,0.0
IceCube-231211A,4,2,0.625,0.5,0.5,1.0,0.25,0.0
GRB 030217,4,2,0.75,0.75,0.5,1.0,0.5,0.0
GRB 231019A,4,3,0.5833333333333333,0.5,0.3333333333333333,1.0,0.25,0.0
GRB 170830A,4,3,0.5833333333333333,0.6666666666666666,0.3333333333333333,0.6666666666666666,0.0,0.0
GRB 170823A,4,3,0.5833333333333333,0.6666666666666666,0.3333333333333333,0.6666666666666666,0.0,0.0
GRB 150428C,4,4,0.5,0.5,0.5,0.5,0.0,0.0
GRB 150510A,4,2,1.0,1.0,1.0,1.0,1.0,0.0
GRB 170826B,4,2,0.75,0.75,0.5,1.0,0.5,0.0
GRB 230524A,4,2,0.875,1.0,0.5,1.0,0.75,0.0
IceCube-220205B,4,2,0.625,0.5,0.5,1.0,0.25,0.0
IceCube-260504A,4,2,0.625,0.5,0.5,1.0,0.25,0.0
GRB 170921B,4,2,0.875,1.0,0.5,1.0,0.75,0.0
IceCube-231103A,4,2,0.625,0.5,0.5,1.0,0.25,0.0
GRB 240123B,4,3,0.75,0.6666666666666666,0.6666666666666666,1.0,0.25,0.0
GRB 240407A,4,3,0.6666666666666666,0.6666666666666666,0.3333333333333333,1.0,0.25,0.0
GRB 150110C,4,4,0.4375,0.5,0.25,0.5,0.0,0.0
GRB 160409A,4,3,0.6666666666666666,0.6666666666666666,0.6666666666666666,0.6666666666666666,0.0,0.0
GRB 240523A,4,3,0.6666666666666666,0.6666666666666666,0.6666666666666666,0.6666666666666666,0.0,0.0
IceCube-211117A,4,2,0.75,0.75,0.5,1.0,0.5,0.0
GRB 150118B,4,2,0.875,1.0,0.5,1.0,0.75,0.0
GRB 231004A,4,2,0.625,0.5,0.5,1.0,0.25,0.0
LIGO-Virgo S190408an,4,2,0.625,0.5,0.5,1.0,0.25,0.0
GRB 050805A,4,2,0.875,1.0,0.5,1.0,0.75,0.0
GRB 240502C,4,3,0.6666666666666666,0.6666666666666666,0.6666666666666666,0.6666666666666666,0.0,0.0
GRB 171011B,4,2,0.625,0.5,0.5,1.0,0.25,0.0
GRB 171011A,4,3,0.6666666666666666,0.6666666666666666,0.6666666666666666,0.6666666666666666,0.0,0.0
GRB 150219A,4,4,0.5625,0.5,0.5,0.75,0.0,0.0
GRB 161224A,4,4,0.5,0.5,0.5,0.5,0.0,0.0
IceCube-231125A,4,2,0.625,0.5,0.5,1.0,0.25,0.0
IceCube-231202A,4,2,0.625,0.5,0.5,1.0,0.25,0.0
GRB 050714,4,5,0.45,0.4,0.2,0.8,0.0,0.0
GRB 150720A,4,4,0.5,0.5,0.5,0.5,0.0,0.0
GRB 160519A,4,2,0.875,1.0,0.5,1.0,0.75,0.0
GRB 160107A,4,2,0.75,0.75,0.5,1.0,0.5,0.0
GRB 240215A,4,4,0.5625,0.5,0.5,0.75,0.0,0.0
GRB 170607B,4,2,0.875,1.0,0.5,1.0,0.75,0.0
GRB 180611A,4,2,0.875,1.0,0.5,1.0,0.75,0.0
GRB 221025A,4,2,0.875,1.0,0.5,1.0,0.75,0.0
GRB 221027A,4,2,0.875,1.0,0.5,1.0,0.75,0.0
GRB 060804,4,3,0.6666666666666666,0.6666666666666666,0.6666666666666666,0.6666666666666666,0.0,0.0
IceCube-221224A,4,2,0.625,0.5,0.5,1.0,0.25,0.0
GRB 140206B,4,2,0.875,1.0,0.5,1.0,0.75,0.0
IceCube-241113A,4,3,0.5,0.5,0.3333333333333333,0.6666666666666666,0.0,0.0
IceCube-241006A,4,2,0.625,0.5,0.5,1.0,0.25,0.0
GRB 990627,4,4,0.4375,0.375,0.25,0.75,0.0,0.0
GRB 060510A,4,5,0.45,0.4,0.4,0.6,0.0,0.0
GRB 140306A,4,2,0.75,0.75,0.5,1.0,0.5,0.0
GRB 151205C,4,4,0.4375,0.5,0.25,0.5,0.0,0.0
IceCube-221229A,4,2,0.625,0.5,0.5,1.0,0.25,0.0
IceCube-230122A,4,2,0.625,0.5,0.5,1.0,0.25,0.0
IceCube-230201A,4,2,0.625,0.5,0.5,1.0,0.25,0.0
GRB 221107A,4,2,0.875,1.0,0.5,1.0,0.75,0.0
GRB 060502A,4,3,0.6666666666666666,0.6666666666666666,0.3333333333333333,1.0,0.25,0.0
IceCube-230217A,4,3,0.5,0.5,0.3333333333333333,0.6666666666666666,0.0,0.0
GRB 240801A,4,3,0.6666666666666666,0.6666666666666666,0.3333333333333333,1.0,0.25,0.0
GRB 170511A,4,2,0.75,0.75,0.5,1.0,0.5,0.0
GRB 240225C,4,2,0.625,0.5,0.5,1.0,0.25,0.0
GRB 140311C,4,4,0.5,0.5,0.5,0.5,0.0,0.0
GRB 140320D,4,3,0.49999999999999994,0.5,0.3333333333333333,0.6666666666666666,0.0,0.0
GRB 140329A,4,2,0.875,1.0,0.5,1.0,0.75,0.0
GRB 060923B,4,4,0.5625,0.5,0.5,0.75,0.0,0.0
GRB 170419B,4,3,0.6666666666666666,0.6666666666666666,0.6666666666666666,0.6666666666666666,0.0,0.0
GRB 131216A,4,2,0.75,0.75,0.5,1.0,0.5,0.0
GRB 971024,4,2,0.75,0.75,0.5,1.0,0.5,0.0
GRB 151225A,4,2,0.625,0.5,0.5,1.0,0.25,0.0
GRB 151227B,4,2,0.75,0.75,0.5,1.0,0.5,0.0
GRB 230817A,4,3,0.75,0.6666666666666666,0.6666666666666666,1.0,0.25,0.0
GRB 170329A,4,2,1.0,1.0,1.0,1.0,1.0,0.0
GRB 000416,4,3,0.49999999999999994,0.5,0.3333333333333333,0.6666666666666666,0.0,0.0
GRB 180805A,4,3,0.6666666666666666,0.6666666666666666,0.6666666666666666,0.6666666666666666,0.0,0.0
GRB 231222B,4,4,0.5,0.5,0.25,0.75,0.0,0.0
GRB 131026A,4,4,0.625,0.625,0.5,0.75,0.0,0.0
GRB 160814A,4,2,0.625,0.5,0.5,1.0,0.25,0.0
GRB 170409A,4,3,0.6666666666666666,0.6666666666666666,0.6666666666666666,0.6666666666666666,0.0,0.0
GRB 160824B,4,3,0.5833333333333333,0.6666666666666666,0.3333333333333333,0.6666666666666666,0.0,0.0
IceCube-221216A,4,2,0.625,0.5,0.5,1.0,0.25,0.0
GRB 061102,4,4,0.5,0.5,0.5,0.5,0.0,0.0
GRB 160826A,4,4,0.5,0.5,0.5,0.5,0.0,0.0
IceCube-221124A,4,2,0.625,0.5,0.5,1.0,0.25,0.0
GRB 160829A,4,3,0.6666666666666666,0.6666666666666666,0.6666666666666666,0.6666666666666666,0.0,0.0
GRB 131125A,4,4,0.4375,0.5,0.25,0.5,0.0,0.0
GRB 170325A,4,3,0.5833333333333333,0.6666666666666666,0.3333333333333333,0.6666666666666666,0.0,0.0
GRB 000508B,4,2,0.75,0.75,0.5,1.0,0.5,0.0
GRB 131126A,4,3,0.5833333333333333,0.6666666666666666,0.3333333333333333,0.6666666666666666,0.0,0.0
IceCube-221210A,4,3,0.49999999999999994,0.5,0.3333333333333333,0.6666666666666666,0.0,0.0
GRB 240305A,4,3,0.75,0.6666666666666666,0.6666666666666666,1.0,0.25,0.0
GRB 060427B,4,3,0.5,0.5,0.3333333333333333,0.6666666666666666,0.0,0.0
GRB 050422,4,4,0.5625,0.5,0.5,0.75,0.0,0.0
GRB 060425,4,2,0.875,1.0,0.5,1.0,0.75,0.0
GRB 221124A,4,2,0.75,0.75,0.5,1.0,0.5,0.0
GRB 991217,4,2,0.875,1.0,0.5,1.0,0.75,0.0
GRB 180529A,4,2,0.75,0.75,0.5,1.0,0.5,0.0
GRB 221121A,4,2,0.75,0.75,0.5,1.0,0.5,0.0
IceCube-250426A,4,3,0.5,0.5,0.3333333333333333,0.6666666666666666,0.0,0.0
GRB 180526A,4,2,0.75,0.75,0.5,1.0,0.5,0.0
GRB 180427A,4,2,0.875,1.0,0.5,1.0,0.75,0.0
IceCube-240424A,4,2,0.75,0.75,0.5,1.0,0.5,0.0
GRB 160102A,4,3,0.5833333333333333,0.6666666666666666,0.3333333333333333,0.6666666666666666,0.0,0.0
IceCube-250330A,4,3,0.5,0.5,0.3333333333333333,0.6666666666666666,0.0,0.0
IceCube-220501A,4,2,0.625,0.5,0.5,1.0,0.25,0.0
IceCube-230405A,4,2,0.625,0.5,0.5,1.0,0.25,0.0
GRB 230803A,4,2,0.875,1.0,0.5,1.0,0.75,0.0
GRB 001120,4,2,0.75,0.75,0.5,1.0,0.5,0.0
GRB 151231A,4,2,0.75,0.75,0.5,1.0,0.5,0.0
GRB 240814A,4,3,0.75,0.6666666666666666,0.6666666666666666,1.0,0.25,0.0
IceCube-220425A,4,3,0.5,0.5,0.3333333333333333,0.6666666666666666,0.0,0.0
GRB 151107A,4,3,0.5833333333333333,0.6666666666666666,0.3333333333333333,0.6666666666666666,0.0,0.0
IceCube-250421A,4,2,0.625,0.5,0.5,1.0,0.25,0.0
GRB 240807A,4,3,0.75,0.6666666666666666,0.6666666666666666,1.0,0.25,0.0
GRB 140619C,4,2,0.625,0.5,0.5,1.0,0.25,0.0
GRB 041224,4,3,0.5,0.5,0.3333333333333333,0.6666666666666666,0.0,0.0
GRB 001025B,4,2,0.625,0.5,0.5,1.0,0.25,0.0
GRB 010119,4,2,0.75,0.75,0.5,1.0,0.5,0.0
GRB 221119A,4,2,0.875,1.0,0.5,1.0,0.75,0.0
IceCube-220509A,4,2,0.75,0.75,0.5,1.0,0.5,0.0
GRB 140611A,4,3,0.49999999999999994,0.5,0.3333333333333333,0.6666666666666666,0.0,0.0
HAWC-190806A,4,2,0.625,0.5,0.5,1.0,0.25,0.0
GRB 221115B,4,2,0.625,0.5,0.5,1.0,0.25,0.0
IceCube-250506A,4,2,0.625,0.5,0.5,1.0,0.25,0.0
GRB 230905B,3,2,0.6666666666666666,0.5,0.5,1.0,0.3333333333333333,0.0
IceCube-240123A,3,2,0.6666666666666666,0.5,0.5,1.0,0.3333333333333333,0.0
GRB 250228A,3,2,1.0,1.0,1.0,1.0,1.0,0.0
GRB 210207A,3,3,0.7777777777777777,0.6666666666666666,0.6666666666666666,1.0,0.3333333333333333,0.0
LIGO/Virgo/KAGRA S240921cw,3,2,0.6666666666666666,0.5,0.5,1.0,0.3333333333333333,0.0
GRB 251114B,3,2,0.6666666666666666,0.5,0.5,1.0,0.3333333333333333,0.0
GRB 251108C,3,2,0.8333333333333334,1.0,0.5,1.0,0.6666666666666666,0.0
LIGO/Virgo/KAGRA S240920dw,3,2,0.6666666666666666,0.5,0.5,1.0,0.3333333333333333,0.0
GRB 230818B,3,2,0.6666666666666666,0.5,0.5,1.0,0.3333333333333333,0.0
GRB 230822A,3,2,1.0,1.0,1.0,1.0,1.0,0.0
GRB 201221C,3,3,0.6666666666666666,0.6666666666666666,0.6666666666666666,0.6666666666666666,0.0,0.0
GRB 251015A,3,3,0.7777777777777777,0.6666666666666666,0.6666666666666666,1.0,0.3333333333333333,0.0
GRB 210222A,3,2,0.6666666666666666,0.5,0.5,1.0,0.3333333333333333,0.0
GRB 251124A,3,3,0.7777777777777777,0.6666666666666666,0.6666666666666666,1.0,0.3333333333333333,0.0
GRB 240215B,3,2,0.8333333333333334,1.0,0.5,1.0,0.6666666666666666,0.0
GRB 251106B,3,2,0.6666666666666666,0.5,0.5,1.0,0.3333333333333333,0.0
LIGO/Virgo/KAGRA S241230bd,3,2,0.6666666666666666,0.5,0.5,1.0,0.3333333333333333,0.0
IceCube-210608A,3,2,0.8333333333333334,1.0,0.5,1.0,0.6666666666666666,0.0
LIGO/Virgo/KAGRA S241110br,3,1,1.0,1.0,1.0,1.0,1.0,0.0
GRB 210227.19,3,4,0.8333333333333334,0.75,0.75,1.0,0.3333333333333333,0.0
IceCube-240412A,3,2,0.6666666666666666,0.5,0.5,1.0,0.3333333333333333,0.0
IceCube-210717A,3,2,0.8333333333333334,1.0,0.5,1.0,0.6666666666666666,0.0
GRB 210306B,3,2,1.0,1.0,1.0,1.0,1.0,0.0
IceCube-240229A,3,2,0.6666666666666666,0.5,0.5,1.0,0.3333333333333333,0.0
LIGO/Virgo/KAGRA S241011k,3,1,1.0,1.0,1.0,1.0,1.0,0.0
LIGO/Virgo/KAGRA S241116cq,3,2,0.6666666666666666,0.5,0.5,1.0,0.3333333333333333,0.0
GRB 251102A,3,3,0.7777777777777777,0.6666666666666666,0.6666666666666666,1.0,0.3333333333333333,0.0
GRB 240124B,3,2,0.8333333333333334,1.0,0.5,1.0,0.6666666666666666,0.0
IceCube-240808A,3,2,0.6666666666666666,0.5,0.5,1.0,0.3333333333333333,0.0
GRB 210123A,3,2,0.8333333333333334,1.0,0.5,1.0,0.6666666666666666,0.0
GRB 240129A,3,3,0.6666666666666666,0.6666666666666666,0.6666666666666666,0.6666666666666666,0.0,0.0
GRB 210101A,3,3,0.7777777777777777,0.6666666666666666,0.6666666666666666,1.0,0.3333333333333333,0.0
GRB 201229B,3,3,0.7777777777777777,0.6666666666666666,0.6666666666666666,1.0,0.3333333333333333,0.0
GRB 230918B,3,3,0.5555555555555555,0.6666666666666666,0.3333333333333333,0.6666666666666666,0.0,0.0
LIGO/Virgo/KAGRA S241009l,3,2,0.6666666666666666,0.5,0.5,1.0,0.3333333333333333,0.0
GRB 250317C,3,2,0.8333333333333334,1.0,0.5,1.0,0.6666666666666666,0.0
IceCube-240327A,3,2,0.6666666666666666,0.5,0.5,1.0,0.3333333333333333,0.0
IceCube-240929A,3,2,0.6666666666666666,0.5,0.5,1.0,0.3333333333333333,0.0
GRB 210317A,3,3,0.6666666666666666,0.6666666666666666,0.3333333333333333,1.0,0.3333333333333333,0.0
GRB 210126A,3,2,0.8333333333333334,1.0,0.5,1.0,0.6666666666666666,0.0
GRB 250223B,3,2,1.0,1.0,1.0,1.0,1.0,0.0
GRB 201222B,3,3,0.7777777777777777,0.6666666666666666,0.6666666666666666,1.0,0.3333333333333333,0.0
GRB 231012A,3,2,1.0,1.0,1.0,1.0,1.0,0.0
GRB 250222A,3,2,0.8333333333333334,1.0,0.5,1.0,0.6666666666666666,0.0
IceCube-240725A,3,2,0.6666666666666666,0.5,0.5,1.0,0.3333333333333333,0.0
IceCube-240307A,3,2,0.6666666666666666,0.5,0.5,1.0,0.3333333333333333,0.0
GRB 231015A,3,3,0.5555555555555555,0.6666666666666666,0.3333333333333333,0.6666666666666666,0.0,0.0
LIGO/Virgo/KAGRA S241225c,3,2,0.6666666666666666,0.5,0.5,1.0,0.3333333333333333,0.0
IceCube-240204A,3,2,0.6666666666666666,0.5,0.5,1.0,0.3333333333333333,0.0
IceCube-231014A,3,2,0.6666666666666666,0.5,0.5,1.0,0.3333333333333333,0.0
LIGO/Virgo/KAGRA S250101k,3,2,0.6666666666666666,0.5,0.5,1.0,0.3333333333333333,0.0
IceCube-220424A,3,2,0.6666666666666666,0.5,0.5,1.0,0.3333333333333333,0.0
IceCube-230306A,3,2,0.6666666666666666,0.5,0.5,1.0,0.3333333333333333,0.0
GRB 200808A,3,3,0.6666666666666666,0.6666666666666666,0.3333333333333333,1.0,0.3333333333333333,0.0
IceCube-230401A,3,2,0.6666666666666666,0.5,0.5,1.0,0.3333333333333333,0.0
GRB 250529A,3,3,0.5555555555555555,0.6666666666666666,0.3333333333333333,0.6666666666666666,0.0,0.0
IceCube-230416A,3,2,0.6666666666666666,0.5,0.5,1.0,0.3333333333333333,0.0
GRB 240107A,3,2,0.6666666666666666,0.5,0.5,1.0,0.3333333333333333,0.0
IceCube-230506A,3,2,0.6666666666666666,0.5,0.5,1.0,0.3333333333333333,0.0
IceCube-230511A,3,2,0.6666666666666666,0.5,0.5,1.0,0.3333333333333333,0.0
GRB 231203A,3,2,1.0,1.0,1.0,1.0,1.0,0.0
GRB 200824A,3,3,0.6666666666666666,0.6666666666666666,0.3333333333333333,1.0,0.3333333333333333,0.0
IceCube-230524A,3,2,0.6666666666666666,0.5,0.5,1.0,0.3333333333333333,0.0
IceCube-230603A,3,2,0.6666666666666666,0.5,0.5,1.0,0.3333333333333333,0.0
GRB 251013B,3,3,0.7777777777777777,0.6666666666666666,0.6666666666666666,1.0,0.3333333333333333,0.0
GRB 250527B,3,3,0.6666666666666666,0.6666666666666666,0.6666666666666666,0.6666666666666666,0.0,0.0
GRB 200830A,3,3,0.7777777777777777,0.6666666666666666,0.6666666666666666,1.0,0.3333333333333333,0.0
GRB 250523A,3,3,0.7777777777777777,0.6666666666666666,0.6666666666666666,1.0,0.3333333333333333,0.0
GRB 240109A,3,2,1.0,1.0,1.0,1.0,1.0,0.0
GRB 240112A,3,2,0.6666666666666666,0.5,0.5,1.0,0.3333333333333333,0.0
GRB 200903B,3,3,0.6666666666666666,0.6666666666666666,0.3333333333333333,1.0,0.3333333333333333,0.0
GRB 200903E,3,2,0.8333333333333334,1.0,0.5,1.0,0.6666666666666666,0.0
SN 2003jd,3,4,0.6666666666666666,0.75,0.5,0.75,0.0,0.0
GRB 250814B,3,3,0.7777777777777777,0.6666666666666666,0.6666666666666666,1.0,0.3333333333333333,0.0
GRB 200907A,3,1,1.0,1.0,1.0,1.0,1.0,0.0
SN 2003L,3,3,0.7777777777777777,0.6666666666666666,0.6666666666666666,1.0,0.3333333333333333,0.0
IceCube-230220A,3,2,0.6666666666666666,0.5,0.5,1.0,0.3333333333333333,0.0
GRB 250714A,3,3,0.7777777777777777,0.6666666666666666,0.6666666666666666,1.0,0.3333333333333333,0.0
GRB 200805A,3,1,1.0,1.0,1.0,1.0,1.0,0.0
GRB 200803B,3,3,0.7777777777777777,0.6666666666666666,0.6666666666666666,1.0,0.3333333333333333,0.0
GRB 250620B,3,2,1.0,1.0,1.0,1.0,1.0,0.0
IceCube-220918A,3,2,0.6666666666666666,0.5,0.5,1.0,0.3333333333333333,0.0
GRB 200619A,3,2,0.6666666666666666,0.5,0.5,1.0,0.3333333333333333,0.0
GRB 200619B,3,3,0.7777777777777777,0.6666666666666666,0.6666666666666666,1.0,0.3333333333333333,0.0
sb25091517,3,3,0.5555555555555555,0.6666666666666666,0.3333333333333333,0.6666666666666666,0.0,0.0
GRB 250619B,3,2,1.0,1.0,1.0,1.0,1.0,0.0
IceCube-220928A,3,2,0.6666666666666666,0.5,0.5,1.0,0.3333333333333333,0.0
IceCube-221104A,3,2,0.6666666666666666,0.5,0.5,1.0,0.3333333333333333,0.0
IceCube-220524A,3,2,0.6666666666666666,0.5,0.5,1.0,0.3333333333333333,0.0
GRB 250612B,3,2,1.0,1.0,1.0,1.0,1.0,0.0
sb25041603,3,5,0.4666666666666666,0.4,0.4,0.6,0.0,0.0
GRB 200703B,3,2,0.8333333333333334,1.0,0.5,1.0,0.6666666666666666,0.0
GRB 240106A,3,2,0.6666666666666666,0.5,0.5,1.0,0.3333333333333333,0.0
GRB 200709B,3,3,0.7777777777777777,0.6666666666666666,0.6666666666666666,1.0,0.3333333333333333,0.0
GRB 250702D,3,2,0.8333333333333334,1.0,0.5,1.0,0.6666666666666666,0.0
GRB 231208A,3,2,0.6666666666666666,0.5,0.5,1.0,0.3333333333333333,0.0
ZTF23aaarlti,3,1,1.0,1.0,1.0,1.0,1.0,0.0
ZTF20aajnksq,3,3,0.5555555555555555,0.6666666666666666,0.3333333333333333,0.6666666666666666,0.0,0.0
GRB 200715A,3,4,0.5833333333333334,0.5,0.5,0.75,0.0,0.0
GRB 250609A,3,2,1.0,1.0,1.0,1.0,1.0,0.0
GRB 231206A,3,1,1.0,1.0,1.0,1.0,1.0,0.0
GRB 200802A,3,3,0.7777777777777777,0.6666666666666666,0.6666666666666666,1.0,0.3333333333333333,0.0
XRF 101117A,3,2,0.6666666666666666,0.5,0.5,1.0,0.3333333333333333,0.0
SGR 0418+5729,3,2,0.6666666666666666,0.5,0.5,1.0,0.3333333333333333,0.0
IceCube-220421A,3,2,0.6666666666666666,0.5,0.5,1.0,0.3333333333333333,0.0
IceCube-230707B,3,2,0.6666666666666666,0.5,0.5,1.0,0.3333333333333333,0.0
IceCube-220225A,3,2,0.6666666666666666,0.5,0.5,1.0,0.3333333333333333,0.0
IceCube-231027A,3,2,0.6666666666666666,0.5,0.5,1.0,0.3333333333333333,0.0
IceCube-220221A,3,2,0.6666666666666666,0.5,0.5,1.0,0.3333333333333333,0.0
GRB 201031A,3,4,0.6666666666666666,0.75,0.5,0.75,0.0,0.0
GRB 250421A,3,3,0.7777777777777777,0.6666666666666666,0.6666666666666666,1.0,0.3333333333333333,0.0
GRB 201031B,3,3,0.7777777777777777,0.6666666666666666,0.6666666666666666,1.0,0.3333333333333333,0.0
GRB 250909A,3,3,0.7777777777777777,0.6666666666666666,0.6666666666666666,1.0,0.3333333333333333,0.0
GRB 250411A,3,3,0.7777777777777777,0.6666666666666666,0.6666666666666666,1.0,0.3333333333333333,0.0
GRB 250909B,3,2,0.8333333333333334,1.0,0.5,1.0,0.6666666666666666,0.0
GRB 201105A,3,2,1.0,1.0,1.0,1.0,1.0,0.0
GRB 250406A,3,3,0.7777777777777777,0.6666666666666666,0.6666666666666666,1.0,0.3333333333333333,0.0
LIGO/Virgo/KAGRA S250205bk,3,1,1.0,1.0,1.0,1.0,1.0,0.0
GRB 201128B,3,3,0.6666666666666666,0.6666666666666666,0.6666666666666666,0.6666666666666666,0.0,0.0
GRB 201201A,3,3,0.6666666666666666,0.6666666666666666,0.3333333333333333,1.0,0.3333333333333333,0.0
GRB 231025A,3,2,1.0,1.0,1.0,1.0,1.0,0.0
GRB 250331E,3,3,0.7777777777777777,0.6666666666666666,0.6666666666666666,1.0,0.3333333333333333,0.0
GRB 250922B,3,3,0.7777777777777777,0.6666666666666666,0.6666666666666666,1.0,0.3333333333333333,0.0
IceCube-220205A,3,2,0.6666666666666666,0.5,0.5,1.0,0.3333333333333333,0.0
GRB 251001C,3,2,0.6666666666666666,0.5,0.5,1.0,0.3333333333333333,0.0
GRB 231020B,3,2,1.0,1.0,1.0,1.0,1.0,0.0
IceCube-220202A,3,2,0.6666666666666666,0.5,0.5,1.0,0.3333333333333333,0.0
GRB 201215A,3,3,0.7777777777777777,0.6666666666666666,0.6666666666666666,1.0,0.3333333333333333,0.0
GRB 251009B,3,2,0.6666666666666666,0.5,0.5,1.0,0.3333333333333333,0.0
IceCube-220115A,3,2,0.6666666666666666,0.5,0.5,1.0,0.3333333333333333,0.0
GRB 231114A,3,3,0.6666666666666666,0.6666666666666666,0.3333333333333333,1.0,0.3333333333333333,0.0
GRB 240117A,3,2,0.6666666666666666,0.5,0.5,1.0,0.3333333333333333,0.0
IceCube-220405B,3,3,0.5555555555555555,0.6666666666666666,0.3333333333333333,0.6666666666666666,0.0,0.0
GRB 210330A,3,3,0.5555555555555555,0.6666666666666666,0.3333333333333333,0.6666666666666666,0.0,0.0
GRB 231129B,3,3,0.5555555555555555,0.6666666666666666,0.3333333333333333,0.6666666666666666,0.0,0.0
GRB 200916B,3,3,0.5555555555555555,0.6666666666666666,0.3333333333333333,0.6666666666666666,0.0,0.0
GRB 200919A,3,2,0.8333333333333334,1.0,0.5,1.0,0.6666666666666666,0.0
GRB 200919C,3,3,0.6666666666666666,0.6666666666666666,0.3333333333333333,1.0,0.3333333333333333,0.0
GRB 200920B,3,2,0.6666666666666666,0.5,0.5,1.0,0.3333333333333333,0.0
LIGO/Virgo/KAGRA S251014cn,3,1,1.0,1.0,1.0,1.0,1.0,0.0
LIGO/Virgo/KAGRA S250917aq,3,2,0.6666666666666666,0.5,0.5,1.0,0.3333333333333333,0.0
IceCube-230725A,3,2,0.6666666666666666,0.5,0.5,1.0,0.3333333333333333,0.0
GRB 231127A,3,2,0.6666666666666666,0.5,0.5,1.0,0.3333333333333333,0.0
LIGO/Virgo/KAGRA S250726ak,3,2,0.6666666666666666,0.5,0.5,1.0,0.3333333333333333,0.0
GRB 250819A,3,2,0.8333333333333334,1.0,0.5,1.0,0.6666666666666666,0.0
GRB 231123B,3,2,1.0,1.0,1.0,1.0,1.0,0.0
GRB 240112D,3,3,0.6666666666666666,0.6666666666666666,0.3333333333333333,1.0,0.3333333333333333,0.0
LIGO/Virgo/KAGRA S250711q,3,2,0.6666666666666666,0.5,0.5,1.0,0.3333333333333333,0.0
GRB 250507B,3,2,0.8333333333333334,1.0,0.5,1.0,0.6666666666666666,0.0
GRB 201016B,3,3,0.7777777777777777,0.6666666666666666,0.6666666666666666,1.0,0.3333333333333333,0.0
IceCube-230914A,3,2,0.6666666666666666,0.5,0.5,1.0,0.3333333333333333,0.0
GRB 250826A,3,3,0.7777777777777777,0.6666666666666666,0.6666666666666666,1.0,0.3333333333333333,0.0
LIGO/Virgo/KAGRA S250629bs,3,2,0.6666666666666666,0.5,0.5,1.0,0.3333333333333333,0.0
GRB 250828B,3,3,0.7777777777777777,0.6666666666666666,0.6666666666666666,1.0,0.3333333333333333,0.0
LIGO/Virgo/KAGRA S250629ae,3,2,0.6666666666666666,0.5,0.5,1.0,0.3333333333333333,0.0
IceCube-220304A,3,2,0.6666666666666666,0.5,0.5,1.0,0.3333333333333333,0.0
LIGO/Virgo/KAGRA S250628am,3,2,0.6666666666666666,0.5,0.5,1.0,0.3333333333333333,0.0
GRB 251201A,3,2,0.6666666666666666,0.5,0.5,1.0,0.3333333333333333,0.0
LIGO/Virgo/KAGRA S230819ax,3,1,1.0,1.0,1.0,1.0,1.0,0.0
GRB 240226A,3,3,0.6666666666666666,0.6666666666666666,0.3333333333333333,1.0,0.3333333333333333,0.0
GRB 260507A,3,2,0.6666666666666666,0.5,0.5,1.0,0.3333333333333333,0.0
GRB 220323A,3,2,0.8333333333333334,1.0,0.5,1.0,0.6666666666666666,0.0
GRB 240716A,3,2,0.8333333333333334,1.0,0.5,1.0,0.6666666666666666,0.0
GRB 220401A,3,2,1.0,1.0,1.0,1.0,1.0,0.0
GRB 220403A,3,3,0.6666666666666666,0.6666666666666666,0.3333333333333333,1.0,0.3333333333333333,0.0
GRB 260503A,3,2,0.8333333333333334,1.0,0.5,1.0,0.6666666666666666,0.0
GRB 230116C,3,3,0.6666666666666666,0.6666666666666666,0.6666666666666666,0.6666666666666666,0.0,0.0
GRB 241129A,3,2,1.0,1.0,1.0,1.0,1.0,0.0
GRB 260506A,3,3,0.6666666666666666,0.6666666666666666,0.3333333333333333,1.0,0.3333333333333333,0.0
GRB 230116B,3,2,0.8333333333333334,1.0,0.5,1.0,0.6666666666666666,0.0
GRB 230111A,3,2,0.8333333333333334,1.0,0.5,1.0,0.6666666666666666,0.0
GRB 241127.91,3,3,1.0,1.0,1.0,1.0,1.0,0.0
GRB 260510A,3,3,0.6666666666666666,0.6666666666666666,0.3333333333333333,1.0,0.3333333333333333,0.0
GRB 990915,3,2,0.6666666666666666,0.5,0.5,1.0,0.3333333333333333,0.0
GRB 240727C,3,2,0.8333333333333334,1.0,0.5,1.0,0.6666666666666666,0.0
HAWC-201019A,3,2,0.6666666666666666,0.5,0.5,1.0,0.3333333333333333,0.0
GRB 221221A,3,3,0.6666666666666666,0.6666666666666666,0.3333333333333333,1.0,0.3333333333333333,0.0
HAWC-191019A,3,3,0.5555555555555555,0.6666666666666666,0.3333333333333333,0.6666666666666666,0.0,0.0
LIGO/Virgo/KAGRA S231129ac,3,2,0.6666666666666666,0.5,0.5,1.0,0.3333333333333333,0.0
LIGO/Virgo/KAGRA S231119u,3,2,0.6666666666666666,0.5,0.5,1.0,0.3333333333333333,0.0
GRB 220521B,3,2,0.6666666666666666,0.5,0.5,1.0,0.3333333333333333,0.0
GRB 220523B,3,3,0.6666666666666666,0.6666666666666666,0.3333333333333333,1.0,0.3333333333333333,0.0
GRB 260519C,3,3,0.6666666666666666,0.6666666666666666,0.6666666666666666,0.6666666666666666,0.0,0.0
GRB 220606A,3,2,1.0,1.0,1.0,1.0,1.0,0.0
GRB 260523B,3,2,0.8333333333333334,1.0,0.5,1.0,0.6666666666666666,0.0
GRB 230201B,3,3,0.6666666666666666,0.6666666666666666,0.3333333333333333,1.0,0.3333333333333333,0.0
GRB 220317A,3,2,1.0,1.0,1.0,1.0,1.0,0.0
GRB 220311.69,3,3,1.0,1.0,1.0,1.0,1.0,0.0
GRB 260502A,3,2,0.8333333333333334,1.0,0.5,1.0,0.6666666666666666,0.0
GRB 230314A,3,3,0.6666666666666666,0.6666666666666666,0.3333333333333333,1.0,0.3333333333333333,0.0
GRB 211226A,3,2,0.6666666666666666,0.5,0.5,1.0,0.3333333333333333,0.0
GRB 260415A,3,2,0.6666666666666666,0.5,0.5,1.0,0.3333333333333333,0.0
GRB 241214A,3,2,0.8333333333333334,1.0,0.5,1.0,0.6666666666666666,0.0
GRB 230310A,3,3,0.7777777777777777,0.6666666666666666,0.6666666666666666,1.0,0.3333333333333333,0.0
GRB 211231A,3,2,0.8333333333333334,1.0,0.5,1.0,0.6666666666666666,0.0
GRB 240603C,3,3,0.7777777777777777,0.6666666666666666,0.6666666666666666,1.0,0.3333333333333333,0.0
GRB 240604A,3,3,0.6666666666666666,0.6666666666666666,0.3333333333333333,1.0,0.3333333333333333,0.0
LIGO/Virgo/KAGRA S240109a,3,2,0.6666666666666666,0.5,0.5,1.0,0.3333333333333333,0.0
LIGO/Virgo/KAGRA S240104bl,3,2,0.6666666666666666,0.5,0.5,1.0,0.3333333333333333,0.0
GRB 230309A,3,2,0.8333333333333334,1.0,0.5,1.0,0.6666666666666666,0.0
LIGO/Virgo/KAGRA S231224e,3,2,0.6666666666666666,0.5,0.5,1.0,0.3333333333333333,0.0
LIGO/Virgo/KAGRA S231206cc,3,2,0.6666666666666666,0.5,0.5,1.0,0.3333333333333333,0.0
GRB 220128A,3,2,0.8333333333333334,1.0,0.5,1.0,0.6666666666666666,0.0
GRB 240612A,3,3,0.6666666666666666,0.6666666666666666,0.3333333333333333,1.0,0.3333333333333333,0.0
GRB 260421A,3,3,0.7777777777777777,0.6666666666666666,0.6666666666666666,1.0,0.3333333333333333,0.0
IceCube-170312A,3,3,0.5555555555555555,0.6666666666666666,0.3333333333333333,0.6666666666666666,0.0,0.0
GRB 241207C,3,3,0.5555555555555555,0.6666666666666666,0.3333333333333333,0.6666666666666666,0.0,0.0
LIGO/Virgo S190518bb,3,4,0.5,0.5,0.5,0.5,0.0,0.0
GRB 241206B,3,2,0.8333333333333334,1.0,0.5,1.0,0.6666666666666666,0.0
GRB 220228A,3,2,1.0,1.0,1.0,1.0,1.0,0.0
GRB 240702A,3,3,0.7777777777777777,0.6666666666666666,0.6666666666666666,1.0,0.3333333333333333,0.0
LIGO/Virgo/KAGRA S231206ca,3,2,0.6666666666666666,0.5,0.5,1.0,0.3333333333333333,0.0
GRB 220608A,3,3,0.7777777777777777,0.6666666666666666,0.6666666666666666,1.0,0.3333333333333333,0.0
GRB 260525A,3,3,0.7777777777777777,0.6666666666666666,0.6666666666666666,1.0,0.3333333333333333,0.0
LIGO/Virgo/KAGRA S240919bn,3,2,0.6666666666666666,0.5,0.5,1.0,0.3333333333333333,0.0
GRB 220926B,3,2,0.6666666666666666,0.5,0.5,1.0,0.3333333333333333,0.0
LIGO/Virgo/KAGRA S230920al,3,2,0.6666666666666666,0.5,0.5,1.0,0.3333333333333333,0.0
LIGO/Virgo/KAGRA S230521k,3,2,0.6666666666666666,0.5,0.5,1.0,0.3333333333333333,0.0
LIGO/Virgo/KAGRA S230630am,3,1,1.0,1.0,1.0,1.0,1.0,0.0
GRB 240905A,3,3,0.7777777777777777,0.6666666666666666,0.6666666666666666,1.0,0.3333333333333333,0.0
GRB 240905D,3,3,0.7777777777777777,0.6666666666666666,0.6666666666666666,1.0,0.3333333333333333,0.0
LIGO/Virgo/KAGRA S230919bj,3,2,0.6666666666666666,0.5,0.5,1.0,0.3333333333333333,0.0
GRB 260705C,3,2,0.8333333333333334,1.0,0.5,1.0,0.6666666666666666,0.0
GRB 220924A,3,2,1.0,1.0,1.0,1.0,1.0,0.0
LIGO/Virgo/KAGRA S230805x,3,2,0.6666666666666666,0.5,0.5,1.0,0.3333333333333333,0.0
GRB 980515,3,1,1.0,1.0,1.0,1.0,1.0,0.0
GRB 220926A,3,4,0.6666666666666666,0.75,0.5,0.75,0.0,0.0
GRB 221021A,3,2,1.0,1.0,1.0,1.0,1.0,0.0
GRB 260526A,3,3,0.6666666666666666,0.6666666666666666,0.3333333333333333,1.0,0.3333333333333333,0.0
GRB 221013B,3,3,0.7777777777777777,0.6666666666666666,0.6666666666666666,1.0,0.3333333333333333,0.0
LIGO/Virgo/KAGRA S230917af,3,1,1.0,1.0,1.0,1.0,1.0,0.0
GRB 240930A,3,4,0.6666666666666666,0.75,0.5,0.75,0.0,0.0
LIGO/Virgo/KAGRA S230807f,3,3,0.5555555555555555,0.3333333333333333,0.3333333333333333,1.0,0.3333333333333333,0.0
LIGO/Virgo/KAGRA S230914ak,3,2,0.6666666666666666,0.5,0.5,1.0,0.3333333333333333,0.0
GRB 240926A,3,2,0.8333333333333334,1.0,0.5,1.0,0.6666666666666666,0.0
GRB 970508,3,2,1.0,1.0,1.0,1.0,1.0,0.0
LIGO/Virgo/KAGRA S230825k,3,2,0.6666666666666666,0.5,0.5,1.0,0.3333333333333333,0.0
GRB 221008A,3,3,0.5555555555555555,0.6666666666666666,0.3333333333333333,0.6666666666666666,0.0,0.0
GRB 240918A,3,3,0.7777777777777777,0.6666666666666666,0.6666666666666666,1.0,0.3333333333333333,0.0
LIGO/Virgo/KAGRA S230822bm,3,2,0.6666666666666666,0.5,0.5,1.0,0.3333333333333333,0.0
GRB 220825A,3,2,1.0,1.0,1.0,1.0,1.0,0.0
LIGO/Virgo/KAGRA S230520ae,3,2,0.6666666666666666,0.5,0.5,1.0,0.3333333333333333,0.0
LIGO/Virgo/KAGRA S230922g,3,1,1.0,1.0,1.0,1.0,1.0,0.0
LIGO/Virgo/KAGRA S230924an,3,2,0.6666666666666666,0.5,0.5,1.0,0.3333333333333333,0.0
LIGO/Virgo/KAGRA S231118d,3,2,0.6666666666666666,0.5,0.5,1.0,0.3333333333333333,0.0
GRB 260529A,3,4,0.6666666666666666,0.75,0.5,0.75,0.0,0.0
GRB 240814B,3,3,0.6666666666666666,0.6666666666666666,0.3333333333333333,1.0,0.3333333333333333,0.0
GRB 260531B,3,2,0.6666666666666666,0.5,0.5,1.0,0.3333333333333333,0.0
GRB 260602B,3,3,0.8888888888888888,1.0,0.6666666666666666,1.0,0.6666666666666666,0.0
LIGO/Virgo/KAGRA S231118an,3,2,0.6666666666666666,0.5,0.5,1.0,0.3333333333333333,0.0
GRB 240814C,3,3,0.7777777777777777,0.6666666666666666,0.6666666666666666,1.0,0.3333333333333333,0.0
LIGO/Virgo/KAGRA S231114n,3,2,0.6666666666666666,0.5,0.5,1.0,0.3333333333333333,0.0
GRB 260604B,3,2,0.8333333333333334,1.0,0.5,1.0,0.6666666666666666,0.0
LIGO/Virgo/KAGRA S231113bb,3,2,0.6666666666666666,0.5,0.5,1.0,0.3333333333333333,0.0
GRB 241025C,3,2,0.8333333333333334,1.0,0.5,1.0,0.6666666666666666,0.0
LIGO/Virgo/KAGRA S231102w,3,2,0.6666666666666666,0.5,0.5,1.0,0.3333333333333333,0.0
LIGO/Virgo/KAGRA S231029y,3,3,0.5555555555555555,0.6666666666666666,0.3333333333333333,0.6666666666666666,0.0,0.0
LIGO/Virgo/KAGRA S231020bw,3,2,0.6666666666666666,0.5,0.5,1.0,0.3333333333333333,0.0
LIGO/Virgo/KAGRA S231005j,3,2,0.6666666666666666,0.5,0.5,1.0,0.3333333333333333,0.0
LIGO/Virgo S240422ed,3,3,0.7777777777777777,0.6666666666666666,0.6666666666666666,1.0,0.3333333333333333,0.0
GRB 260611B,3,2,0.8333333333333334,1.0,0.5,1.0,0.6666666666666666,0.0
GRB 220715A,3,2,0.6666666666666666,0.5,0.5,1.0,0.3333333333333333,0.0
LIGO/Virgo/KAGRA S230930al,3,2,0.6666666666666666,0.5,0.5,1.0,0.3333333333333333,0.0
GRB 260614A,3,2,0.8333333333333334,1.0,0.5,1.0,0.6666666666666666,0.0
GRB 240821B,3,3,0.6666666666666666,0.6666666666666666,0.3333333333333333,1.0,0.3333333333333333,0.0
LIGO/Virgo/KAGRA S230928cb,3,2,0.6666666666666666,0.5,0.5,1.0,0.3333333333333333,0.0
LIGO/Virgo S240615dg,3,3,0.7777777777777777,1.0,0.3333333333333333,1.0,0.6666666666666666,0.0
IceCube-190629A,3,2,0.8333333333333334,1.0,0.5,1.0,0.6666666666666666,0.0
GRB 211219B,3,3,0.7777777777777777,0.6666666666666666,0.6666666666666666,1.0,0.3333333333333333,0.0
GRB 260414A,3,2,0.6666666666666666,0.5,0.5,1.0,0.3333333333333333,0.0
LIGO/Virgo/KAGRA S240627by,3,2,0.6666666666666666,0.5,0.5,1.0,0.3333333333333333,0.0
GRB 210528B,3,2,0.6666666666666666,0.5,0.5,1.0,0.3333333333333333,0.0
GRB 210529A,3,3,0.6666666666666666,0.6666666666666666,0.3333333333333333,1.0,0.3333333333333333,0.0
GRB 240320A,3,3,0.6666666666666666,0.6666666666666666,0.3333333333333333,1.0,0.3333333333333333,0.0
GRB 240331A,3,2,0.8333333333333334,1.0,0.5,1.0,0.6666666666666666,0.0
GRB 210602A,3,2,0.6666666666666666,0.5,0.5,1.0,0.3333333333333333,0.0
GRB 230709B,3,2,0.6666666666666666,0.5,0.5,1.0,0.3333333333333333,0.0
IceCube-250804A,3,2,0.6666666666666666,0.5,0.5,1.0,0.3333333333333333,0.0
LIGO/Virgo/KAGRA S240703ad,3,2,0.6666666666666666,0.5,0.5,1.0,0.3333333333333333,0.0
GRB 251226A,3,2,0.6666666666666666,0.5,0.5,1.0,0.3333333333333333,0.0
GRB 260103A,3,2,0.6666666666666666,0.5,0.5,1.0,0.3333333333333333,0.0
GRB 240402C,3,1,1.0,1.0,1.0,1.0,1.0,0.0
GRB 210619.99,3,3,1.0,1.0,1.0,1.0,1.0,0.0
LIGO-Virgo S190421ar,3,1,1.0,1.0,1.0,1.0,1.0,0.0
GRB 970828,3,1,1.0,1.0,1.0,1.0,1.0,0.0
GRB 230628D,3,3,0.7777777777777777,0.6666666666666666,0.6666666666666666,1.0,0.3333333333333333,0.0
LIGO/Virgo/KAGRA S240622h,3,2,0.6666666666666666,0.5,0.5,1.0,0.3333333333333333,0.0
LIGO/Virgo/KAGRA S240621dy,3,2,0.6666666666666666,0.5,0.5,1.0,0.3333333333333333,0.0
GRB 260109C,3,2,0.6666666666666666,0.5,0.5,1.0,0.3333333333333333,0.0
IceCube-250813A,3,2,0.6666666666666666,0.5,0.5,1.0,0.3333333333333333,0.0
GRB 210622B,3,3,0.6666666666666666,0.6666666666666666,0.3333333333333333,1.0,0.3333333333333333,0.0
GRB 230628C,3,3,0.6666666666666666,0.6666666666666666,0.3333333333333333,1.0,0.3333333333333333,0.0
IceCube-250831A,3,2,0.6666666666666666,0.5,0.5,1.0,0.3333333333333333,0.0
LIGO/Virgo/KAGRA S240618ah,3,2,0.6666666666666666,0.5,0.5,1.0,0.3333333333333333,0.0
GRB 250127B,3,4,0.5833333333333334,0.5,0.5,0.75,0.0,0.0
GRB 230727A,3,2,1.0,1.0,1.0,1.0,1.0,0.0
IceCube-200523A,3,2,0.6666666666666666,0.5,0.5,1.0,0.3333333333333333,0.0
GRB 210518A,3,3,0.6666666666666666,0.6666666666666666,0.3333333333333333,1.0,0.3333333333333333,0.0
IceCube-250429A,3,2,0.6666666666666666,0.5,0.5,1.0,0.3333333333333333,0.0
IceCube-250101A,3,2,0.6666666666666666,0.5,0.5,1.0,0.3333333333333333,0.0
IceCube-250102A,3,2,0.6666666666666666,0.5,0.5,1.0,0.3333333333333333,0.0
GRB 210411B,3,3,0.7777777777777777,0.6666666666666666,0.6666666666666666,1.0,0.3333333333333333,0.0
GRB 230815B,3,2,0.6666666666666666,0.5,0.5,1.0,0.3333333333333333,0.0
GRB 250216A,3,3,0.7777777777777777,0.6666666666666666,0.6666666666666666,1.0,0.3333333333333333,0.0
LIGO/Virgo/KAGRA S240908bs,3,2,0.6666666666666666,0.5,0.5,1.0,0.3333333333333333,0.0
GRB 210419B,3,3,0.7777777777777777,0.6666666666666666,0.6666666666666666,1.0,0.3333333333333333,0.0
IceCube-250203A,3,2,0.6666666666666666,0.5,0.5,1.0,0.3333333333333333,0.0
GRB 250214A,3,3,0.7777777777777777,0.6666666666666666,0.6666666666666666,1.0,0.3333333333333333,0.0
GRB 240305C,3,3,0.7777777777777777,0.6666666666666666,0.6666666666666666,1.0,0.3333333333333333,0.0
GRB 230814A,3,3,0.7777777777777777,0.6666666666666666,0.6666666666666666,1.0,0.3333333333333333,0.0
GRB 250207B,3,3,0.5555555555555555,0.6666666666666666,0.3333333333333333,0.6666666666666666,0.0,0.0
LIGO/Virgo/KAGRA S240907cg,3,2,0.6666666666666666,0.5,0.5,1.0,0.3333333333333333,0.0
IceCube-250302A,3,2,0.6666666666666666,0.5,0.5,1.0,0.3333333333333333,0.0
GRB 210430A,3,3,0.6666666666666666,0.6666666666666666,0.6666666666666666,0.6666666666666666,0.0,0.0
GRB 251211B,3,3,0.7777777777777777,0.6666666666666666,0.6666666666666666,1.0,0.3333333333333333,0.0
GRB 210503A,3,4,0.6666666666666666,0.75,0.5,0.75,0.0,0.0
LIGO/Virgo/KAGRA S240830gn,3,1,1.0,1.0,1.0,1.0,1.0,0.0
GRB 230808A,3,2,1.0,1.0,1.0,1.0,1.0,0.0
GRB 240310A,3,3,0.7777777777777777,0.6666666666666666,0.6666666666666666,1.0,0.3333333333333333,0.0
GRB 240315C,3,3,0.8888888888888888,1.0,0.6666666666666666,1.0,0.6666666666666666,0.0
LIGO/Virgo/KAGRA S240716b,3,2,0.6666666666666666,0.5,0.5,1.0,0.3333333333333333,0.0
GRB 240317A,3,3,0.7777777777777777,0.6666666666666666,0.6666666666666666,1.0,0.3333333333333333,0.0
GRB 230626A,3,2,0.6666666666666666,0.5,0.5,1.0,0.3333333333333333,0.0
LIGO/Virgo/KAGRA S240615ea,3,2,0.6666666666666666,0.5,0.5,1.0,0.3333333333333333,0.0
GRB 210708B,3,3,0.7777777777777777,0.6666666666666666,0.6666666666666666,1.0,0.3333333333333333,0.0
LIGO/Virgo/KAGRA S240514x,3,2,0.6666666666666666,0.5,0.5,1.0,0.3333333333333333,0.0
GRB 211001.03,3,4,0.8333333333333334,0.75,0.75,1.0,0.3333333333333333,0.0
GRB 260308A,3,2,0.8333333333333334,1.0,0.5,1.0,0.6666666666666666,0.0
GRB 211022A,3,2,0.6666666666666666,0.5,0.5,1.0,0.3333333333333333,0.0
LIGO/Virgo/KAGRA S240513ei,3,2,0.6666666666666666,0.5,0.5,1.0,0.3333333333333333,0.0
LIGO/Virgo/KAGRA S240507p,3,2,0.6666666666666666,0.5,0.5,1.0,0.3333333333333333,0.0
GRB 240421A,3,3,0.6666666666666666,0.6666666666666666,0.3333333333333333,1.0,0.3333333333333333,0.0
IceCube-260425A,3,2,0.6666666666666666,0.5,0.5,1.0,0.3333333333333333,0.0
GRB 211102A,3,3,0.7777777777777777,0.6666666666666666,0.6666666666666666,1.0,0.3333333333333333,0.0
LIGO/Virgo/KAGRA S240430ca,3,1,1.0,1.0,1.0,1.0,1.0,0.0
GRB 211102B,3,2,0.8333333333333334,1.0,0.5,1.0,0.6666666666666666,0.0
LIGO/Virgo/KAGRA S240421ar,3,2,0.6666666666666666,0.5,0.5,1.0,0.3333333333333333,0.0
GRB 230414A,3,4,0.6666666666666666,0.75,0.5,0.75,0.0,0.0
IceCube-260622A,3,2,0.6666666666666666,0.5,0.5,1.0,0.3333333333333333,0.0
GRB 240422A,3,3,0.6666666666666666,0.6666666666666666,0.3333333333333333,1.0,0.3333333333333333,0.0
GRB 240425A,3,2,0.6666666666666666,0.5,0.5,1.0,0.3333333333333333,0.0
GRB 240501B,3,2,0.6666666666666666,0.5,0.5,1.0,0.3333333333333333,0.0
GRB 211124A,3,2,0.8333333333333334,1.0,0.5,1.0,0.6666666666666666,0.0
GRB 240519A,3,2,0.8333333333333334,1.0,0.5,1.0,0.6666666666666666,0.0
LIGO-Virgo S190412m,3,2,0.6666666666666666,0.5,0.5,1.0,0.3333333333333333,0.0
GRB 260403A,3,2,0.8333333333333334,1.0,0.5,1.0,0.6666666666666666,0.0
GRB 241226A,3,3,0.7777777777777777,0.6666666666666666,0.6666666666666666,1.0,0.3333333333333333,0.0
GRB 211211B,3,3,0.6666666666666666,0.6666666666666666,0.3333333333333333,1.0,0.3333333333333333,0.0
GRB 211216B,3,3,0.6666666666666666,0.6666666666666666,0.3333333333333333,1.0,0.3333333333333333,0.0
GRB 210927A,3,3,0.6666666666666666,0.6666666666666666,0.6666666666666666,0.6666666666666666,0.0,0.0
LIGO/Virgo/KAGRA S240525p,3,2,0.6666666666666666,0.5,0.5,1.0,0.3333333333333333,0.0
GRB 210709A,3,3,0.7777777777777777,0.6666666666666666,0.6666666666666666,1.0,0.3333333333333333,0.0
GRB 260305A,3,3,0.7777777777777777,0.6666666666666666,0.6666666666666666,1.0,0.3333333333333333,0.0
GRB 240403A,3,2,0.8333333333333334,1.0,0.5,1.0,0.6666666666666666,0.0
IceCube-250905A,3,2,0.6666666666666666,0.5,0.5,1.0,0.3333333333333333,0.0
IceCube-250926A,3,2,0.6666666666666666,0.5,0.5,1.0,0.3333333333333333,0.0
GRB 240405A,3,2,0.6666666666666666,0.5,0.5,1.0,0.3333333333333333,0.0
GRB 260120A,3,2,0.8333333333333334,1.0,0.5,1.0,0.6666666666666666,0.0
GRB 260121A,3,2,0.6666666666666666,0.5,0.5,1.0,0.3333333333333333,0.0
GRB 250118A,3,2,1.0,1.0,1.0,1.0,1.0,0.0
GRB 230614C,3,2,0.8333333333333334,1.0,0.5,1.0,0.6666666666666666,0.0
GRB 240408B,3,2,0.6666666666666666,0.5,0.5,1.0,0.3333333333333333,0.0
GRB 230614B,3,2,1.0,1.0,1.0,1.0,1.0,0.0
LIGO/Virgo/KAGRA S240601co,3,2,0.6666666666666666,0.5,0.5,1.0,0.3333333333333333,0.0
LIGO/Virgo/KAGRA S240530a,3,2,0.6666666666666666,0.5,0.5,1.0,0.3333333333333333,0.0
GRB 230608A,3,2,0.6666666666666666,0.5,0.5,1.0,0.3333333333333333,0.0
GRB 230525A,3,2,0.8333333333333334,1.0,0.5,1.0,0.6666666666666666,0.0
GRB 210813A,3,3,0.7777777777777777,0.6666666666666666,0.6666666666666666,1.0,0.3333333333333333,0.0
GRB 260210A,3,2,0.8333333333333334,1.0,0.5,1.0,0.6666666666666666,0.0
GRB 230513A,3,2,1.0,1.0,1.0,1.0,1.0,0.0
GRB 210822B,3,4,0.5833333333333334,0.5,0.5,0.75,0.0,0.0
IceCube-251130A,3,2,0.6666666666666666,0.5,0.5,1.0,0.3333333333333333,0.0
LIGO/Virgo/KAGRA S240527fv,3,2,0.6666666666666666,0.5,0.5,1.0,0.3333333333333333,0.0
GRB 230511D,3,2,0.8333333333333334,1.0,0.5,1.0,0.6666666666666666,0.0
IceCube-251225A,3,2,0.6666666666666666,0.5,0.5,1.0,0.3333333333333333,0.0
GRB 210909A,3,3,0.6666666666666666,0.6666666666666666,0.3333333333333333,1.0,0.3333333333333333,0.0
GRB 260105A,3,3,0.7777777777777777,0.6666666666666666,0.6666666666666666,1.0,0.3333333333333333,0.0
sb26071506,3,3,0.6666666666666666,0.6666666666666666,0.6666666666666666,0.6666666666666666,0.0,0.0
GRB 190610B,3,2,1.0,1.0,1.0,1.0,1.0,0.0
GRB 040730,3,3,0.5555555555555555,0.6666666666666666,0.3333333333333333,0.6666666666666666,0.0,0.0
GRB 130407A,3,3,0.5555555555555555,0.6666666666666666,0.3333333333333333,0.6666666666666666,0.0,0.0
GRB 030929,3,2,0.8333333333333334,1.0,0.5,1.0,0.6666666666666666,0.0
GRB 030921,3,1,1.0,1.0,1.0,1.0,1.0,0.0
GRB 130505B,3,3,0.6666666666666666,0.6666666666666666,0.3333333333333333,1.0,0.3333333333333333,0.0
GRB 130521B,3,2,0.6666666666666666,0.5,0.5,1.0,0.3333333333333333,0.0
GRB 181125A,3,2,1.0,1.0,1.0,1.0,1.0,0.0
GRB 030509,3,1,1.0,1.0,1.0,1.0,1.0,0.0
GRB 130708A,3,3,0.7777777777777777,0.6666666666666666,0.6666666666666666,1.0,0.3333333333333333,0.0
GRB 181119A,3,2,0.6666666666666666,0.5,0.5,1.0,0.3333333333333333,0.0
GRB 030331,3,2,0.6666666666666666,0.5,0.5,1.0,0.3333333333333333,0.0
GRB 130719A,3,2,0.8333333333333334,1.0,0.5,1.0,0.6666666666666666,0.0
GRB 030325,3,1,1.0,1.0,1.0,1.0,1.0,0.0
GRB 130804A,3,2,0.8333333333333334,1.0,0.5,1.0,0.6666666666666666,0.0
GRB 130812B,3,2,0.6666666666666666,0.5,0.5,1.0,0.3333333333333333,0.0
GRB 130829A,3,3,0.6666666666666666,0.6666666666666666,0.6666666666666666,0.6666666666666666,0.0,0.0
GRB 181027A,3,2,1.0,1.0,1.0,1.0,1.0,0.0
GRB 130919A,3,2,0.8333333333333334,1.0,0.5,1.0,0.6666666666666666,0.0
GRB 131001A,3,3,0.7777777777777777,0.6666666666666666,0.6666666666666666,1.0,0.3333333333333333,0.0
GRB 131028A,3,2,0.8333333333333334,1.0,0.5,1.0,0.6666666666666666,0.0
GRB 131110A,3,2,0.6666666666666666,0.5,0.5,1.0,0.3333333333333333,0.0
GRB 021204,3,2,0.6666666666666666,0.5,0.5,1.0,0.3333333333333333,0.0
GRB 040323,3,2,0.6666666666666666,0.5,0.5,1.0,0.3333333333333333,0.0
GRB 040810,3,3,0.6666666666666666,0.6666666666666666,0.6666666666666666,0.6666666666666666,0.0,0.0
GRB 060211,3,3,0.5555555555555555,0.6666666666666666,0.3333333333333333,0.6666666666666666,0.0,0.0
GRB 050117A,3,1,1.0,1.0,1.0,1.0,1.0,0.0
GRB 190206A,3,2,0.8333333333333334,1.0,0.5,1.0,0.6666666666666666,0.0
GRB 190828A,3,3,0.5555555555555555,0.6666666666666666,0.3333333333333333,0.6666666666666666,0.0,0.0
GRB 120811A,3,3,0.6666666666666666,0.6666666666666666,0.6666666666666666,0.6666666666666666,0.0,0.0
GRB 190129A,3,2,0.6666666666666666,0.5,0.5,1.0,0.3333333333333333,0.0
GRB 120913A,3,2,1.0,1.0,1.0,1.0,1.0,0.0
GRB 120919B,3,3,0.5555555555555555,0.6666666666666666,0.3333333333333333,0.6666666666666666,0.0,0.0
GRB 121011B,3,2,0.6666666666666666,0.5,0.5,1.0,0.3333333333333333,0.0
GRB 190903A,3,2,0.8333333333333334,1.0,0.5,1.0,0.6666666666666666,0.0
GRB 051021A,3,4,0.5833333333333334,0.5,0.5,0.75,0.0,0.0
GRB 190122A,3,2,1.0,1.0,1.0,1.0,1.0,0.0
GRB 050817,3,3,0.6666666666666666,0.6666666666666666,0.6666666666666666,0.6666666666666666,0.0,0.0
GRB 121025A,3,3,0.6666666666666666,0.6666666666666666,0.3333333333333333,1.0,0.3333333333333333,0.0
GRB 181231A,3,3,0.6666666666666666,0.6666666666666666,0.6666666666666666,0.6666666666666666,0.0,0.0
GRB 050714A,3,4,0.5,0.5,0.25,0.75,0.0,0.0
GRB 050418,3,3,0.6666666666666666,0.6666666666666666,0.6666666666666666,0.6666666666666666,0.0,0.0
GRB 050416A,3,2,0.6666666666666666,0.5,0.5,1.0,0.3333333333333333,0.0
GRB 121118B,3,2,0.6666666666666666,0.5,0.5,1.0,0.3333333333333333,0.0
GRB 121127A,3,2,0.6666666666666666,0.5,0.5,1.0,0.3333333333333333,0.0
GRB 050402,3,3,0.5555555555555555,0.6666666666666666,0.3333333333333333,0.6666666666666666,0.0,0.0
GRB 050215A,3,4,0.5833333333333334,0.5,0.5,0.75,0.0,0.0
GRB 130102B,3,3,0.5555555555555555,0.6666666666666666,0.3333333333333333,0.6666666666666666,0.0,0.0
GRB 131118A,3,2,0.8333333333333334,1.0,0.5,1.0,0.6666666666666666,0.0
GRB 191023A,3,3,0.6666666666666666,0.6666666666666666,0.6666666666666666,0.6666666666666666,0.0,0.0
GRB 021108,3,1,1.0,1.0,1.0,1.0,1.0,0.0
GRB 021027,3,1,1.0,1.0,1.0,1.0,1.0,0.0
GRB 140828A,3,2,1.0,1.0,1.0,1.0,1.0,0.0
GRB 180723A,3,2,0.8333333333333334,1.0,0.5,1.0,0.6666666666666666,0.0
GRB 191130A,3,3,0.6666666666666666,0.6666666666666666,0.6666666666666666,0.6666666666666666,0.0,0.0
GRB 140901B,3,3,0.6666666666666666,0.6666666666666666,0.3333333333333333,1.0,0.3333333333333333,0.0
GRB 140906C,3,2,0.6666666666666666,0.5,0.5,1.0,0.3333333333333333,0.0
GRB 000607,3,2,0.6666666666666666,0.5,0.5,1.0,0.3333333333333333,0.0
GRB 141011A,3,2,0.8333333333333334,1.0,0.5,1.0,0.6666666666666666,0.0
GRB 191210A,3,4,0.6666666666666666,0.75,0.5,0.75,0.0,0.0
GRB 180701A,3,3,0.5555555555555555,0.6666666666666666,0.3333333333333333,0.6666666666666666,0.0,0.0
GRB 180626B,3,3,0.5555555555555555,0.6666666666666666,0.3333333333333333,0.6666666666666666,0.0,0.0
GRB 000519,3,2,0.6666666666666666,0.5,0.5,1.0,0.3333333333333333,0.0
GRB 000429,3,2,0.6666666666666666,0.5,0.5,1.0,0.3333333333333333,0.0
GRB 150110A,3,3,0.5555555555555555,0.6666666666666666,0.3333333333333333,0.6666666666666666,0.0,0.0
GRB 180605A,3,2,0.8333333333333334,1.0,0.5,1.0,0.6666666666666666,0.0
GRB 150118C,3,2,0.8333333333333334,1.0,0.5,1.0,0.6666666666666666,0.0
GRB 191227B,3,2,0.6666666666666666,0.5,0.5,1.0,0.3333333333333333,0.0
GRB 150126A,3,3,0.6666666666666666,0.6666666666666666,0.6666666666666666,0.6666666666666666,0.0,0.0
GRB 150127A,3,2,0.8333333333333334,1.0,0.5,1.0,0.6666666666666666,0.0
GRB 180523A,3,2,0.6666666666666666,0.5,0.5,1.0,0.3333333333333333,0.0
GRB 000301A,3,1,1.0,1.0,1.0,1.0,1.0,0.0
GRB 000201,3,2,0.8333333333333334,1.0,0.5,1.0,0.6666666666666666,0.0
GRB 000812,3,1,1.0,1.0,1.0,1.0,1.0,0.0
GRB 191118A,3,2,0.8333333333333334,1.0,0.5,1.0,0.6666666666666666,0.0
GRB 001011,3,3,0.5555555555555555,0.3333333333333333,0.3333333333333333,1.0,0.3333333333333333,0.0
GRB 020714,3,2,0.6666666666666666,0.5,0.5,1.0,0.3333333333333333,0.0
GRB 021023,3,1,1.0,1.0,1.0,1.0,1.0,0.0
GRB 021013,3,1,1.0,1.0,1.0,1.0,1.0,0.0
GRB 131226A,3,2,1.0,1.0,1.0,1.0,1.0,0.0
GRB 180829A,3,3,0.6666666666666666,0.6666666666666666,0.6666666666666666,0.6666666666666666,0.0,0.0
GRB 180824A,3,3,0.5555555555555555,0.6666666666666666,0.3333333333333333,0.6666666666666666,0.0,0.0
GRB 140221A,3,3,0.6666666666666666,0.6666666666666666,0.3333333333333333,1.0,0.3333333333333333,0.0
GRB 020903,3,4,0.5,0.5,0.25,0.75,0.0,0.0
GRB 020801,3,3,0.7777777777777777,0.6666666666666666,0.6666666666666666,1.0,0.3333333333333333,0.0
GRB 140308A,3,2,0.6666666666666666,0.5,0.5,1.0,0.3333333333333333,0.0
GRB 140416A,3,2,0.8333333333333334,1.0,0.5,1.0,0.6666666666666666,0.0
GRB 140824B,3,2,0.8333333333333334,1.0,0.5,1.0,0.6666666666666666,0.0
GRB 020706,3,1,1.0,1.0,1.0,1.0,1.0,0.0
GRB 020625,3,3,0.6666666666666666,0.6666666666666666,0.6666666666666666,0.6666666666666666,0.0,0.0
GRB 020525,3,2,0.8333333333333334,1.0,0.5,1.0,0.6666666666666666,0.0
GRB 140428B,3,2,0.8333333333333334,1.0,0.5,1.0,0.6666666666666666,0.0
GRB 140528A,3,2,0.8333333333333334,1.0,0.5,1.0,0.6666666666666666,0.0
GRB 140623A,3,3,0.6666666666666666,0.6666666666666666,0.6666666666666666,0.6666666666666666,0.0,0.0
GRB 140710B,3,2,1.0,1.0,1.0,1.0,1.0,0.0
GRB 140721A,3,2,0.8333333333333334,1.0,0.5,1.0,0.6666666666666666,0.0
GRB 140815A,3,4,0.5,0.5,0.5,0.5,0.0,0.0
GRB 060209,3,3,0.6666666666666666,0.6666666666666666,0.6666666666666666,0.6666666666666666,0.0,0.0
GRB 120728B,3,2,0.8333333333333334,1.0,0.5,1.0,0.6666666666666666,0.0
GRB 200112A,3,2,1.0,1.0,1.0,1.0,1.0,0.0
GRB 081209,3,2,0.8333333333333334,1.0,0.5,1.0,0.6666666666666666,0.0
GRB 081203,3,4,0.5833333333333334,0.5,0.5,0.75,0.0,0.0
GRB 100131A,3,3,0.5555555555555555,0.6666666666666666,0.3333333333333333,0.6666666666666666,0.0,0.0
GRB 190609A,3,2,1.0,1.0,1.0,1.0,1.0,0.0
GRB 100322A,3,2,0.8333333333333334,1.0,0.5,1.0,0.6666666666666666,0.0
GRB 081017,3,2,0.8333333333333334,1.0,0.5,1.0,0.6666666666666666,0.0
GRB 190619B,3,2,1.0,1.0,1.0,1.0,1.0,0.0
GRB 190404B,3,2,0.8333333333333334,1.0,0.5,1.0,0.6666666666666666,0.0
GRB 100324B,3,2,0.6666666666666666,0.5,0.5,1.0,0.3333333333333333,0.0
GRB 100427A,3,3,0.7777777777777777,0.6666666666666666,0.6666666666666666,1.0,0.3333333333333333,0.0
GRB 080916,3,4,0.6666666666666666,0.5,0.5,1.0,0.3333333333333333,0.0
GRB 100511A,3,2,0.6666666666666666,0.5,0.5,1.0,0.3333333333333333,0.0
GRB 100701B,3,2,0.8333333333333334,1.0,0.5,1.0,0.6666666666666666,0.0
GRB 190329A,3,2,0.6666666666666666,0.5,0.5,1.0,0.3333333333333333,0.0
GRB 080828,3,4,0.5,0.5,0.25,0.75,0.0,0.0
GRB 080825C,3,2,0.8333333333333334,1.0,0.5,1.0,0.6666666666666666,0.0
GRB 100826A,3,2,0.8333333333333334,1.0,0.5,1.0,0.6666666666666666,0.0
GRB 100829A,3,3,0.5555555555555555,0.6666666666666666,0.3333333333333333,0.6666666666666666,0.0,0.0
GRB 100904A,3,2,0.8333333333333334,1.0,0.5,1.0,0.6666666666666666,0.0
GRB 080822B,3,3,0.6666666666666666,0.6666666666666666,0.6666666666666666,0.6666666666666666,0.0,0.0
GRB 100915B,3,3,0.6666666666666666,0.6666666666666666,0.6666666666666666,0.6666666666666666,0.0,0.0
GRB 100917A,3,3,0.6666666666666666,0.6666666666666666,0.6666666666666666,0.6666666666666666,0.0,0.0
GRB 091123,3,2,0.8333333333333334,1.0,0.5,1.0,0.6666666666666666,0.0
GRB 091109A,3,1,1.0,1.0,1.0,1.0,1.0,0.0
GRB 120707A,3,2,0.8333333333333334,1.0,0.5,1.0,0.6666666666666666,0.0
GRB 081216,3,2,0.6666666666666666,0.5,0.5,1.0,0.3333333333333333,0.0
GRB 090531A,3,3,0.5555555555555555,0.3333333333333333,0.3333333333333333,1.0,0.3333333333333333,0.0
GRB 090705,3,3,0.5555555555555555,0.6666666666666666,0.3333333333333333,0.6666666666666666,0.0,0.0
GRB 090528B,3,3,0.5555555555555555,0.6666666666666666,0.3333333333333333,0.6666666666666666,0.0,0.0
GRB 090709B,3,2,1.0,1.0,1.0,1.0,1.0,0.0
GRB 090712,3,2,1.0,1.0,1.0,1.0,1.0,0.0
GRB 090720B,3,2,0.8333333333333334,1.0,0.5,1.0,0.6666666666666666,0.0
GRB 090814,3,5,0.4666666666666666,0.4,0.4,0.6,0.0,0.0
GRB 090408B,3,3,0.5555555555555555,0.6666666666666666,0.3333333333333333,0.6666666666666666,0.0,0.0
GRB 090820,3,3,0.5555555555555555,0.6666666666666666,0.3333333333333333,0.6666666666666666,0.0,0.0
GRB 090328B,3,3,0.5555555555555555,0.6666666666666666,0.3333333333333333,0.6666666666666666,0.0,0.0
GRB 090315,3,2,0.6666666666666666,0.5,0.5,1.0,0.3333333333333333,0.0
GRB 090831A,3,2,0.6666666666666666,0.5,0.5,1.0,0.3333333333333333,0.0
GRB 090307,3,4,0.5,0.5,0.25,0.75,0.0,0.0
GRB 090301A,3,2,0.8333333333333334,1.0,0.5,1.0,0.6666666666666666,0.0
GRB 090227B,3,2,0.8333333333333334,1.0,0.5,1.0,0.6666666666666666,0.0
GRB 090129,3,2,1.0,1.0,1.0,1.0,1.0,0.0
GRB 090126A,3,4,0.5833333333333334,0.5,0.5,0.75,0.0,0.0
GRB 091015,3,2,0.6666666666666666,0.5,0.5,1.0,0.3333333333333333,0.0
GRB 190415A,3,2,0.6666666666666666,0.5,0.5,1.0,0.3333333333333333,0.0
GRB 190525A,3,2,0.8333333333333334,1.0,0.5,1.0,0.6666666666666666,0.0
GRB 091031,3,2,1.0,1.0,1.0,1.0,1.0,0.0
GRB 080725,3,2,0.8333333333333334,1.0,0.5,1.0,0.6666666666666666,0.0
GRB 101014A,3,2,1.0,1.0,1.0,1.0,1.0,0.0
GRB 101129A,3,2,0.6666666666666666,0.5,0.5,1.0,0.3333333333333333,0.0
GRB 080723A,3,3,0.5555555555555555,0.6666666666666666,0.3333333333333333,0.6666666666666666,0.0,0.0
GRB 070626,3,2,0.8333333333333334,1.0,0.5,1.0,0.6666666666666666,0.0
GRB 070520,3,3,0.5555555555555555,0.6666666666666666,0.3333333333333333,0.6666666666666666,0.0,0.0
GRB 120419A,3,4,0.6666666666666666,0.5,0.5,1.0,0.3333333333333333,0.0
GRB 190306A,3,3,0.5555555555555555,0.6666666666666666,0.3333333333333333,0.6666666666666666,0.0,0.0
GRB 070429,3,3,0.5555555555555555,0.6666666666666666,0.3333333333333333,0.6666666666666666,0.0,0.0
GRB 120427A,3,3,0.5555555555555555,0.6666666666666666,0.3333333333333333,0.6666666666666666,0.0,0.0
GRB 120519A,3,2,0.6666666666666666,0.5,0.5,1.0,0.3333333333333333,0.0
GRB 061213,3,3,0.7777777777777777,0.6666666666666666,0.6666666666666666,1.0,0.3333333333333333,0.0
GRB 061109,3,3,0.6666666666666666,0.6666666666666666,0.6666666666666666,0.6666666666666666,0.0,0.0
GRB 190810A,3,2,0.8333333333333334,1.0,0.5,1.0,0.6666666666666666,0.0
GRB 190813A,3,2,0.6666666666666666,0.5,0.5,1.0,0.3333333333333333,0.0
GRB 061027,3,3,0.6666666666666666,0.6666666666666666,0.6666666666666666,0.6666666666666666,0.0,0.0
GRB 060912A,3,1,1.0,1.0,1.0,1.0,1.0,0.0
GRB 120602A,3,2,0.6666666666666666,0.5,0.5,1.0,0.3333333333333333,0.0
GRB 060904,3,3,0.5555555555555555,0.6666666666666666,0.3333333333333333,0.6666666666666666,0.0,0.0
GRB 190215A,3,2,0.8333333333333334,1.0,0.5,1.0,0.6666666666666666,0.0
GRB 060806,3,2,0.8333333333333334,1.0,0.5,1.0,0.6666666666666666,0.0
GRB 120603A,3,2,0.6666666666666666,0.5,0.5,1.0,0.3333333333333333,0.0
GRB 120624A,3,2,0.8333333333333334,1.0,0.5,1.0,0.6666666666666666,0.0
GRB 060429,3,2,0.6666666666666666,0.5,0.5,1.0,0.3333333333333333,0.0
GRB 060424,3,4,0.5833333333333334,0.5,0.5,0.75,0.0,0.0
GRB 120129A,3,3,0.5555555555555555,0.6666666666666666,0.3333333333333333,0.6666666666666666,0.0,0.0
GRB 070714,3,3,0.6666666666666666,0.6666666666666666,0.6666666666666666,0.6666666666666666,0.0,0.0
GRB 120127A,3,2,0.6666666666666666,0.5,0.5,1.0,0.3333333333333333,0.0
GRB 071125,3,2,0.6666666666666666,0.5,0.5,1.0,0.3333333333333333,0.0
GRB 080723,3,3,0.6666666666666666,0.6666666666666666,0.6666666666666666,0.6666666666666666,0.0,0.0
GRB 080405,3,3,0.6666666666666666,0.6666666666666666,0.6666666666666666,0.6666666666666666,0.0,0.0
GRB 110318A,3,2,1.0,1.0,1.0,1.0,1.0,0.0
GRB 190706D,3,2,0.6666666666666666,0.5,0.5,1.0,0.3333333333333333,0.0
GRB 080229A,3,2,0.8333333333333334,1.0,0.5,1.0,0.6666666666666666,0.0
GRB 110412A,3,2,1.0,1.0,1.0,1.0,1.0,0.0
GRB 080204,3,2,0.6666666666666666,0.5,0.5,1.0,0.3333333333333333,0.0
GRB 110618A,3,3,0.5555555555555555,0.6666666666666666,0.3333333333333333,0.6666666666666666,0.0,0.0
GRB 190714A,3,3,0.5555555555555555,0.6666666666666666,0.3333333333333333,0.6666666666666666,0.0,0.0
GRB 071028B,3,3,0.8888888888888888,1.0,0.6666666666666666,1.0,0.6666666666666666,0.0
GRB 190726B,3,2,1.0,1.0,1.0,1.0,1.0,0.0
GRB 071025A,3,2,0.6666666666666666,0.5,0.5,1.0,0.3333333333333333,0.0
GRB 071020A,3,3,0.6666666666666666,0.6666666666666666,0.3333333333333333,1.0,0.3333333333333333,0.0
GRB 071006,3,2,1.0,1.0,1.0,1.0,1.0,0.0
GRB 070920,3,3,0.6666666666666666,0.6666666666666666,0.6666666666666666,0.6666666666666666,0.0,0.0
GRB 190720B,3,2,0.8333333333333334,1.0,0.5,1.0,0.6666666666666666,0.0
GRB 111026A,3,2,0.8333333333333334,1.0,0.5,1.0,0.6666666666666666,0.0
GRB 190724A,3,2,0.6666666666666666,0.5,0.5,1.0,0.3333333333333333,0.0
GRB 190726A,3,2,0.8333333333333334,1.0,0.5,1.0,0.6666666666666666,0.0
GRB 070810A,3,2,0.6666666666666666,0.5,0.5,1.0,0.3333333333333333,0.0
GRB 150127B,3,2,0.8333333333333334,1.0,0.5,1.0,0.6666666666666666,0.0
GRB 191028B,3,3,0.6666666666666666,0.6666666666666666,0.6666666666666666,0.6666666666666666,0.0,0.0
GRB 170527A,3,2,0.8333333333333334,1.0,0.5,1.0,0.6666666666666666,0.0
GRB 171223A,3,2,0.8333333333333334,1.0,0.5,1.0,0.6666666666666666,0.0
GRB 200502A,3,2,0.8333333333333334,1.0,0.5,1.0,0.6666666666666666,0.0
EP250905b,3,2,0.6666666666666666,0.5,0.5,1.0,0.3333333333333333,0.0
GRB 160806A,3,2,0.8333333333333334,1.0,0.5,1.0,0.6666666666666666,0.0
GRB 151004A,3,4,0.5833333333333334,0.5,0.5,0.75,0.0,0.0
GRB 150922A,3,2,0.8333333333333334,1.0,0.5,1.0,0.6666666666666666,0.0
GRB 200313B,3,2,0.8333333333333334,1.0,0.5,1.0,0.6666666666666666,0.0
GRB 170826A,3,2,0.8333333333333334,1.0,0.5,1.0,0.6666666666666666,0.0
EP240416A,3,2,0.6666666666666666,0.5,0.5,1.0,0.3333333333333333,0.0
EP241109a,3,1,1.0,1.0,1.0,1.0,1.0,0.0
EP240417a,3,1,1.0,1.0,1.0,1.0,1.0,0.0
GRB 170708A,3,2,0.6666666666666666,0.5,0.5,1.0,0.3333333333333333,0.0
GRB 150824A,3,2,0.8333333333333334,1.0,0.5,1.0,0.6666666666666666,0.0
GRB 160820A,3,2,0.8333333333333334,1.0,0.5,1.0,0.6666666666666666,0.0
GRB 171216B,3,2,0.6666666666666666,0.5,0.5,1.0,0.3333333333333333,0.0
EP240426a,3,1,1.0,1.0,1.0,1.0,1.0,0.0
GRB 150819B,3,2,0.8333333333333334,1.0,0.5,1.0,0.6666666666666666,0.0
GRB 200423A,3,3,0.6666666666666666,0.6666666666666666,0.3333333333333333,1.0,0.3333333333333333,0.0
GRB 171003A,3,4,0.5,0.5,0.5,0.5,0.0,0.0
EP251021b,3,3,0.5555555555555555,0.3333333333333333,0.3333333333333333,1.0,0.3333333333333333,0.0
EP251023b,3,3,0.7777777777777777,0.6666666666666666,0.6666666666666666,1.0,0.3333333333333333,0.0
EP251222b,3,3,0.7777777777777777,0.6666666666666666,0.6666666666666666,1.0,0.3333333333333333,0.0
EP240518a,3,1,1.0,1.0,1.0,1.0,1.0,0.0
GRB 150811B,3,2,0.8333333333333334,1.0,0.5,1.0,0.6666666666666666,0.0
GRB 200216A,3,2,1.0,1.0,1.0,1.0,1.0,0.0
EP241217A,3,3,0.5555555555555555,0.6666666666666666,0.3333333333333333,0.6666666666666666,0.0,0.0
GRB 180404C,3,2,0.6666666666666666,0.5,0.5,1.0,0.3333333333333333,0.0
GRB 151222A,3,2,0.8333333333333334,1.0,0.5,1.0,0.6666666666666666,0.0
GRB 170320A,3,2,0.6666666666666666,0.5,0.5,1.0,0.3333333333333333,0.0
GRB 200306.95,3,3,1.0,1.0,1.0,1.0,1.0,0.0
GRB 180116A,3,2,0.6666666666666666,0.5,0.5,1.0,0.3333333333333333,0.0
GRB 170904A,3,2,0.6666666666666666,0.5,0.5,1.0,0.3333333333333333,0.0
GRB 170403A,3,2,0.8333333333333334,1.0,0.5,1.0,0.6666666666666666,0.0
GRB 170311B,3,2,0.8333333333333334,1.0,0.5,1.0,0.6666666666666666,0.0
EP250205a,3,3,0.7777777777777777,0.6666666666666666,0.6666666666666666,1.0,0.3333333333333333,0.0
GRB 170902A,3,4,0.5833333333333334,0.5,0.5,0.75,0.0,0.0
GRB 180112A,3,2,0.6666666666666666,0.5,0.5,1.0,0.3333333333333333,0.0
GRB 170307A,3,2,0.8333333333333334,1.0,0.5,1.0,0.6666666666666666,0.0
GRB 200301,3,2,0.5,0.5,0.5,0.5,0.0,0.0
EP250302A,3,3,0.5555555555555555,0.3333333333333333,0.3333333333333333,1.0,0.3333333333333333,0.0
EP-WXT 01709178975,3,1,1.0,1.0,1.0,1.0,1.0,0.0
GRB 200224B,3,3,0.5555555555555555,0.6666666666666666,0.3333333333333333,0.6666666666666666,0.0,0.0
GRB 170305A,3,2,0.6666666666666666,0.5,0.5,1.0,0.3333333333333333,0.0
GRB 160219A,3,2,0.8333333333333334,1.0,0.5,1.0,0.6666666666666666,0.0
GRB 200307A,3,2,0.8333333333333334,1.0,0.5,1.0,0.6666666666666666,0.0
GRB 200510A,3,2,1.0,1.0,1.0,1.0,1.0,0.0
GRB 170529A,3,2,0.8333333333333334,1.0,0.5,1.0,0.6666666666666666,0.0
EP250407a,3,2,0.6666666666666666,0.5,0.5,1.0,0.3333333333333333,0.0
GRB 180221A,3,3,0.6666666666666666,0.6666666666666666,0.6666666666666666,0.6666666666666666,0.0,0.0
GRB 160622A,3,3,0.6666666666666666,0.6666666666666666,0.3333333333333333,1.0,0.3333333333333333,0.0
GRB 170203A,3,2,0.8333333333333334,1.0,0.5,1.0,0.6666666666666666,0.0
EP260101a,3,2,0.6666666666666666,0.5,0.5,1.0,0.3333333333333333,0.0
GRB 180120A,3,2,0.8333333333333334,1.0,0.5,1.0,0.6666666666666666,0.0
GRB 171112A,3,2,0.8333333333333334,1.0,0.5,1.0,0.6666666666666666,0.0
EP260603a,3,2,0.6666666666666666,0.5,0.5,1.0,0.3333333333333333,0.0
EP260429a,3,2,0.6666666666666666,0.5,0.5,1.0,0.3333333333333333,0.0
EP240918b,3,1,1.0,1.0,1.0,1.0,1.0,0.0
GRB 200607A,3,3,0.7777777777777777,0.6666666666666666,0.6666666666666666,1.0,0.3333333333333333,0.0
GRB 161203A,3,2,0.6666666666666666,0.5,0.5,1.0,0.3333333333333333,0.0
GRB 170105A,3,2,0.8333333333333334,1.0,0.5,1.0,0.6666666666666666,0.0
GRB 150330A,3,2,0.8333333333333334,1.0,0.5,1.0,0.6666666666666666,0.0
GRB 200402A,3,3,0.7777777777777777,0.6666666666666666,0.6666666666666666,1.0,0.3333333333333333,0.0
GRB 150512A,3,3,0.6666666666666666,0.6666666666666666,0.6666666666666666,0.6666666666666666,0.0,0.0
GRB 161123A,3,3,0.5555555555555555,0.6666666666666666,0.3333333333333333,0.6666666666666666,0.0,0.0
AT2023avj,3,3,0.5555555555555555,0.6666666666666666,0.3333333333333333,0.6666666666666666,0.0,0.0
GRB 200403A,3,3,0.7777777777777777,0.6666666666666666,0.6666666666666666,1.0,0.3333333333333333,0.0
GRB 150530B,3,3,0.5555555555555555,0.6666666666666666,0.3333333333333333,0.6666666666666666,0.0,0.0
EP240703b,3,1,1.0,1.0,1.0,1.0,1.0,0.0
GRB 170805A,3,2,0.6666666666666666,0.5,0.5,1.0,0.3333333333333333,0.0
GRB 170117A,3,4,0.5,0.5,0.5,0.5,0.0,0.0
EP240820a,3,1,1.0,1.0,1.0,1.0,1.0,0.0
GRB 150424B,3,2,0.8333333333333334,1.0,0.5,1.0,0.6666666666666666,0.0
GRB 170808B,3,2,1.0,1.0,1.0,1.0,1.0,0.0
GRB 150801A,3,3,0.5555555555555555,0.6666666666666666,0.3333333333333333,0.6666666666666666,0.0,0.0
GRB 200607B,3,3,0.7777777777777777,0.6666666666666666,0.6666666666666666,1.0,0.3333333333333333,0.0
GRB 170724A,3,2,1.0,1.0,1.0,1.0,1.0,0.0
EP260605a,3,1,1.0,1.0,1.0,1.0,1.0,0.0
EP260104a,3,2,0.8333333333333334,1.0,0.5,1.0,0.6666666666666666,0.0
GRB 180407A,3,2,0.8333333333333334,1.0,0.5,1.0,0.6666666666666666,0.0
GRB 171108A,3,2,0.8333333333333334,1.0,0.5,1.0,0.6666666666666666,0.0
GRB 171119A,3,2,0.8333333333333334,1.0,0.5,1.0,0.6666666666666666,0.0
GRB 170805B,3,2,0.6666666666666666,0.5,0.5,1.0,0.3333333333333333,0.0
GRB 161106A,3,2,0.6666666666666666,0.5,0.5,1.0,0.3333333333333333,0.0
GRB 200407A,3,3,0.6666666666666666,0.6666666666666666,0.3333333333333333,1.0,0.3333333333333333,0.0
EP240816a,3,1,1.0,1.0,1.0,1.0,1.0,0.0
EP260703a,3,2,0.6666666666666666,0.5,0.5,1.0,0.3333333333333333,0.0
GRB 200601A,3,3,0.6666666666666666,0.6666666666666666,0.3333333333333333,1.0,0.3333333333333333,0.0
EP260616a,3,2,0.8333333333333334,1.0,0.5,1.0,0.6666666666666666,0.0
GRB 200604A,3,3,0.7777777777777777,0.6666666666666666,0.6666666666666666,1.0,0.3333333333333333,0.0
GRB 111126A,2,1,1.0,1.0,1.0,1.0,1.0,0.0
GRB 250225A,2,3,0.8333333333333333,0.8333333333333333,0.6666666666666666,1.0,0.5,0.0
GRB 250107B,2,3,0.8333333333333333,0.8333333333333333,0.6666666666666666,1.0,0.5,0.0
GRB 170228B,2,1,1.0,1.0,1.0,1.0,1.0,0.0
GRB 110808B,2,2,0.75,0.75,0.5,1.0,0.5,0.0
GRB 230904B,2,3,0.6666666666666666,0.6666666666666666,0.6666666666666666,0.6666666666666666,0.0,0.0
GRB 100928A,2,2,1.0,1.0,1.0,1.0,1.0,0.0
GRB 230904A,2,3,0.8333333333333333,0.8333333333333333,0.6666666666666666,1.0,0.5,0.0
GRB 170102A,2,2,0.75,0.75,0.5,1.0,0.5,0.0
GRB 250223C,2,2,1.0,1.0,1.0,1.0,1.0,0.0
GRB 250307A,2,3,0.8333333333333333,0.8333333333333333,0.6666666666666666,1.0,0.5,0.0
GRB 231030A,2,3,0.8333333333333333,0.8333333333333333,0.6666666666666666,1.0,0.5,0.0
GRB 250309A,2,3,0.8333333333333333,0.8333333333333333,0.6666666666666666,1.0,0.5,0.0
GRB 200612.19,2,3,1.0,1.0,1.0,1.0,1.0,0.0
GRB 230828A,2,2,0.75,0.75,0.5,1.0,0.5,0.0
GRB 230915A,2,2,1.0,1.0,1.0,1.0,1.0,0.0
GRB 250223A,2,3,0.8333333333333333,0.8333333333333333,0.6666666666666666,1.0,0.5,0.0
GRB 170114A,2,2,0.75,0.75,0.5,1.0,0.5,0.0
GRB 230916B,2,3,0.6666666666666666,0.6666666666666666,0.3333333333333333,1.0,0.5,0.0
GRB 230918A,2,2,0.75,0.75,0.5,1.0,0.5,0.0
GRB 110827A,2,2,1.0,1.0,1.0,1.0,1.0,0.0
GRB 250118B,2,2,0.75,0.75,0.5,1.0,0.5,0.0
GRB 110802A,2,2,0.75,0.75,0.5,1.0,0.5,0.0
GRB 250128A,2,3,0.8333333333333333,0.8333333333333333,0.6666666666666666,1.0,0.5,0.0
GRB 230827.256,2,2,1.0,1.0,1.0,1.0,1.0,0.0
GRB 111016B,2,2,0.75,0.75,0.5,1.0,0.5,0.0
GRB 170124A,2,1,1.0,1.0,1.0,1.0,1.0,0.0
GRB 110519A,2,2,1.0,1.0,1.0,1.0,1.0,0.0
GRB 231003A,2,3,0.6666666666666666,0.6666666666666666,0.6666666666666666,0.6666666666666666,0.0,0.0
GRB 231012B,2,1,1.0,1.0,1.0,1.0,1.0,0.0
GRB 111113A,2,2,0.75,0.75,0.5,1.0,0.5,0.0
GRB 250202C,2,2,0.75,0.75,0.5,1.0,0.5,0.0
GRB 250204A,2,2,0.75,0.75,0.5,1.0,0.5,0.0
GRB 110518A,2,2,0.75,0.75,0.5,1.0,0.5,0.0
GRB 230916.18,2,3,1.0,1.0,1.0,1.0,1.0,0.0
GRB 110328B,2,2,1.0,1.0,1.0,1.0,1.0,0.0
GRB 110328,2,3,0.8333333333333333,0.8333333333333333,0.6666666666666666,1.0,0.5,0.0
GRB 110820B,2,2,0.75,0.75,0.5,1.0,0.5,0.0
GRB 230913.70,2,3,1.0,1.0,1.0,1.0,1.0,0.0
GRB 250211A,2,3,0.8333333333333333,0.8333333333333333,0.6666666666666666,1.0,0.5,0.0
GRB 250212A,2,3,0.8333333333333333,0.8333333333333333,0.6666666666666666,1.0,0.5,0.0
GRB 250217A,2,3,0.8333333333333333,0.8333333333333333,0.6666666666666666,1.0,0.5,0.0
GRB 250221.15,2,3,1.0,1.0,1.0,1.0,1.0,0.0
GRB 110708B,2,2,0.75,0.75,0.5,1.0,0.5,0.0
GRB 240430A,2,2,0.75,0.75,0.5,1.0,0.5,0.0
GRB 170402A,2,2,0.75,0.75,0.5,1.0,0.5,0.0
GRB 250626A,2,3,0.8333333333333333,0.8333333333333333,0.6666666666666666,1.0,0.5,0.0
GRB 230623B,2,2,0.75,0.75,0.5,1.0,0.5,0.0
GRB 250623A,2,3,0.8333333333333333,0.8333333333333333,0.6666666666666666,1.0,0.5,0.0
GRB 250621A,2,3,0.8333333333333333,0.8333333333333333,0.6666666666666666,1.0,0.5,0.0
GRB 090831,2,2,0.75,0.75,0.5,1.0,0.5,0.0
GRB 230625A,2,2,0.75,0.75,0.5,1.0,0.5,0.0
GRB 250617A,2,3,0.8333333333333333,0.8333333333333333,0.6666666666666666,1.0,0.5,0.0
GRB 090910,2,2,0.75,0.75,0.5,1.0,0.5,0.0
GRB 250612A,2,2,1.0,1.0,1.0,1.0,1.0,0.0
GRB 230628A,2,3,0.6666666666666666,0.6666666666666666,0.6666666666666666,0.6666666666666666,0.0,0.0
GRB 250610A,2,3,0.8333333333333333,0.8333333333333333,0.6666666666666666,1.0,0.5,0.0
GRB 090922A,2,2,1.0,1.0,1.0,1.0,1.0,0.0
GRB 250607A,2,2,1.0,1.0,1.0,1.0,1.0,0.0
GRB 250606A,2,3,0.8333333333333333,0.8333333333333333,0.6666666666666666,1.0,0.5,0.0
GRB 170712A,2,2,0.75,0.75,0.5,1.0,0.5,0.0
GRB 170710D,2,1,1.0,1.0,1.0,1.0,1.0,0.0
GRB 090926,2,2,1.0,1.0,1.0,1.0,1.0,0.0
GRB 170710C,2,2,0.75,0.75,0.5,1.0,0.5,0.0
GRB 250624A,2,3,0.8333333333333333,0.8333333333333333,0.6666666666666666,1.0,0.5,0.0
GRB 170726A,2,2,0.75,0.75,0.5,1.0,0.5,0.0
GRB 250530B,2,3,0.8333333333333333,0.8333333333333333,0.6666666666666666,1.0,0.5,0.0
GRB 170730A,2,2,0.75,0.75,0.5,1.0,0.5,0.0
GRB 090623,2,2,0.75,0.75,0.5,1.0,0.5,0.0
GRB 250814C,2,2,0.75,0.75,0.5,1.0,0.5,0.0
GRB 090702,2,1,1.0,1.0,1.0,1.0,1.0,0.0
GRB 250813A,2,2,1.0,1.0,1.0,1.0,1.0,0.0
GRB 090704,2,2,1.0,1.0,1.0,1.0,1.0,0.0
GRB 170807A,2,2,1.0,1.0,1.0,1.0,1.0,0.0
GRB 090713,2,3,0.6666666666666666,0.6666666666666666,0.6666666666666666,0.6666666666666666,0.0,0.0
GRB 250718B,2,2,1.0,1.0,1.0,1.0,1.0,0.0
GRB 250718A,2,2,1.0,1.0,1.0,1.0,1.0,0.0
GRB 090718B,2,2,1.0,1.0,1.0,1.0,1.0,0.0
GRB 090719,2,2,1.0,1.0,1.0,1.0,1.0,0.0
GRB 250715A,2,3,0.8333333333333333,0.8333333333333333,0.6666666666666666,1.0,0.5,0.0
GRB 250708A,2,3,0.8333333333333333,0.8333333333333333,0.6666666666666666,1.0,0.5,0.0
GRB 250706C,2,2,0.75,0.75,0.5,1.0,0.5,0.0
GRB 250702E,2,3,0.8333333333333333,0.8333333333333333,0.6666666666666666,1.0,0.5,0.0
GRB 090815,2,2,1.0,1.0,1.0,1.0,1.0,0.0
GRB 250702C,2,3,0.8333333333333333,0.8333333333333333,0.6666666666666666,1.0,0.5,0.0
GRB 250531A,2,3,0.8333333333333333,0.8333333333333333,0.6666666666666666,1.0,0.5,0.0
GRB 230703A,2,1,1.0,1.0,1.0,1.0,1.0,0.0
GRB 230818.98,2,3,1.0,1.0,1.0,1.0,1.0,0.0
GRB 100319A,2,3,0.6666666666666666,0.6666666666666666,0.3333333333333333,1.0,0.5,0.0
GRB 250416A,2,3,0.8333333333333333,0.8333333333333333,0.6666666666666666,1.0,0.5,0.0
GRB 230805A,2,3,0.8333333333333333,0.8333333333333333,0.6666666666666666,1.0,0.5,0.0
GRB 250406B,2,2,0.75,0.75,0.5,1.0,0.5,0.0
GRB 100324A,2,1,1.0,1.0,1.0,1.0,1.0,0.0
GRB 231101A,2,2,0.75,0.75,0.5,1.0,0.5,0.0
GRB 250404B,2,2,0.75,0.75,0.5,1.0,0.5,0.0
GRB 230807A,2,3,0.8333333333333333,0.8333333333333333,0.6666666666666666,1.0,0.5,0.0
GRB 100325A,2,2,1.0,1.0,1.0,1.0,1.0,0.0
GRB 100413B,2,2,1.0,1.0,1.0,1.0,1.0,0.0
GRB 170522B,2,2,0.75,0.75,0.5,1.0,0.5,0.0
GRB 100503A,2,2,0.75,0.75,0.5,1.0,0.5,0.0
GRB 100510A,2,2,0.75,0.75,0.5,1.0,0.5,0.0
GRB 170514A,2,2,0.75,0.75,0.5,1.0,0.5,0.0
GRB 170423A,2,3,0.6666666666666666,0.6666666666666666,0.6666666666666666,0.6666666666666666,0.0,0.0
GRB 250320A,2,3,0.6666666666666666,0.6666666666666666,0.6666666666666666,0.6666666666666666,0.0,0.0
GRB 250319B,2,3,0.8333333333333333,0.8333333333333333,0.6666666666666666,1.0,0.5,0.0
GRB 100719A,2,2,1.0,1.0,1.0,1.0,1.0,0.0
GRB 250416C,2,3,1.0,1.0,1.0,1.0,1.0,0.0
GRB 100316,2,2,1.0,1.0,1.0,1.0,1.0,0.0
GRB 170702A,2,2,0.75,0.75,0.5,1.0,0.5,0.0
GRB 100225A,2,2,1.0,1.0,1.0,1.0,1.0,0.0
GRB 230712A,2,2,0.75,0.75,0.5,1.0,0.5,0.0
GRB 091102A,2,2,0.75,0.75,0.5,1.0,0.5,0.0
GRB 250527D,2,2,0.75,0.75,0.5,1.0,0.5,0.0
GRB 230713A,2,3,0.8333333333333333,0.8333333333333333,0.6666666666666666,1.0,0.5,0.0
GRB 230718A,2,2,0.75,0.75,0.5,1.0,0.5,0.0
GRB 250522B,2,3,0.8333333333333333,0.8333333333333333,0.6666666666666666,1.0,0.5,0.0
GRB 170616A,2,2,0.75,0.75,0.5,1.0,0.5,0.0
GRB 091130,2,3,0.6666666666666666,0.6666666666666666,0.6666666666666666,0.6666666666666666,0.0,0.0
GRB 091130A,2,3,0.6666666666666666,0.6666666666666666,0.3333333333333333,1.0,0.5,0.0
GRB 091208,2,3,0.6666666666666666,0.6666666666666666,0.6666666666666666,0.6666666666666666,0.0,0.0
GRB 250512A,2,3,0.8333333333333333,0.8333333333333333,0.6666666666666666,1.0,0.5,0.0
GRB 250510C,2,3,0.8333333333333333,0.8333333333333333,0.6666666666666666,1.0,0.5,0.0
GRB 100122A,2,3,0.6666666666666666,0.6666666666666666,0.6666666666666666,0.6666666666666666,0.0,0.0
GRB 170614A,2,2,0.75,0.75,0.5,1.0,0.5,0.0
GRB 100203A,2,3,0.6666666666666666,0.6666666666666666,0.3333333333333333,1.0,0.5,0.0
GRB 230802B,2,2,1.0,1.0,1.0,1.0,1.0,0.0
GRB 250505A,2,3,0.8333333333333333,0.8333333333333333,0.6666666666666666,1.0,0.5,0.0
GRB 120218A,2,2,1.0,1.0,1.0,1.0,1.0,0.0
GRB 120630A,2,4,0.75,0.75,0.75,0.75,0.0,0.0
GRB 241229C,2,3,0.8333333333333333,0.8333333333333333,0.6666666666666666,1.0,0.5,0.0
GRB 240913A,2,3,0.8333333333333333,0.8333333333333333,0.6666666666666666,1.0,0.5,0.0
GRB 150919A,2,2,0.75,0.75,0.5,1.0,0.5,0.0
GRB 150901A,2,2,1.0,1.0,1.0,1.0,1.0,0.0
GRB 240328A,2,3,0.8333333333333333,0.8333333333333333,0.6666666666666666,1.0,0.5,0.0
GRB 240328B,2,3,0.8333333333333333,0.8333333333333333,0.6666666666666666,1.0,0.5,0.0
GRB 240812B,2,2,1.0,1.0,1.0,1.0,1.0,0.0
GRB 240808A,2,2,1.0,1.0,1.0,1.0,1.0,0.0
GRB 240807B,2,2,1.0,1.0,1.0,1.0,1.0,0.0
GRB 140604A,2,2,0.75,0.75,0.5,1.0,0.5,0.0
GRB 140607A,2,2,1.0,1.0,1.0,1.0,1.0,0.0
GRB 240804B,2,3,0.8333333333333333,0.8333333333333333,0.6666666666666666,1.0,0.5,0.0
GRB 240804A,2,3,0.8333333333333333,0.8333333333333333,0.6666666666666666,1.0,0.5,0.0
GRB 140614C,2,1,1.0,1.0,1.0,1.0,1.0,0.0
GRB 240801B,2,2,1.0,1.0,1.0,1.0,1.0,0.0
GRB 240731A,2,2,1.0,1.0,1.0,1.0,1.0,0.0
GRB 240730B,2,3,0.8333333333333333,0.8333333333333333,0.6666666666666666,1.0,0.5,0.0
GRB 240721A,2,3,0.8333333333333333,0.8333333333333333,0.6666666666666666,1.0,0.5,0.0
GRB 240402A,2,3,0.8333333333333333,0.8333333333333333,0.6666666666666666,1.0,0.5,0.0
GRB 240314A,2,3,0.8333333333333333,0.8333333333333333,0.6666666666666666,1.0,0.5,0.0
GRB 240312A,2,1,1.0,1.0,1.0,1.0,1.0,0.0
GRB 151210B,2,2,0.75,0.75,0.5,1.0,0.5,0.0
GRB 131225A,2,2,0.75,0.75,0.5,1.0,0.5,0.0
GRB 160104B,2,2,0.75,0.75,0.5,1.0,0.5,0.0
GRB 240220A,2,3,0.8333333333333333,0.8333333333333333,0.6666666666666666,1.0,0.5,0.0
GRB 240908A,2,3,0.8333333333333333,0.8333333333333333,0.6666666666666666,1.0,0.5,0.0
GRB 131120A,2,2,1.0,1.0,1.0,1.0,1.0,0.0
GRB 131215A,2,2,0.75,0.75,0.5,1.0,0.5,0.0
GRB 160101B,2,2,1.0,1.0,1.0,1.0,1.0,0.0
GRB 240225A,2,2,0.75,0.75,0.5,1.0,0.5,0.0
GRB 151229B,2,2,0.75,0.75,0.5,1.0,0.5,0.0
GRB 140305A,2,2,1.0,1.0,1.0,1.0,1.0,0.0
GRB 240904A,2,3,0.8333333333333333,0.8333333333333333,0.6666666666666666,1.0,0.5,0.0
GRB 240829B,2,2,0.75,0.75,0.5,1.0,0.5,0.0
GRB 250824A,2,2,0.75,0.75,0.5,1.0,0.5,0.0
GRB 240829A,2,2,1.0,1.0,1.0,1.0,1.0,0.0
GRB 240824C,2,3,0.8333333333333333,0.8333333333333333,0.6666666666666666,1.0,0.5,0.0
GRB 240303A,2,3,0.8333333333333333,0.8333333333333333,0.6666666666666666,1.0,0.5,0.0
GRB 240303C,2,2,0.75,0.75,0.5,1.0,0.5,0.0
GRB 140825A,2,2,0.75,0.75,0.5,1.0,0.5,0.0
GRB 240404A,2,3,0.8333333333333333,0.8333333333333333,0.6666666666666666,1.0,0.5,0.0
GRB 140829A,2,3,0.6666666666666666,0.6666666666666666,0.6666666666666666,0.6666666666666666,0.0,0.0
GRB 240514E,2,2,0.75,0.75,0.5,1.0,0.5,0.0
GRB 240531A,2,2,0.75,0.75,0.5,1.0,0.5,0.0
GRB 240527A,2,3,0.8333333333333333,0.8333333333333333,0.6666666666666666,1.0,0.5,0.0
GRB 240521B,2,2,1.0,1.0,1.0,1.0,1.0,0.0
GRB 240417A,2,3,0.8333333333333333,0.8333333333333333,0.6666666666666666,1.0,0.5,0.0
GRB 240517A,2,3,0.8333333333333333,0.8333333333333333,0.6666666666666666,1.0,0.5,0.0
GRB 240516B,2,2,1.0,1.0,1.0,1.0,1.0,0.0
GRB 150416A,2,2,1.0,1.0,1.0,1.0,1.0,0.0
GRB 150311A,2,4,0.625,0.625,0.5,0.75,0.0,0.0
GRB 141124A,2,3,0.6666666666666666,0.6666666666666666,0.3333333333333333,1.0,0.5,0.0
GRB 240426A,2,2,0.75,0.75,0.5,1.0,0.5,0.0
GRB 240514A,2,2,1.0,1.0,1.0,1.0,1.0,0.0
GRB 240513B,2,3,0.8333333333333333,0.8333333333333333,0.6666666666666666,1.0,0.5,0.0
GRB 240428A,2,3,0.8333333333333333,0.8333333333333333,0.6666666666666666,1.0,0.5,0.0
GRB 150206B,2,3,0.6666666666666666,0.6666666666666666,0.6666666666666666,0.6666666666666666,0.0,0.0
GRB 240502B,2,3,0.8333333333333333,0.8333333333333333,0.6666666666666666,1.0,0.5,0.0
GRB 150305A,2,3,0.8333333333333333,0.8333333333333333,0.6666666666666666,1.0,0.5,0.0
GRB 240602A,2,3,0.8333333333333333,0.8333333333333333,0.6666666666666666,1.0,0.5,0.0
GRB 240605A,2,3,0.8333333333333333,0.8333333333333333,0.6666666666666666,1.0,0.5,0.0
GRB 240710B,2,1,1.0,1.0,1.0,1.0,1.0,0.0
GRB 150725A,2,2,0.75,0.75,0.5,1.0,0.5,0.0
GRB 140901A,2,2,0.75,0.75,0.5,1.0,0.5,0.0
GRB 140906A,2,3,0.6666666666666666,0.6666666666666666,0.6666666666666666,0.6666666666666666,0.0,0.0
GRB 240625B,2,3,0.8333333333333333,0.8333333333333333,0.6666666666666666,1.0,0.5,0.0
GRB 240625A,2,2,1.0,1.0,1.0,1.0,1.0,0.0
GRB 240405B,2,3,0.8333333333333333,0.8333333333333333,0.6666666666666666,1.0,0.5,0.0
GRB 140916B,2,3,0.8333333333333333,0.8333333333333333,0.6666666666666666,1.0,0.5,0.0
GRB 140930A,2,3,0.8333333333333333,0.8333333333333333,0.6666666666666666,1.0,0.5,0.0
GRB 240408A,2,3,0.8333333333333333,0.8333333333333333,0.6666666666666666,1.0,0.5,0.0
GRB 240605C,2,3,0.8333333333333333,0.8333333333333333,0.6666666666666666,1.0,0.5,0.0
GRB 240616A,2,3,0.8333333333333333,0.8333333333333333,0.6666666666666666,1.0,0.5,0.0
GRB 240612B,2,3,0.8333333333333333,0.8333333333333333,0.6666666666666666,1.0,0.5,0.0
GRB 240611A,2,3,0.8333333333333333,0.8333333333333333,0.6666666666666666,1.0,0.5,0.0
GRB 240610A,2,3,0.8333333333333333,0.8333333333333333,0.6666666666666666,1.0,0.5,0.0
GRB 150721A,2,2,1.0,1.0,1.0,1.0,1.0,0.0
GRB 240608A,2,3,0.8333333333333333,0.8333333333333333,0.6666666666666666,1.0,0.5,0.0
GRB 141029B,2,2,0.75,0.75,0.5,1.0,0.5,0.0
GRB 160111A,2,2,0.75,0.75,0.5,1.0,0.5,0.0
GRB 131011B,2,2,1.0,1.0,1.0,1.0,1.0,0.0
GRB 120402B,2,3,0.6666666666666666,0.6666666666666666,0.6666666666666666,0.6666666666666666,0.0,0.0
GRB 240214A,2,2,0.75,0.75,0.5,1.0,0.5,0.0
GRB 160827A,2,2,1.0,1.0,1.0,1.0,1.0,0.0
GRB 160825A,2,2,1.0,1.0,1.0,1.0,1.0,0.0
GRB 160822A,2,2,0.75,0.75,0.5,1.0,0.5,0.0
GRB 231222A,2,2,1.0,1.0,1.0,1.0,1.0,0.0
GRB 241201B,2,2,1.0,1.0,1.0,1.0,1.0,0.0
GRB 231224A,2,2,0.75,0.75,0.5,1.0,0.5,0.0
GRB 120816B,2,2,0.75,0.75,0.5,1.0,0.5,0.0
GRB 241128B,2,2,0.75,0.75,0.5,1.0,0.5,0.0
GRB 120918A,2,2,1.0,1.0,1.0,1.0,1.0,0.0
GRB 160819A,2,2,0.75,0.75,0.5,1.0,0.5,0.0
GRB 241118A,2,3,0.8333333333333333,0.8333333333333333,0.6666666666666666,1.0,0.5,0.0
GRB 241117B,2,3,0.8333333333333333,0.8333333333333333,0.6666666666666666,1.0,0.5,0.0
GRB 240102B,2,3,0.8333333333333333,0.8333333333333333,0.6666666666666666,1.0,0.5,0.0
GRB 241115D,2,3,1.0,1.0,1.0,1.0,1.0,0.0
GRB 240106B,2,2,0.75,0.75,0.5,1.0,0.5,0.0
GRB 241115C,2,2,1.0,1.0,1.0,1.0,1.0,0.0
GRB 121014A,2,2,1.0,1.0,1.0,1.0,1.0,0.0
GRB 231214B,2,2,1.0,1.0,1.0,1.0,1.0,0.0
GRB 231210.90,2,3,1.0,1.0,1.0,1.0,1.0,0.0
GRB 161020A,2,2,1.0,1.0,1.0,1.0,1.0,0.0
GRB 120522A,2,2,0.75,0.75,0.5,1.0,0.5,0.0
GRB 231103A,2,3,0.8333333333333333,0.8333333333333333,0.6666666666666666,1.0,0.5,0.0
GRB 120426A,2,2,0.75,0.75,0.5,1.0,0.5,0.0
GRB 231108A,2,3,0.8333333333333333,0.8333333333333333,0.6666666666666666,1.0,0.5,0.0
GRB 241221A,2,3,0.8333333333333333,0.8333333333333333,0.6666666666666666,1.0,0.5,0.0
GRB 120512A,2,2,0.75,0.75,0.5,1.0,0.5,0.0
GRB 231116A,2,3,0.8333333333333333,0.8333333333333333,0.6666666666666666,1.0,0.5,0.0
GRB 231122A,2,2,0.75,0.75,0.5,1.0,0.5,0.0
GRB 231123A,2,2,1.0,1.0,1.0,1.0,1.0,0.0
GRB 161020B,2,2,0.75,0.75,0.5,1.0,0.5,0.0
GRB 120528B,2,2,0.75,0.75,0.5,1.0,0.5,0.0
GRB 161207A,2,1,1.0,1.0,1.0,1.0,1.0,0.0
GRB 231128A,2,2,0.75,0.75,0.5,1.0,0.5,0.0
GRB 241209E,2,3,0.8333333333333333,0.8333333333333333,0.6666666666666666,1.0,0.5,0.0
GRB 120617A,2,2,0.75,0.75,0.5,1.0,0.5,0.0
GRB 240501A,2,3,0.8333333333333333,0.8333333333333333,0.6666666666666666,1.0,0.5,0.0
GRB 241206C,2,2,0.75,0.75,0.5,1.0,0.5,0.0
GRB 160702A,2,2,0.75,0.75,0.5,1.0,0.5,0.0
GRB 121029A,2,2,0.75,0.75,0.5,1.0,0.5,0.0
GRB 241114A,2,3,0.8333333333333333,0.8333333333333333,0.6666666666666666,1.0,0.5,0.0
GRB 160314B,2,2,1.0,1.0,1.0,1.0,1.0,0.0
GRB 160406A,2,2,0.75,0.75,0.5,1.0,0.5,0.0
GRB 241011A,2,3,0.8333333333333333,0.8333333333333333,0.6666666666666666,1.0,0.5,0.0
GRB 241010B,2,3,0.8333333333333333,0.8333333333333333,0.6666666666666666,1.0,0.5,0.0
GRB 130610B,2,2,0.75,0.75,0.5,1.0,0.5,0.0
GRB 130614A,2,2,0.75,0.75,0.5,1.0,0.5,0.0
GRB 130628A,2,2,0.75,0.75,0.5,1.0,0.5,0.0
GRB 241002D,2,2,1.0,1.0,1.0,1.0,1.0,0.0
GRB 240125B,2,2,0.75,0.75,0.5,1.0,0.5,0.0
GRB 241016A,2,3,0.8333333333333333,0.8333333333333333,0.6666666666666666,1.0,0.5,0.0
GRB 130715A,2,2,0.75,0.75,0.5,1.0,0.5,0.0
GRB 240127A,2,3,0.8333333333333333,0.8333333333333333,0.6666666666666666,1.0,0.5,0.0
GRB 130722C,2,3,0.8333333333333333,0.8333333333333333,0.6666666666666666,1.0,0.5,0.0
GRB 160225B,2,2,0.75,0.75,0.5,1.0,0.5,0.0
GRB 160225.81,2,3,1.0,1.0,1.0,1.0,1.0,0.0
GRB 240919A,2,3,1.0,1.0,1.0,1.0,1.0,0.0
GRB 160206B,2,3,0.6666666666666666,0.6666666666666666,0.6666666666666666,0.6666666666666666,0.0,0.0
GRB 160503A,2,2,1.0,1.0,1.0,1.0,1.0,0.0
GRB 241021A,2,2,0.75,0.75,0.5,1.0,0.5,0.0
GRB 240112B,2,3,0.8333333333333333,0.8333333333333333,0.6666666666666666,1.0,0.5,0.0
GRB 130215,2,2,0.75,0.75,0.5,1.0,0.5,0.0
GRB 160620A,2,2,0.75,0.75,0.5,1.0,0.5,0.0
GRB 160530B,2,2,0.75,0.75,0.5,1.0,0.5,0.0
GRB 160525C,2,2,0.75,0.75,0.5,1.0,0.5,0.0
GRB 241112A,2,3,0.8333333333333333,0.8333333333333333,0.6666666666666666,1.0,0.5,0.0
GRB 241111A,2,3,0.8333333333333333,0.8333333333333333,0.6666666666666666,1.0,0.5,0.0
GRB 240118B,2,3,0.8333333333333333,0.8333333333333333,0.6666666666666666,1.0,0.5,0.0
GRB 160525A,2,2,1.0,1.0,1.0,1.0,1.0,0.0
GRB 130228A,2,2,0.75,0.75,0.5,1.0,0.5,0.0
GRB 241024B,2,3,0.8333333333333333,0.8333333333333333,0.6666666666666666,1.0,0.5,0.0
GRB 130307A,2,2,0.75,0.75,0.5,1.0,0.5,0.0
GRB 130320A,2,2,0.75,0.75,0.5,1.0,0.5,0.0
GRB 160521A,2,2,0.75,0.75,0.5,1.0,0.5,0.0
GRB 160508A,2,2,0.75,0.75,0.5,1.0,0.5,0.0
GRB 130320B,2,2,0.75,0.75,0.5,1.0,0.5,0.0
GRB 240122B,2,1,1.0,1.0,1.0,1.0,1.0,0.0
GRB 130419A,2,2,1.0,1.0,1.0,1.0,1.0,0.0
GRB 090617,2,2,0.75,0.75,0.5,1.0,0.5,0.0
GRB 200609A,2,2,0.75,0.75,0.5,1.0,0.5,0.0
GRB 250824B,2,3,0.8333333333333333,0.8333333333333333,0.6666666666666666,1.0,0.5,0.0
LIGO/Virgo/KAGRA S231108u,2,1,1.0,1.0,1.0,1.0,1.0,0.0
LIGO/Virgo/KAGRA S231231ag,2,1,1.0,1.0,1.0,1.0,1.0,0.0
LIGO/Virgo/KAGRA S231226av,2,1,1.0,1.0,1.0,1.0,1.0,0.0
LIGO/Virgo/KAGRA S231223j,2,1,1.0,1.0,1.0,1.0,1.0,0.0
LIGO/Virgo/KAGRA S231213ap,2,1,1.0,1.0,1.0,1.0,1.0,0.0
EP260224a,2,1,1.0,1.0,1.0,1.0,1.0,0.0
EP260417b,2,1,1.0,1.0,1.0,1.0,1.0,0.0
LIGO/Virgo/KAGRA S231127cg,2,1,1.0,1.0,1.0,1.0,1.0,0.0
EP260518a,2,2,0.75,0.75,0.5,1.0,0.5,0.0
EP260602c,2,1,1.0,1.0,1.0,1.0,1.0,0.0
LIGO/Virgo/KAGRA S231118ab,2,1,1.0,1.0,1.0,1.0,1.0,0.0
LIGO/Virgo/KAGRA S231110g,2,1,1.0,1.0,1.0,1.0,1.0,0.0
LIGO/Virgo/KAGRA S231104ac,2,1,1.0,1.0,1.0,1.0,1.0,0.0
LIGO/Virgo/KAGRA S230831e,2,1,1.0,1.0,1.0,1.0,1.0,0.0
EP260628a,2,1,1.0,1.0,1.0,1.0,1.0,0.0
LIGO/Virgo/KAGRA S231028bg,2,1,1.0,1.0,1.0,1.0,1.0,0.0
LIGO/Virgo/KAGRA S231025a,2,3,0.6666666666666666,0.6666666666666666,0.6666666666666666,0.6666666666666666,0.0,0.0
EP260711a,2,1,1.0,1.0,1.0,1.0,1.0,0.0
LIGO/Virgo/KAGRA S231014r,2,2,0.75,0.75,0.5,1.0,0.5,0.0
LIGO/Virgo/KAGRA S231008ap,2,1,1.0,1.0,1.0,1.0,1.0,0.0
LIGO/Virgo/KAGRA S231005ah,2,1,1.0,1.0,1.0,1.0,1.0,0.0
LIGO/Virgo/KAGRA S230927l,2,1,1.0,1.0,1.0,1.0,1.0,0.0
LIGO/Virgo/KAGRA S230927be,2,1,1.0,1.0,1.0,1.0,1.0,0.0
LIGO/Virgo/KAGRA S230922q,2,1,1.0,1.0,1.0,1.0,1.0,0.0
FRB 20250206A,2,2,0.75,0.75,0.5,1.0,0.5,0.0
LIGO/Virgo/KAGRA S240107b,2,1,1.0,1.0,1.0,1.0,1.0,0.0
EP251230a,2,2,1.0,1.0,1.0,1.0,1.0,0.0
LIGO/Virgo/KAGRA S240426dl,2,1,1.0,1.0,1.0,1.0,1.0,0.0
LIGO/Virgo/KAGRA S240426s,2,1,1.0,1.0,1.0,1.0,1.0,0.0
LIGO/Virgo/KAGRA S240813c,2,1,1.0,1.0,1.0,1.0,1.0,0.0
LIGO/Virgo/KAGRA S240807h,2,2,0.75,0.75,0.5,1.0,0.5,0.0
EP250304A,2,3,0.6666666666666666,0.6666666666666666,0.6666666666666666,0.6666666666666666,0.0,0.0
LIGO/Virgo/KAGRA S240705at,2,1,1.0,1.0,1.0,1.0,1.0,0.0
LIGO/Virgo/KAGRA S240630t,2,1,1.0,1.0,1.0,1.0,1.0,0.0
LIGO/Virgo/KAGRA S240621em,2,1,1.0,1.0,1.0,1.0,1.0,0.0
LIGO/Virgo/KAGRA S240621eb,2,1,1.0,1.0,1.0,1.0,1.0,0.0
EP250427A,2,2,1.0,1.0,1.0,1.0,1.0,0.0
LIGO/Virgo/KAGRA S240601aj,2,1,1.0,1.0,1.0,1.0,1.0,0.0
LIGO/Virgo/KAGRA S240531bp,2,1,1.0,1.0,1.0,1.0,1.0,0.0
EP250830a,2,3,0.6666666666666666,0.6666666666666666,0.6666666666666666,0.6666666666666666,0.0,0.0
LIGO/Virgo/KAGRA S240527en,2,1,1.0,1.0,1.0,1.0,1.0,0.0
LIGO/Virgo/KAGRA S240520cv,2,1,1.0,1.0,1.0,1.0,1.0,0.0
LIGO/Virgo/KAGRA S240515m,2,2,0.75,0.75,0.5,1.0,0.5,0.0
EP250908a,2,3,0.6666666666666666,0.6666666666666666,0.6666666666666666,0.6666666666666666,0.0,0.0
LIGO/Virgo/KAGRA S240514c,2,1,1.0,1.0,1.0,1.0,1.0,0.0
EP250910a,2,3,0.6666666666666666,0.6666666666666666,0.6666666666666666,0.6666666666666666,0.0,0.0
LIGO/Virgo/KAGRA S240512r,2,1,1.0,1.0,1.0,1.0,1.0,0.0
LIGO/Virgo/KAGRA S240511i,2,1,1.0,1.0,1.0,1.0,1.0,0.0
EP250916a,2,1,1.0,1.0,1.0,1.0,1.0,0.0
EP251003a,2,2,0.75,0.75,0.5,1.0,0.5,0.0
LIGO/Virgo/KAGRA S240501an,2,1,1.0,1.0,1.0,1.0,1.0,0.0
LIGO/Virgo/KAGRA S240428dr,2,1,1.0,1.0,1.0,1.0,1.0,0.0
LIGO/Virgo/KAGRA S230911ae,2,1,1.0,1.0,1.0,1.0,1.0,0.0
GRB 000313,2,2,0.75,0.75,0.5,1.0,0.5,0.0
GRB 250827A,2,3,0.8333333333333333,0.8333333333333333,0.6666666666666666,1.0,0.5,0.0
GRB 010109,2,1,1.0,1.0,1.0,1.0,1.0,0.0
LIGO/Virgo/KAGRA S230601bf,2,1,1.0,1.0,1.0,1.0,1.0,0.0
GRB 000616,2,2,0.75,0.75,0.5,1.0,0.5,0.0
GRB 000623,2,2,0.75,0.75,0.5,1.0,0.5,0.0
GRB 000727,2,2,0.75,0.75,0.5,1.0,0.5,0.0
GRB 000730,2,1,1.0,1.0,1.0,1.0,1.0,0.0
LIGO/Virgo S240919bn,2,3,0.6666666666666666,0.6666666666666666,0.3333333333333333,1.0,0.5,0.0
GRB 000730B,2,1,1.0,1.0,1.0,1.0,1.0,0.0
GRB 001005,2,1,1.0,1.0,1.0,1.0,1.0,0.0
GRB 001019,2,2,0.75,0.75,0.5,1.0,0.5,0.0
LIGO/Virgo S200116ah,2,3,0.6666666666666666,0.6666666666666666,0.6666666666666666,0.6666666666666666,0.0,0.0
GRB 010103,2,2,0.75,0.75,0.5,1.0,0.5,0.0
LIGO/Virgo S191225aq,2,3,0.6666666666666666,0.6666666666666666,0.6666666666666666,0.6666666666666666,0.0,0.0
LIGO/Virgo/KAGRA S230824r,2,1,1.0,1.0,1.0,1.0,1.0,0.0
LIGO/Virgo S191220af,2,3,0.6666666666666666,0.6666666666666666,0.6666666666666666,0.6666666666666666,0.0,0.0
GRB 010326A,2,2,0.75,0.75,0.5,1.0,0.5,0.0
LIGO/Virgo S191213ai,2,3,0.6666666666666666,0.6666666666666666,0.6666666666666666,0.6666666666666666,0.0,0.0
LIGO/Virgo S191212q,2,3,0.6666666666666666,0.6666666666666666,0.6666666666666666,0.6666666666666666,0.0,0.0
GRB 010612,2,1,1.0,1.0,1.0,1.0,1.0,0.0
LIGO/Virgo S191124be,2,3,0.6666666666666666,0.6666666666666666,0.6666666666666666,0.6666666666666666,0.0,0.0
LIGO/Virgo S191120aj,2,3,0.6666666666666666,0.6666666666666666,0.6666666666666666,0.6666666666666666,0.0,0.0
LIGO/Virgo S191110x,2,3,0.6666666666666666,0.6666666666666666,0.6666666666666666,0.6666666666666666,0.0,0.0
GRB 010920B,2,3,1.0,1.0,1.0,1.0,1.0,0.0
GRB 010923,2,2,0.75,0.75,0.5,1.0,0.5,0.0
GRB 011012,2,3,1.0,1.0,1.0,1.0,1.0,0.0
LIGO/Virgo/KAGRA S230605o,2,1,1.0,1.0,1.0,1.0,1.0,0.0
LIGO/Virgo/KAGRA S230606d,2,1,1.0,1.0,1.0,1.0,1.0,0.0
LIGO/Virgo/KAGRA S230608as,2,1,1.0,1.0,1.0,1.0,1.0,0.0
LIGO/Virgo/KAGRA S230609u,2,1,1.0,1.0,1.0,1.0,1.0,0.0
GRB 000315,2,1,1.0,1.0,1.0,1.0,1.0,0.0
LIGO/Virgo/KAGRA S230820bq,2,1,1.0,1.0,1.0,1.0,1.0,0.0
GRB 000323,2,2,0.75,0.75,0.5,1.0,0.5,0.0
LIGO/Virgo/KAGRA S230814r,2,1,1.0,1.0,1.0,1.0,1.0,0.0
LIGO/Virgo/KAGRA S230814ah,2,1,1.0,1.0,1.0,1.0,1.0,0.0
LIGO/Virgo/KAGRA S230811n,2,1,1.0,1.0,1.0,1.0,1.0,0.0
LIGO/Virgo/KAGRA S230808i,2,2,0.75,0.75,0.5,1.0,0.5,0.0
GRB 000419,2,1,1.0,1.0,1.0,1.0,1.0,0.0
LIGO/Virgo/KAGRA S230806ak,2,1,1.0,1.0,1.0,1.0,1.0,0.0
LIGO/Virgo/KAGRA S230729z,2,1,1.0,1.0,1.0,1.0,1.0,0.0
LIGO/Virgo/KAGRA S230726a,2,1,1.0,1.0,1.0,1.0,1.0,0.0
LIGO/Virgo/KAGRA S230723ac,2,1,1.0,1.0,1.0,1.0,1.0,0.0
LIGO/Virgo/KAGRA S230715bw,2,2,1.0,1.0,1.0,1.0,1.0,0.0
LIGO/Virgo/KAGRA S230709bi,2,1,1.0,1.0,1.0,1.0,1.0,0.0
LIGO/Virgo/KAGRA S230708z,2,1,1.0,1.0,1.0,1.0,1.0,0.0
LIGO/Virgo/KAGRA S230708t,2,1,1.0,1.0,1.0,1.0,1.0,0.0
LIGO/Virgo/KAGRA S230708cf,2,1,1.0,1.0,1.0,1.0,1.0,0.0
LIGO/Virgo/KAGRA S230707ai,2,1,1.0,1.0,1.0,1.0,1.0,0.0
LIGO/Virgo/KAGRA S230706ah,2,1,1.0,1.0,1.0,1.0,1.0,0.0
LIGO/Virgo/KAGRA S230704f,2,1,1.0,1.0,1.0,1.0,1.0,0.0
LIGO/Virgo/KAGRA S230702an,2,1,1.0,1.0,1.0,1.0,1.0,0.0
LIGO/Virgo/KAGRA S230630bq,2,1,1.0,1.0,1.0,1.0,1.0,0.0
LIGO/Virgo/KAGRA S230624av,2,1,1.0,1.0,1.0,1.0,1.0,0.0
LIGO/Virgo/KAGRA S240813d,2,1,1.0,1.0,1.0,1.0,1.0,0.0
LIGO/Virgo/KAGRA S240902bq,2,1,1.0,1.0,1.0,1.0,1.0,0.0
EP250207B,2,1,1.0,1.0,1.0,1.0,1.0,0.0
LIGO/Virgo/KAGRA S250818t,2,1,1.0,1.0,1.0,1.0,1.0,0.0
LIGO/Virgo/KAGRA S250912f,2,1,1.0,1.0,1.0,1.0,1.0,0.0
LIGO/Virgo/KAGRA S250911ac,2,1,1.0,1.0,1.0,1.0,1.0,0.0
LIGO/Virgo/KAGRA S250908y,2,1,1.0,1.0,1.0,1.0,1.0,0.0
LIGO/Virgo/KAGRA S250906ca,2,1,1.0,1.0,1.0,1.0,1.0,0.0
LIGO/Virgo/KAGRA S250904cv,2,1,1.0,1.0,1.0,1.0,1.0,0.0
LIGO/Virgo/KAGRA S250904br,2,1,1.0,1.0,1.0,1.0,1.0,0.0
LIGO/Virgo/KAGRA S250904ae,2,1,1.0,1.0,1.0,1.0,1.0,0.0
LIGO/Virgo/KAGRA S250901cb,2,1,1.0,1.0,1.0,1.0,1.0,0.0
LIGO/Virgo/KAGRA S250830m,2,1,1.0,1.0,1.0,1.0,1.0,0.0
LIGO/Virgo/KAGRA S250827l,2,1,1.0,1.0,1.0,1.0,1.0,0.0
LIGO/Virgo/KAGRA S250827fo,2,1,1.0,1.0,1.0,1.0,1.0,0.0
LIGO/Virgo/KAGRA S250810ck,2,1,1.0,1.0,1.0,1.0,1.0,0.0
LIGO/Virgo/KAGRA S240908dg,2,1,1.0,1.0,1.0,1.0,1.0,0.0
LIGO/Virgo/KAGRA S250802dn,2,1,1.0,1.0,1.0,1.0,1.0,0.0
LIGO/Virgo/KAGRA S250727cl,2,1,1.0,1.0,1.0,1.0,1.0,0.0
EP240331A,2,3,0.6666666666666666,0.6666666666666666,0.6666666666666666,0.6666666666666666,0.0,0.0
LIGO/Virgo/KAGRA S250712cd,2,1,1.0,1.0,1.0,1.0,1.0,0.0
LIGO/Virgo/KAGRA S250705cb,2,1,1.0,1.0,1.0,1.0,1.0,0.0
LIGO/Virgo/KAGRA S250702n,2,1,1.0,1.0,1.0,1.0,1.0,0.0
LIGO/Virgo/KAGRA S250701bq,2,1,1.0,1.0,1.0,1.0,1.0,0.0
LIGO/Virgo/KAGRA S250701bp,2,1,1.0,1.0,1.0,1.0,1.0,0.0
EP240426b,2,1,1.0,1.0,1.0,1.0,1.0,0.0
LIGO/Virgo/KAGRA S250326y,2,1,1.0,1.0,1.0,1.0,1.0,0.0
LIGO/Virgo/KAGRA S250319bu,2,1,1.0,1.0,1.0,1.0,1.0,0.0
LIGO/Virgo/KAGRA S250927ck,2,1,1.0,1.0,1.0,1.0,1.0,0.0
LIGO/Virgo/KAGRA S250927cy,2,1,1.0,1.0,1.0,1.0,1.0,0.0
LIGO/Virgo/KAGRA S250929c,2,1,1.0,1.0,1.0,1.0,1.0,0.0
LIGO/Virgo/KAGRA S251013x,2,1,1.0,1.0,1.0,1.0,1.0,0.0
ANTARES 220121A,2,2,1.0,1.0,1.0,1.0,1.0,0.0
sb25081602,2,2,0.75,0.75,0.5,1.0,0.5,0.0
sb25043004,2,2,1.0,1.0,1.0,1.0,1.0,0.0
sb25033102,2,3,0.6666666666666666,0.6666666666666666,0.6666666666666666,0.6666666666666666,0.0,0.0
sb25022102,2,3,0.6666666666666666,0.6666666666666666,0.6666666666666666,0.6666666666666666,0.0,0.0
ZTF23abidzvf,2,2,0.75,0.75,0.5,1.0,0.5,0.0
ZTF22aaajecb,2,1,1.0,1.0,1.0,1.0,1.0,0.0
ZTF21aakruew,2,1,1.0,1.0,1.0,1.0,1.0,0.0
ZTF20abtxwfx,2,3,0.6666666666666666,0.6666666666666666,0.6666666666666666,0.6666666666666666,0.0,0.0
XRF 111111A,2,1,1.0,1.0,1.0,1.0,1.0,0.0
XRF 011130,2,2,0.75,0.75,0.5,1.0,0.5,0.0
XRF 011030,2,2,0.75,0.75,0.5,1.0,0.5,0.0
Virgo G211117,2,1,1.0,1.0,1.0,1.0,1.0,0.0
Virgo G194575,2,1,1.0,1.0,1.0,1.0,1.0,0.0
SN 2007bg,2,2,1.0,1.0,1.0,1.0,1.0,0.0
LIGO/Virgo/KAGRA S251117dq,2,1,1.0,1.0,1.0,1.0,1.0,0.0
LIGO/Virgo/KAGRA S251116en,2,1,1.0,1.0,1.0,1.0,1.0,0.0
LIGO/Virgo/KAGRA S251108dn,2,1,1.0,1.0,1.0,1.0,1.0,0.0
LIGO/Virgo/KAGRA S251103f,2,1,1.0,1.0,1.0,1.0,1.0,0.0
LIGO/Virgo/KAGRA S251031cq,2,1,1.0,1.0,1.0,1.0,1.0,0.0
LIGO/Virgo/KAGRA S251026bn,2,1,1.0,1.0,1.0,1.0,1.0,0.0
LIGO/Virgo/KAGRA S251021u,2,1,1.0,1.0,1.0,1.0,1.0,0.0
LIGO/Virgo/KAGRA S251018bi,2,1,1.0,1.0,1.0,1.0,1.0,0.0
LIGO/Virgo/KAGRA S250304cb,2,2,0.75,0.75,0.5,1.0,0.5,0.0
LIGO/Virgo/KAGRA S250227e,2,1,1.0,1.0,1.0,1.0,1.0,0.0
LIGO/Virgo/KAGRA S250226dl,2,1,1.0,1.0,1.0,1.0,1.0,0.0
LIGO/Virgo/KAGRA S241122a,2,1,1.0,1.0,1.0,1.0,1.0,0.0
LIGO/Virgo/KAGRA S241113p,2,1,1.0,1.0,1.0,1.0,1.0,0.0
LIGO/Virgo/KAGRA S241111bn,2,1,1.0,1.0,1.0,1.0,1.0,0.0
LIGO/Virgo/KAGRA S241109p,2,1,1.0,1.0,1.0,1.0,1.0,0.0
EP241113b,2,3,0.6666666666666666,0.6666666666666666,0.6666666666666666,0.6666666666666666,0.0,0.0
EP241125a,2,1,1.0,1.0,1.0,1.0,1.0,0.0
LIGO/Virgo/KAGRA S241101ee,2,1,1.0,1.0,1.0,1.0,1.0,0.0
EP241213a,2,3,0.6666666666666666,0.6666666666666666,0.3333333333333333,1.0,0.5,0.0
LIGO/Virgo/KAGRA S241009em,2,1,1.0,1.0,1.0,1.0,1.0,0.0
LIGO/Virgo/KAGRA S241009an,2,1,1.0,1.0,1.0,1.0,1.0,0.0
LIGO/Virgo/KAGRA S241007bw,2,1,1.0,1.0,1.0,1.0,1.0,0.0
LIGO/Virgo/KAGRA S241002e,2,1,1.0,1.0,1.0,1.0,1.0,0.0
LIGO/Virgo/KAGRA S240930du,2,1,1.0,1.0,1.0,1.0,1.0,0.0
EP241217b,2,3,0.6666666666666666,0.6666666666666666,0.6666666666666666,0.6666666666666666,0.0,0.0
LIGO/Virgo/KAGRA S240924a,2,1,1.0,1.0,1.0,1.0,1.0,0.0
LIGO/Virgo/KAGRA S240923ct,2,1,1.0,1.0,1.0,1.0,1.0,0.0
LIGO/Virgo/KAGRA S240922df,2,1,1.0,1.0,1.0,1.0,1.0,0.0
EP241231b,2,1,1.0,1.0,1.0,1.0,1.0,0.0
EP250101a,2,1,1.0,1.0,1.0,1.0,1.0,0.0
LIGO/Virgo/KAGRA S240920bz,2,1,1.0,1.0,1.0,1.0,1.0,0.0
LIGO/Virgo/KAGRA S240917cb,2,1,1.0,1.0,1.0,1.0,1.0,0.0
LIGO/Virgo/KAGRA S240916ar,2,1,1.0,1.0,1.0,1.0,1.0,0.0
LIGO/Virgo/KAGRA S240915bd,2,1,1.0,1.0,1.0,1.0,1.0,0.0
EP250125A,2,2,0.75,0.75,0.5,1.0,0.5,0.0
LIGO/Virgo/KAGRA S241114y,2,1,1.0,1.0,1.0,1.0,1.0,0.0
LIGO/Virgo/KAGRA S241129aa,2,1,1.0,1.0,1.0,1.0,1.0,0.0
LIGO/Virgo/KAGRA S250211be,2,1,1.0,1.0,1.0,1.0,1.0,0.0
LIGO/Virgo/KAGRA S241130be,2,1,1.0,1.0,1.0,1.0,1.0,0.0
LIGO/Virgo/KAGRA S250211aa,2,1,1.0,1.0,1.0,1.0,1.0,0.0
LIGO/Virgo/KAGRA S250208ad,2,1,1.0,1.0,1.0,1.0,1.0,0.0
EP240703c,2,3,0.6666666666666666,0.6666666666666666,0.3333333333333333,1.0,0.5,0.0
LIGO/Virgo/KAGRA S250205ee,2,1,1.0,1.0,1.0,1.0,1.0,0.0
EP240806A,2,2,1.0,1.0,1.0,1.0,1.0,0.0
LIGO/Virgo/KAGRA S250204ax,2,1,1.0,1.0,1.0,1.0,1.0,0.0
LIGO/Virgo/KAGRA S250202cu,2,1,1.0,1.0,1.0,1.0,1.0,0.0
LIGO/Virgo/KAGRA S250119ag,2,1,1.0,1.0,1.0,1.0,1.0,0.0
LIGO/Virgo/KAGRA S250118t,2,1,1.0,1.0,1.0,1.0,1.0,0.0
LIGO/Virgo/KAGRA S250118dp,2,1,1.0,1.0,1.0,1.0,1.0,0.0
LIGO/Virgo/KAGRA S250118az,2,1,1.0,1.0,1.0,1.0,1.0,0.0
LIGO/Virgo/KAGRA S250109f,2,1,1.0,1.0,1.0,1.0,1.0,0.0
LIGO/Virgo/KAGRA S250109bi,2,1,1.0,1.0,1.0,1.0,1.0,0.0
LIGO/Virgo/KAGRA S250108eo,2,1,1.0,1.0,1.0,1.0,1.0,0.0
LIGO/Virgo/KAGRA S250104v,2,1,1.0,1.0,1.0,1.0,1.0,0.0
LIGO/Virgo/KAGRA S241230ev,2,1,1.0,1.0,1.0,1.0,1.0,0.0
EP241025a,2,2,1.0,1.0,1.0,1.0,1.0,0.0
LIGO/Virgo/KAGRA S241225v,2,1,1.0,1.0,1.0,1.0,1.0,0.0
LIGO/Virgo/KAGRA S241210fu,2,1,1.0,1.0,1.0,1.0,1.0,0.0
LIGO/Virgo/KAGRA S241210d,2,1,1.0,1.0,1.0,1.0,1.0,0.0
LIGO/Virgo/KAGRA S241210cw,2,1,1.0,1.0,1.0,1.0,1.0,0.0
LIGO/Virgo/KAGRA S241201ac,2,1,1.0,1.0,1.0,1.0,1.0,0.0
LIGO/Virgo/KAGRA S241130n,2,1,1.0,1.0,1.0,1.0,1.0,0.0
GRB 020406,2,2,1.0,1.0,1.0,1.0,1.0,0.0
GRB 020411,2,2,0.75,0.75,0.5,1.0,0.5,0.0
LIGO/Virgo S190829u,2,3,0.6666666666666666,0.6666666666666666,0.6666666666666666,0.6666666666666666,0.0,0.0
GRB 260221B,2,3,0.8333333333333333,0.8333333333333333,0.6666666666666666,1.0,0.5,0.0
GRB 260330A,2,2,0.75,0.75,0.5,1.0,0.5,0.0
GRB 260327A,2,2,0.75,0.75,0.5,1.0,0.5,0.0
GRB 260323A,2,3,0.8333333333333333,0.8333333333333333,0.6666666666666666,1.0,0.5,0.0
GRB 080905,2,3,0.6666666666666666,0.6666666666666666,0.6666666666666666,0.6666666666666666,0.0,0.0
GRB 260316A,2,4,0.75,0.75,0.75,0.75,0.0,0.0
GRB 260311B,2,3,0.8333333333333333,0.8333333333333333,0.6666666666666666,1.0,0.5,0.0
GRB 080915A,2,2,0.75,0.75,0.5,1.0,0.5,0.0
GRB 080915B,2,2,1.0,1.0,1.0,1.0,1.0,0.0
GRB 080925,2,2,0.75,0.75,0.5,1.0,0.5,0.0
GRB 081003A,2,3,0.6666666666666666,0.6666666666666666,0.6666666666666666,0.6666666666666666,0.0,0.0
GRB 260225B,2,2,1.0,1.0,1.0,1.0,1.0,0.0
GRB 260221A,2,3,0.8333333333333333,0.8333333333333333,0.6666666666666666,1.0,0.5,0.0
GRB 260605A,2,1,1.0,1.0,1.0,1.0,1.0,0.0
GRB 260216A,2,3,0.8333333333333333,0.8333333333333333,0.6666666666666666,1.0,0.5,0.0
GRB 260213B,2,2,1.0,1.0,1.0,1.0,1.0,0.0
GRB 260213A,2,2,0.75,0.75,0.5,1.0,0.5,0.0
GRB 081016,2,4,0.625,0.625,0.5,0.75,0.0,0.0
GRB 260210C,2,3,0.8333333333333333,0.8333333333333333,0.6666666666666666,1.0,0.5,0.0
GRB 260209A,2,3,0.8333333333333333,0.8333333333333333,0.6666666666666666,1.0,0.5,0.0
GRB 260208D,2,3,0.8333333333333333,0.8333333333333333,0.6666666666666666,1.0,0.5,0.0
GRB 081022,2,2,1.0,1.0,1.0,1.0,1.0,0.0
GRB 260129A,2,3,0.8333333333333333,0.8333333333333333,0.6666666666666666,1.0,0.5,0.0
GRB 260128A,2,3,1.0,1.0,1.0,1.0,1.0,0.0
GRB 081110,2,3,0.8333333333333333,0.8333333333333333,0.6666666666666666,1.0,0.5,0.0
GRB 260402B,2,2,0.75,0.75,0.5,1.0,0.5,0.0
GRB 260402C,2,3,0.6666666666666666,0.6666666666666666,0.6666666666666666,0.6666666666666666,0.0,0.0
GRB 260409A,2,2,0.75,0.75,0.5,1.0,0.5,0.0
GRB 260411A,2,2,1.0,1.0,1.0,1.0,1.0,0.0
GRB 071126,2,3,0.6666666666666666,0.6666666666666666,0.6666666666666666,0.6666666666666666,0.0,0.0
GRB 071129,2,2,1.0,1.0,1.0,1.0,1.0,0.0
GRB 260523A,2,3,0.8333333333333333,0.8333333333333333,0.6666666666666666,1.0,0.5,0.0
GRB 260522B,2,3,0.6666666666666666,0.6666666666666666,0.6666666666666666,0.6666666666666666,0.0,0.0
GRB 260520B,2,2,1.0,1.0,1.0,1.0,1.0,0.0
GRB 260518A,2,2,1.0,1.0,1.0,1.0,1.0,0.0
GRB 260516C,2,3,0.8333333333333333,0.8333333333333333,0.6666666666666666,1.0,0.5,0.0
GRB 260516B,2,3,0.8333333333333333,0.8333333333333333,0.6666666666666666,1.0,0.5,0.0
GRB 260514A,2,3,0.8333333333333333,0.8333333333333333,0.6666666666666666,1.0,0.5,0.0
GRB 260513A,2,3,0.8333333333333333,0.8333333333333333,0.6666666666666666,1.0,0.5,0.0
GRB 080303A,2,3,0.8333333333333333,0.8333333333333333,0.6666666666666666,1.0,0.5,0.0
GRB 080330A,2,2,0.75,0.75,0.5,1.0,0.5,0.0
GRB 260510D,2,2,0.75,0.75,0.5,1.0,0.5,0.0
GRB 080513,2,2,0.75,0.75,0.5,1.0,0.5,0.0
GRB 260504A,2,3,0.8333333333333333,0.8333333333333333,0.6666666666666666,1.0,0.5,0.0
GRB 080524,2,3,0.8333333333333333,0.8333333333333333,0.6666666666666666,1.0,0.5,0.0
GRB 080613,2,3,0.6666666666666666,0.6666666666666666,0.6666666666666666,0.6666666666666666,0.0,0.0
GRB 260430B,2,2,0.75,0.75,0.5,1.0,0.5,0.0
GRB 260421C,2,3,0.8333333333333333,0.8333333333333333,0.6666666666666666,1.0,0.5,0.0
GRB 260419A,2,2,1.0,1.0,1.0,1.0,1.0,0.0
GRB 260418A,2,2,0.75,0.75,0.5,1.0,0.5,0.0
GRB 260417B,2,3,0.8333333333333333,0.8333333333333333,0.6666666666666666,1.0,0.5,0.0
GRB 260413A,2,3,0.8333333333333333,0.8333333333333333,0.6666666666666666,1.0,0.5,0.0
GRB 230603A,2,3,0.8333333333333333,0.8333333333333333,0.6666666666666666,1.0,0.5,0.0
GRB 260125B,2,3,0.8333333333333333,0.8333333333333333,0.6666666666666666,1.0,0.5,0.0
GRB 260122B,2,2,1.0,1.0,1.0,1.0,1.0,0.0
GRB 090320B,2,3,0.6666666666666666,0.6666666666666666,0.6666666666666666,0.6666666666666666,0.0,0.0
GRB 090401,2,2,1.0,1.0,1.0,1.0,1.0,0.0
GRB 090401A,2,2,0.75,0.75,0.5,1.0,0.5,0.0
GRB 090406,2,2,0.75,0.75,0.5,1.0,0.5,0.0
GRB 090411A,2,2,0.75,0.75,0.5,1.0,0.5,0.0
GRB 090411B,2,2,0.75,0.75,0.5,1.0,0.5,0.0
GRB 090417,2,2,0.75,0.75,0.5,1.0,0.5,0.0
GRB 251012A,2,2,0.75,0.75,0.5,1.0,0.5,0.0
GRB 251010A,2,2,1.0,1.0,1.0,1.0,1.0,0.0
GRB 090428B,2,2,0.75,0.75,0.5,1.0,0.5,0.0
GRB 251005B,2,2,0.75,0.75,0.5,1.0,0.5,0.0
GRB 251005A,2,3,0.8333333333333333,0.8333333333333333,0.6666666666666666,1.0,0.5,0.0
GRB 250930A,2,2,1.0,1.0,1.0,1.0,1.0,0.0
GRB 250929A,2,3,0.8333333333333333,0.8333333333333333,0.6666666666666666,1.0,0.5,0.0
GRB 250926B,2,2,0.75,0.75,0.5,1.0,0.5,0.0
GRB 250922A,2,2,1.0,1.0,1.0,1.0,1.0,0.0
GRB 090518B,2,3,0.6666666666666666,0.6666666666666666,0.6666666666666666,0.6666666666666666,0.0,0.0
GRB 090520,2,2,0.75,0.75,0.5,1.0,0.5,0.0
GRB 090528,2,2,0.75,0.75,0.5,1.0,0.5,0.0
GRB 090529B,2,2,0.75,0.75,0.5,1.0,0.5,0.0
GRB 250907A,2,1,1.0,1.0,1.0,1.0,1.0,0.0
GRB 090530A,2,2,0.75,0.75,0.5,1.0,0.5,0.0
GRB 090530B,2,2,0.75,0.75,0.5,1.0,0.5,0.0
GRB 090602,2,2,0.75,0.75,0.5,1.0,0.5,0.0
GRB 090324,2,1,1.0,1.0,1.0,1.0,1.0,0.0
GRB 251102B,2,2,1.0,1.0,1.0,1.0,1.0,0.0
GRB 260120C,2,3,0.8333333333333333,0.8333333333333333,0.6666666666666666,1.0,0.5,0.0
GRB 251104A,2,2,1.0,1.0,1.0,1.0,1.0,0.0
GRB 260119.92,2,3,1.0,1.0,1.0,1.0,1.0,0.0
GRB 260112B,2,2,0.75,0.75,0.5,1.0,0.5,0.0
GRB 081130,2,3,0.8333333333333333,0.8333333333333333,0.6666666666666666,1.0,0.5,0.0
GRB 260107A,2,3,0.8333333333333333,0.8333333333333333,0.6666666666666666,1.0,0.5,0.0
GRB 081130B,2,3,0.6666666666666666,0.6666666666666666,0.6666666666666666,0.6666666666666666,0.0,0.0
GRB 260104B,2,3,0.8333333333333333,0.8333333333333333,0.6666666666666666,1.0,0.5,0.0
GRB 251228A,2,3,0.8333333333333333,0.8333333333333333,0.6666666666666666,1.0,0.5,0.0
GRB 251219A,2,4,0.625,0.625,0.5,0.75,0.0,0.0
GRB 251217A,2,3,0.8333333333333333,0.8333333333333333,0.6666666666666666,1.0,0.5,0.0
GRB 251216A,2,3,0.8333333333333333,0.8333333333333333,0.6666666666666666,1.0,0.5,0.0
GRB 251214D,2,2,0.75,0.75,0.5,1.0,0.5,0.0
GRB 090107,2,2,1.0,1.0,1.0,1.0,1.0,0.0
GRB 251206A,2,2,1.0,1.0,1.0,1.0,1.0,0.0
GRB 090112B,2,2,0.75,0.75,0.5,1.0,0.5,0.0
GRB 251202B,2,3,0.8333333333333333,0.8333333333333333,0.6666666666666666,1.0,0.5,0.0
GRB 090117C,2,2,0.75,0.75,0.5,1.0,0.5,0.0
GRB 090131,2,2,0.75,0.75,0.5,1.0,0.5,0.0
GRB 251125A,2,3,0.8333333333333333,0.8333333333333333,0.6666666666666666,1.0,0.5,0.0
GRB 251119A,2,3,0.8333333333333333,0.8333333333333333,0.6666666666666666,1.0,0.5,0.0
GRB 251118B,2,3,0.8333333333333333,0.8333333333333333,0.6666666666666666,1.0,0.5,0.0
GRB 251114A,2,3,0.8333333333333333,0.8333333333333333,0.6666666666666666,1.0,0.5,0.0
GRB 090305B,2,3,0.6666666666666666,0.6666666666666666,0.6666666666666666,0.6666666666666666,0.0,0.0
GRB 090305C,2,1,1.0,1.0,1.0,1.0,1.0,0.0
GRB 071017,2,3,0.8333333333333333,0.8333333333333333,0.6666666666666666,1.0,0.5,0.0
GRB 070920A,2,2,0.75,0.75,0.5,1.0,0.5,0.0
GRB 020708,2,1,1.0,1.0,1.0,1.0,1.0,0.0
GRB 030714,2,1,1.0,1.0,1.0,1.0,1.0,0.0
GRB 030329B,2,2,0.75,0.75,0.5,1.0,0.5,0.0
GRB 030413,2,2,0.75,0.75,0.5,1.0,0.5,0.0
GRB 030414,2,2,0.75,0.75,0.5,1.0,0.5,0.0
GRB 030416,2,2,1.0,1.0,1.0,1.0,1.0,0.0
GRB 030425,2,2,0.75,0.75,0.5,1.0,0.5,0.0
GRB 030501B,2,1,1.0,1.0,1.0,1.0,1.0,0.0
GRB 030601,2,2,0.75,0.75,0.5,1.0,0.5,0.0
IceCube-230823A,2,1,1.0,1.0,1.0,1.0,1.0,0.0
GRB 030626,2,1,1.0,1.0,1.0,1.0,1.0,0.0
GRB 030629,2,2,0.75,0.75,0.5,1.0,0.5,0.0
GRB 030706,2,1,1.0,1.0,1.0,1.0,1.0,0.0
GRB 030715,2,1,1.0,1.0,1.0,1.0,1.0,0.0
GRB 260608C,2,3,0.8333333333333333,0.8333333333333333,0.6666666666666666,1.0,0.5,0.0
GRB 030723,2,2,0.75,0.75,0.5,1.0,0.5,0.0
GRB 030821,2,2,0.75,0.75,0.5,1.0,0.5,0.0
GRB 030824,2,2,0.75,0.75,0.5,1.0,0.5,0.0
GRB 031024,2,1,1.0,1.0,1.0,1.0,1.0,0.0
GRB 031214,2,1,1.0,1.0,1.0,1.0,1.0,0.0
IceCube-210503A,2,2,0.75,0.75,0.5,1.0,0.5,0.0
GRB 040929,2,2,1.0,1.0,1.0,1.0,1.0,0.0
GRB 041219C,2,2,0.75,0.75,0.5,1.0,0.5,0.0
GRB 041226,2,3,0.6666666666666666,0.6666666666666666,0.6666666666666666,0.6666666666666666,0.0,0.0
GRB 041228,2,3,0.6666666666666666,0.6666666666666666,0.6666666666666666,0.6666666666666666,0.0,0.0
GRB 050129,2,3,0.6666666666666666,0.6666666666666666,0.6666666666666666,0.6666666666666666,0.0,0.0
GRB 030228,2,2,0.75,0.75,0.5,1.0,0.5,0.0
IceCube-251014A,2,2,0.75,0.75,0.5,1.0,0.5,0.0
GRB 030115B,2,1,1.0,1.0,1.0,1.0,1.0,0.0
IceCube-Cascade 230109A,2,2,0.75,0.75,0.5,1.0,0.5,0.0
GRB 020715,2,2,0.75,0.75,0.5,1.0,0.5,0.0
GRB 020904,2,1,1.0,1.0,1.0,1.0,1.0,0.0
GRB 020910,2,1,1.0,1.0,1.0,1.0,1.0,0.0
GRB 020914,2,1,1.0,1.0,1.0,1.0,1.0,0.0
GRB 020914B,2,1,1.0,1.0,1.0,1.0,1.0,0.0
LIGO/Virgo S190524q,2,3,0.6666666666666666,0.6666666666666666,0.6666666666666666,0.6666666666666666,0.0,0.0
GRB 020918,2,1,1.0,1.0,1.0,1.0,1.0,0.0
GRB 020923,2,1,1.0,1.0,1.0,1.0,1.0,0.0
GRB 020926,2,1,1.0,1.0,1.0,1.0,1.0,0.0
GRB 021020,2,1,1.0,1.0,1.0,1.0,1.0,0.0
GRB 021025,2,1,1.0,1.0,1.0,1.0,1.0,0.0
LIGO/Virgo GW150914,2,1,1.0,1.0,1.0,1.0,1.0,0.0
GRB 021109,2,1,1.0,1.0,1.0,1.0,1.0,0.0
GRB 021119,2,1,1.0,1.0,1.0,1.0,1.0,0.0
GRB 021125B,2,1,1.0,1.0,1.0,1.0,1.0,0.0
GRB 021226,2,1,1.0,1.0,1.0,1.0,1.0,0.0
GRB 030102,2,1,1.0,1.0,1.0,1.0,1.0,0.0
GRB 030102A,2,1,1.0,1.0,1.0,1.0,1.0,0.0
LIGO/Virgo G197392,2,1,1.0,1.0,1.0,1.0,1.0,0.0
GRB 030102B,2,1,1.0,1.0,1.0,1.0,1.0,0.0
LIGO-Virgo S190512at,2,1,1.0,1.0,1.0,1.0,1.0,0.0
LIGO-Virgo S190510g,2,1,1.0,1.0,1.0,1.0,1.0,0.0
LIGO-Virgo S190426c,2,2,0.75,0.75,0.5,1.0,0.5,0.0
GRB 050219,2,3,0.6666666666666666,0.6666666666666666,0.6666666666666666,0.6666666666666666,0.0,0.0
GRB 050316,2,2,1.0,1.0,1.0,1.0,1.0,0.0
GRB 050402A,2,1,1.0,1.0,1.0,1.0,1.0,0.0
GRB 060602,2,2,0.75,0.75,0.5,1.0,0.5,0.0
GRB 060607B,2,2,1.0,1.0,1.0,1.0,1.0,0.0
GRB 060826,2,2,0.75,0.75,0.5,1.0,0.5,0.0
GRB 980706,2,1,1.0,1.0,1.0,1.0,1.0,0.0
GRB 060912B,2,2,0.75,0.75,0.5,1.0,0.5,0.0
GRB 061102B,2,2,0.75,0.75,0.5,1.0,0.5,0.0
GRB 061214,2,3,0.6666666666666666,0.6666666666666666,0.6666666666666666,0.6666666666666666,0.0,0.0
GRB 970228,2,2,0.75,0.75,0.5,1.0,0.5,0.0
GRB 920925C,2,3,0.6666666666666666,0.6666666666666666,0.3333333333333333,1.0,0.5,0.0
GRB 070427,2,2,1.0,1.0,1.0,1.0,1.0,0.0
GRB 260707A,2,3,0.8333333333333333,0.8333333333333333,0.6666666666666666,1.0,0.5,0.0
GRB 070512,2,2,0.75,0.75,0.5,1.0,0.5,0.0
GRB 260705B,2,2,1.0,1.0,1.0,1.0,1.0,0.0
GRB 070612,2,2,0.75,0.75,0.5,1.0,0.5,0.0
GRB 260703A,2,3,0.8333333333333333,0.8333333333333333,0.6666666666666666,1.0,0.5,0.0
GRB 260628A,2,3,0.8333333333333333,0.8333333333333333,0.6666666666666666,1.0,0.5,0.0
GRB 260624A,2,3,0.8333333333333333,0.8333333333333333,0.6666666666666666,1.0,0.5,0.0
GRB 260623A,2,2,0.75,0.75,0.5,1.0,0.5,0.0
GRB 260618A,2,2,1.0,1.0,1.0,1.0,1.0,0.0
GRB 260616C,2,1,1.0,1.0,1.0,1.0,1.0,0.0
GRB 070731,2,3,0.6666666666666666,0.6666666666666666,0.6666666666666666,0.6666666666666666,0.0,0.0
GRB 070821,2,2,0.75,0.75,0.5,1.0,0.5,0.0
GRB 070824,2,2,0.75,0.75,0.5,1.0,0.5,0.0
GRB 260610A,2,3,0.8333333333333333,0.8333333333333333,0.6666666666666666,1.0,0.5,0.0
GRB 990321,2,1,1.0,1.0,1.0,1.0,1.0,0.0
GRB 990527,2,2,0.75,0.75,0.5,1.0,0.5,0.0
GRB 050403,2,1,1.0,1.0,1.0,1.0,1.0,0.0
GRB 060516,2,2,1.0,1.0,1.0,1.0,1.0,0.0
GRB 050522,2,2,0.75,0.75,0.5,1.0,0.5,0.0
GRB 050525B,2,2,1.0,1.0,1.0,1.0,1.0,0.0
GRB 050715,2,2,1.0,1.0,1.0,1.0,1.0,0.0
GRB 050721,2,3,0.8333333333333333,0.8333333333333333,0.6666666666666666,1.0,0.5,0.0
GRB 050727,2,2,1.0,1.0,1.0,1.0,1.0,0.0
GRB 050807,2,4,0.625,0.625,0.5,0.75,0.0,0.0
GRB 050915A,2,1,1.0,1.0,1.0,1.0,1.0,0.0
GRB 050918,2,4,0.625,0.625,0.5,0.75,0.0,0.0
GRB 051011,2,2,0.75,0.75,0.5,1.0,0.5,0.0
GRB 051012,2,3,0.6666666666666666,0.6666666666666666,0.6666666666666666,0.6666666666666666,0.0,0.0
GRB 051113,2,2,1.0,1.0,1.0,1.0,1.0,0.0
HAWC-210507A,2,2,0.75,0.75,0.5,1.0,0.5,0.0
GRB 051213,2,2,1.0,1.0,1.0,1.0,1.0,0.0
HAWC-200814A,2,2,0.75,0.75,0.5,1.0,0.5,0.0
HAWC-200202A,2,2,0.75,0.75,0.5,1.0,0.5,0.0
GRB 060111A,2,2,0.75,0.75,0.5,1.0,0.5,0.0
GW150914,2,1,1.0,1.0,1.0,1.0,1.0,0.0
GRB 991229,2,1,1.0,1.0,1.0,1.0,1.0,0.0
GRB 991226,2,1,1.0,1.0,1.0,1.0,1.0,0.0
GRB 991221,2,1,1.0,1.0,1.0,1.0,1.0,0.0
GRB 060223A,2,2,1.0,1.0,1.0,1.0,1.0,0.0
GRB 060331,2,2,0.75,0.75,0.5,1.0,0.5,0.0
GRB 060510,2,3,0.6666666666666666,0.6666666666666666,0.3333333333333333,1.0,0.5,0.0
GRB 230604A,2,2,0.75,0.75,0.5,1.0,0.5,0.0
GRB 250102A,2,3,0.8333333333333333,0.8333333333333333,0.6666666666666666,1.0,0.5,0.0
ANTARES 191011A,2,3,0.6666666666666666,0.6666666666666666,0.6666666666666666,0.6666666666666666,0.0,0.0
GRB 220714A,2,3,0.8333333333333333,0.8333333333333333,0.6666666666666666,1.0,0.5,0.0
GRB 220721A,2,3,0.8333333333333333,0.8333333333333333,0.6666666666666666,1.0,0.5,0.0
GRB 220724A,2,3,0.8333333333333333,0.8333333333333333,0.6666666666666666,1.0,0.5,0.0
GRB 220728A,2,3,0.8333333333333333,0.8333333333333333,0.6666666666666666,1.0,0.5,0.0
GRB 220806A,2,2,1.0,1.0,1.0,1.0,1.0,0.0
GRB 181126B,2,2,1.0,1.0,1.0,1.0,1.0,0.0
GRB 220823A,2,2,1.0,1.0,1.0,1.0,1.0,0.0
GRB 181120A,2,2,1.0,1.0,1.0,1.0,1.0,0.0
GRB 220902A,2,3,0.8333333333333333,0.8333333333333333,0.6666666666666666,1.0,0.5,0.0
GRB 210210B,2,3,0.8333333333333333,0.8333333333333333,0.6666666666666666,1.0,0.5,0.0
GRB 181016A,2,2,1.0,1.0,1.0,1.0,1.0,0.0
GRB 191125B,2,3,0.6666666666666666,0.6666666666666666,0.6666666666666666,0.6666666666666666,0.0,0.0
GRB 220925A,2,3,0.8333333333333333,0.8333333333333333,0.6666666666666666,1.0,0.5,0.0
GRB 191129A,2,2,1.0,1.0,1.0,1.0,1.0,0.0
GRB 181008B,2,2,0.75,0.75,0.5,1.0,0.5,0.0
GRB 191203A,2,2,0.75,0.75,0.5,1.0,0.5,0.0
GRB 180923B,2,2,0.75,0.75,0.5,1.0,0.5,0.0
GRB 210204B,2,3,0.8333333333333333,0.8333333333333333,0.6666666666666666,1.0,0.5,0.0
GRB 180806.94,2,3,0.8333333333333333,0.8333333333333333,0.6666666666666666,1.0,0.5,0.0
GRB 191225A,2,2,1.0,1.0,1.0,1.0,1.0,0.0
GRB 221012.68,2,3,1.0,1.0,1.0,1.0,1.0,0.0
GRB 210105A,2,3,0.8333333333333333,0.8333333333333333,0.6666666666666666,1.0,0.5,0.0
GRB 191225B,2,2,1.0,1.0,1.0,1.0,1.0,0.0
GRB 191226.02,2,3,1.0,1.0,1.0,1.0,1.0,0.0
GRB 180724A,2,2,0.75,0.75,0.5,1.0,0.5,0.0
GRB 200107.81,2,3,1.0,1.0,1.0,1.0,1.0,0.0
GRB 201223.75,2,3,1.0,1.0,1.0,1.0,1.0,0.0
GRB 221020A,2,2,0.75,0.75,0.5,1.0,0.5,0.0
GRB 181224A,2,2,1.0,1.0,1.0,1.0,1.0,0.0
GRB 220702B,2,2,1.0,1.0,1.0,1.0,1.0,0.0
GRB 201221B,2,2,0.75,0.75,0.5,1.0,0.5,0.0
GRB 190131A,2,2,0.75,0.75,0.5,1.0,0.5,0.0
GRB 220513A,2,3,0.8333333333333333,0.8333333333333333,0.6666666666666666,1.0,0.5,0.0
GRB 210312A,2,3,0.8333333333333333,0.8333333333333333,0.6666666666666666,1.0,0.5,0.0
GRB 190323,2,2,1.0,1.0,1.0,1.0,1.0,0.0
GRB 191104B,2,3,0.6666666666666666,0.6666666666666666,0.6666666666666666,0.6666666666666666,0.0,0.0
GRB 220518B,2,3,0.8333333333333333,0.8333333333333333,0.6666666666666666,1.0,0.5,0.0
GRB 191105.01,2,3,1.0,1.0,1.0,1.0,1.0,0.0
GRB 220519A,2,2,0.75,0.75,0.5,1.0,0.5,0.0
GRB 190319,2,2,1.0,1.0,1.0,1.0,1.0,0.0
GRB 220522A,2,3,0.8333333333333333,0.8333333333333333,0.6666666666666666,1.0,0.5,0.0
GRB 220522B,2,2,0.75,0.75,0.5,1.0,0.5,0.0
GRB 220523A,2,3,0.8333333333333333,0.8333333333333333,0.6666666666666666,1.0,0.5,0.0
GRB 220524A,2,2,0.75,0.75,0.5,1.0,0.5,0.0
GRB 220524B,2,2,0.75,0.75,0.5,1.0,0.5,0.0
GRB 210227.20,2,3,1.0,1.0,1.0,1.0,1.0,0.0
GRB 191111A,2,2,0.75,0.75,0.5,1.0,0.5,0.0
GRB 191111B,2,2,1.0,1.0,1.0,1.0,1.0,0.0
GRB 220530A,2,3,0.8333333333333333,0.8333333333333333,0.6666666666666666,1.0,0.5,0.0
GRB 220601A,2,2,0.75,0.75,0.5,1.0,0.5,0.0
GRB 220606C,2,1,1.0,1.0,1.0,1.0,1.0,0.0
GRB 210213A,2,3,0.8333333333333333,0.8333333333333333,0.6666666666666666,1.0,0.5,0.0
GRB 190304A,2,2,0.75,0.75,0.5,1.0,0.5,0.0
GRB 220610A,2,3,0.8333333333333333,0.8333333333333333,0.6666666666666666,1.0,0.5,0.0
GRB 220612A,2,2,0.75,0.75,0.5,1.0,0.5,0.0
GRB 220613A,2,2,0.75,0.75,0.5,1.0,0.5,0.0
GRB 220620A,2,3,0.8333333333333333,0.8333333333333333,0.6666666666666666,1.0,0.5,0.0
GRB 220620B,2,3,0.8333333333333333,0.8333333333333333,0.6666666666666666,1.0,0.5,0.0
GRB 220623B,2,3,0.8333333333333333,0.8333333333333333,0.6666666666666666,1.0,0.5,0.0
GRB 201221E,2,3,0.8333333333333333,0.8333333333333333,0.6666666666666666,1.0,0.5,0.0
GRB 180722B,2,1,1.0,1.0,1.0,1.0,1.0,0.0
GRB 220512A,2,3,0.8333333333333333,0.8333333333333333,0.6666666666666666,1.0,0.5,0.0
GRB 180329A,2,2,1.0,1.0,1.0,1.0,1.0,0.0
GRB 180326A,2,2,0.75,0.75,0.5,1.0,0.5,0.0
GRB 180318A,2,2,0.75,0.75,0.5,1.0,0.5,0.0
GRB 180317A,2,2,0.75,0.75,0.5,1.0,0.5,0.0
GRB 230101A,2,2,1.0,1.0,1.0,1.0,1.0,0.0
GRB 201019B,2,2,1.0,1.0,1.0,1.0,1.0,0.0
GRB 201019A,2,2,1.0,1.0,1.0,1.0,1.0,0.0
GRB 200224C,2,2,0.75,0.75,0.5,1.0,0.5,0.0
GRB 180223A,2,2,0.75,0.75,0.5,1.0,0.5,0.0
GRB 230112A,2,3,0.8333333333333333,0.8333333333333333,0.6666666666666666,1.0,0.5,0.0
GRB 230114A,2,2,0.75,0.75,0.5,1.0,0.5,0.0
GRB 201009A,2,2,0.75,0.75,0.5,1.0,0.5,0.0
GRB 200306B,2,2,1.0,1.0,1.0,1.0,1.0,0.0
GRB 201007A,2,3,0.8333333333333333,0.8333333333333333,0.6666666666666666,1.0,0.5,0.0
GRB 180221B,2,1,1.0,1.0,1.0,1.0,1.0,0.0
GRB 230117A,2,3,0.8333333333333333,0.8333333333333333,0.6666666666666666,1.0,0.5,0.0
GRB 200929A,2,3,0.8333333333333333,0.8333333333333333,0.6666666666666666,1.0,0.5,0.0
GRB 230118A,2,3,0.8333333333333333,0.8333333333333333,0.6666666666666666,1.0,0.5,0.0
GRB 230119A,2,2,0.75,0.75,0.5,1.0,0.5,0.0
GRB 200925A,2,3,0.8333333333333333,0.8333333333333333,0.6666666666666666,1.0,0.5,0.0
GRB 200924A,2,3,0.8333333333333333,0.8333333333333333,0.6666666666666666,1.0,0.5,0.0
GRB 200923A,2,3,0.8333333333333333,0.8333333333333333,0.6666666666666666,1.0,0.5,0.0
GRB 230126A,2,2,0.75,0.75,0.5,1.0,0.5,0.0
GRB 230128A,2,2,1.0,1.0,1.0,1.0,1.0,0.0
GRB 230129A,2,2,1.0,1.0,1.0,1.0,1.0,0.0
GRB 200922B,2,3,0.8333333333333333,0.8333333333333333,0.6666666666666666,1.0,0.5,0.0
GRB 200317A,2,2,1.0,1.0,1.0,1.0,1.0,0.0
GRB 230201A,2,3,0.8333333333333333,0.8333333333333333,0.6666666666666666,1.0,0.5,0.0
GRB 221223A,2,3,0.8333333333333333,0.8333333333333333,0.6666666666666666,1.0,0.5,0.0
GRB 221215B,2,3,0.8333333333333333,0.8333333333333333,0.6666666666666666,1.0,0.5,0.0
GRB 180720A,2,2,0.75,0.75,0.5,1.0,0.5,0.0
GRB 200221A,2,2,0.75,0.75,0.5,1.0,0.5,0.0
GRB 221022C,2,2,0.75,0.75,0.5,1.0,0.5,0.0
GRB 180715B,2,2,1.0,1.0,1.0,1.0,1.0,0.0
GRB 201218B,2,3,0.8333333333333333,0.8333333333333333,0.6666666666666666,1.0,0.5,0.0
GRB 180711A,2,2,0.75,0.75,0.5,1.0,0.5,0.0
GRB 201217A,2,3,0.8333333333333333,0.8333333333333333,0.6666666666666666,1.0,0.5,0.0
GRB 200128A,2,3,0.6666666666666666,0.6666666666666666,0.6666666666666666,0.6666666666666666,0.0,0.0
GRB 221110.10,2,3,1.0,1.0,1.0,1.0,1.0,0.0
GRB 221112A,2,2,0.75,0.75,0.5,1.0,0.5,0.0
GRB 221115A,2,2,1.0,1.0,1.0,1.0,1.0,0.0
GRB 200203A,2,2,1.0,1.0,1.0,1.0,1.0,0.0
GRB 200205.81,2,3,1.0,1.0,1.0,1.0,1.0,0.0
GRB 180505A,2,2,1.0,1.0,1.0,1.0,1.0,0.0
GRB 201120B,2,3,0.8333333333333333,0.8333333333333333,0.6666666666666666,1.0,0.5,0.0
GRB 221202B,2,2,0.75,0.75,0.5,1.0,0.5,0.0
GRB 201111A,2,3,0.8333333333333333,0.8333333333333333,0.6666666666666666,1.0,0.5,0.0
GRB 200207A,2,2,1.0,1.0,1.0,1.0,1.0,0.0
GRB 201108A,2,3,0.8333333333333333,0.8333333333333333,0.6666666666666666,1.0,0.5,0.0
GRB 221204.45,2,3,0.8333333333333333,0.8333333333333333,0.6666666666666666,1.0,0.5,0.0
GRB 201105B,2,2,0.75,0.75,0.5,1.0,0.5,0.0
GRB 201104C,2,2,1.0,1.0,1.0,1.0,1.0,0.0
GRB 180416B,2,2,0.75,0.75,0.5,1.0,0.5,0.0
GRB 200211A,2,2,1.0,1.0,1.0,1.0,1.0,0.0
GRB 200212A,2,2,1.0,1.0,1.0,1.0,1.0,0.0
GRB 201103A,2,3,0.8333333333333333,0.8333333333333333,0.6666666666666666,1.0,0.5,0.0
GRB 180416A,2,2,1.0,1.0,1.0,1.0,1.0,0.0
GRB 200219B,2,3,0.6666666666666666,0.6666666666666666,0.6666666666666666,0.6666666666666666,0.0,0.0
GRB 221211A,2,3,0.8333333333333333,0.8333333333333333,0.6666666666666666,1.0,0.5,0.0
GRB 210324A,2,2,1.0,1.0,1.0,1.0,1.0,0.0
GRB 210324B,2,3,0.8333333333333333,0.8333333333333333,0.6666666666666666,1.0,0.5,0.0
GRB 230207A,2,3,0.8333333333333333,0.8333333333333333,0.6666666666666666,1.0,0.5,0.0
GRB 210714A,2,2,1.0,1.0,1.0,1.0,1.0,0.0
GRB 190605A,2,2,1.0,1.0,1.0,1.0,1.0,0.0
GRB 190804C,2,2,1.0,1.0,1.0,1.0,1.0,0.0
GRB 211109A,2,3,0.8333333333333333,0.8333333333333333,0.6666666666666666,1.0,0.5,0.0
GRB 211109B,2,3,0.8333333333333333,0.8333333333333333,0.6666666666666666,1.0,0.5,0.0
GRB 210707A,2,2,1.0,1.0,1.0,1.0,1.0,0.0
GRB 211110A,2,2,0.75,0.75,0.5,1.0,0.5,0.0
GRB 211112A,2,3,0.8333333333333333,0.8333333333333333,0.6666666666666666,1.0,0.5,0.0
GRB 211115A,2,1,1.0,1.0,1.0,1.0,1.0,0.0
GRB 210704B,2,2,1.0,1.0,1.0,1.0,1.0,0.0
GRB 190808B,2,2,1.0,1.0,1.0,1.0,1.0,0.0
GRB 210627A,2,3,0.8333333333333333,0.8333333333333333,0.6666666666666666,1.0,0.5,0.0
GRB 210625A,2,3,0.8333333333333333,0.8333333333333333,0.6666666666666666,1.0,0.5,0.0
GRB 190814A,2,2,0.75,0.75,0.5,1.0,0.5,0.0
GRB 210621A,2,3,0.8333333333333333,0.8333333333333333,0.6666666666666666,1.0,0.5,0.0
GRB 211204A,2,3,0.8333333333333333,0.8333333333333333,0.6666666666666666,1.0,0.5,0.0
GRB 211204B,2,3,0.8333333333333333,0.8333333333333333,0.6666666666666666,1.0,0.5,0.0
GRB 210619A,2,2,1.0,1.0,1.0,1.0,1.0,0.0
GRB 190517A,2,2,1.0,1.0,1.0,1.0,1.0,0.0
GRB 190827A,2,2,1.0,1.0,1.0,1.0,1.0,0.0
GRB 210615A,2,3,0.8333333333333333,0.8333333333333333,0.6666666666666666,1.0,0.5,0.0
GRB 210612.54,2,3,1.0,1.0,1.0,1.0,1.0,0.0
GRB 210607C,2,2,0.75,0.75,0.5,1.0,0.5,0.0
GRB 211212A,2,3,0.8333333333333333,0.8333333333333333,0.6666666666666666,1.0,0.5,0.0
GRB 211212B,2,3,0.8333333333333333,0.8333333333333333,0.6666666666666666,1.0,0.5,0.0
GRB 190828D,2,2,0.75,0.75,0.5,1.0,0.5,0.0
GRB 210601A,2,3,0.8333333333333333,0.8333333333333333,0.6666666666666666,1.0,0.5,0.0
GRB 211218A,2,2,0.75,0.75,0.5,1.0,0.5,0.0
GRB 190804A,2,2,1.0,1.0,1.0,1.0,1.0,0.0
GRB 211107A,2,2,0.75,0.75,0.5,1.0,0.5,0.0
GRB 211223A,2,1,1.0,1.0,1.0,1.0,1.0,0.0
GRB 190728A,2,2,0.75,0.75,0.5,1.0,0.5,0.0
GRB 210904A,2,3,0.8333333333333333,0.8333333333333333,0.6666666666666666,1.0,0.5,0.0
GRB 190630A,2,2,0.75,0.75,0.5,1.0,0.5,0.0
GRB 210903A,2,3,0.8333333333333333,0.8333333333333333,0.6666666666666666,1.0,0.5,0.0
GRB 210903.58,2,3,1.0,1.0,1.0,1.0,1.0,0.0
GRB 190701B,2,2,0.75,0.75,0.5,1.0,0.5,0.0
GRB 190704A,2,2,0.75,0.75,0.5,1.0,0.5,0.0
GRB 210923A,2,3,0.8333333333333333,0.8333333333333333,0.6666666666666666,1.0,0.5,0.0
GRB 190707A,2,2,1.0,1.0,1.0,1.0,1.0,0.0
GRB 210925A,2,2,0.75,0.75,0.5,1.0,0.5,0.0
GRB 210821A,2,3,0.8333333333333333,0.8333333333333333,0.6666666666666666,1.0,0.5,0.0
GRB 210925B,2,2,0.75,0.75,0.5,1.0,0.5,0.0
GRB 210926A,2,2,0.75,0.75,0.5,1.0,0.5,0.0
GRB 210927B,2,1,1.0,1.0,1.0,1.0,1.0,0.0
GRB 210815A,2,2,1.0,1.0,1.0,1.0,1.0,0.0
GRB 210929B,2,3,0.8333333333333333,0.8333333333333333,0.6666666666666666,1.0,0.5,0.0
GRB 190622A,2,2,1.0,1.0,1.0,1.0,1.0,0.0
GRB 210807B,2,3,0.8333333333333333,0.8333333333333333,0.6666666666666666,1.0,0.5,0.0
GRB 190716A,2,2,1.0,1.0,1.0,1.0,1.0,0.0
GRB 190620A,2,2,1.0,1.0,1.0,1.0,1.0,0.0
GRB 190615B,2,2,0.75,0.75,0.5,1.0,0.5,0.0
GRB 190615A,2,2,0.75,0.75,0.5,1.0,0.5,0.0
GRB 210803A,2,2,1.0,1.0,1.0,1.0,1.0,0.0
GRB 210801A,2,2,1.0,1.0,1.0,1.0,1.0,0.0
GRB 211027A,2,3,0.8333333333333333,0.8333333333333333,0.6666666666666666,1.0,0.5,0.0
GRB 211031A,2,3,0.8333333333333333,0.8333333333333333,0.6666666666666666,1.0,0.5,0.0
GRB 190723A,2,2,0.75,0.75,0.5,1.0,0.5,0.0
GRB 190727A,2,2,1.0,1.0,1.0,1.0,1.0,0.0
GRB 211222A,2,3,0.8333333333333333,0.8333333333333333,0.6666666666666666,1.0,0.5,0.0
GRB 211223B,2,3,0.8333333333333333,0.8333333333333333,0.6666666666666666,1.0,0.5,0.0
GRB 220507A,2,2,1.0,1.0,1.0,1.0,1.0,0.0
GRB 220306A,2,3,0.8333333333333333,0.8333333333333333,0.6666666666666666,1.0,0.5,0.0
GRB 210421C,2,3,0.8333333333333333,0.8333333333333333,0.6666666666666666,1.0,0.5,0.0
GRB 220310B,2,3,0.8333333333333333,0.8333333333333333,0.6666666666666666,1.0,0.5,0.0
GRB 220315A,2,3,0.6666666666666666,0.6666666666666666,0.6666666666666666,0.6666666666666666,0.0,0.0
GRB 210420A,2,3,0.8333333333333333,0.8333333333333333,0.6666666666666666,1.0,0.5,0.0
GRB 190411A,2,2,0.75,0.75,0.5,1.0,0.5,0.0
GRB 190409A,2,2,0.75,0.75,0.5,1.0,0.5,0.0
GRB 220330A,2,3,0.8333333333333333,0.8333333333333333,0.6666666666666666,1.0,0.5,0.0
GRB 191019B,2,2,1.0,1.0,1.0,1.0,1.0,0.0
GRB 220401B,2,3,0.8333333333333333,0.8333333333333333,0.6666666666666666,1.0,0.5,0.0
GRB 190407,2,2,1.0,1.0,1.0,1.0,1.0,0.0
GRB 190406B,2,3,0.8333333333333333,0.8333333333333333,0.6666666666666666,1.0,0.5,0.0
GRB 220404A,2,2,1.0,1.0,1.0,1.0,1.0,0.0
GRB 210415A,2,3,0.8333333333333333,0.8333333333333333,0.6666666666666666,1.0,0.5,0.0
GRB 190331C,2,2,0.75,0.75,0.5,1.0,0.5,0.0
GRB 190330A,2,1,1.0,1.0,1.0,1.0,1.0,0.0
GRB 220418A,2,3,0.8333333333333333,0.8333333333333333,0.6666666666666666,1.0,0.5,0.0
GRB 210411D,2,2,1.0,1.0,1.0,1.0,1.0,0.0
GRB 191022A,2,2,1.0,1.0,1.0,1.0,1.0,0.0
GRB 220420A,2,3,0.6666666666666666,0.6666666666666666,0.6666666666666666,0.6666666666666666,0.0,0.0
GRB 210411A,2,3,0.8333333333333333,0.8333333333333333,0.6666666666666666,1.0,0.5,0.0
GRB 220421A,2,2,1.0,1.0,1.0,1.0,1.0,0.0
GRB 220421B,2,1,1.0,1.0,1.0,1.0,1.0,0.0
GRB 210403A,2,2,1.0,1.0,1.0,1.0,1.0,0.0
GRB 220426B,2,3,0.8333333333333333,0.8333333333333333,0.6666666666666666,1.0,0.5,0.0
GRB 191025A,2,3,0.6666666666666666,0.6666666666666666,0.6666666666666666,0.6666666666666666,0.0,0.0
GRB 190323A,2,2,0.75,0.75,0.5,1.0,0.5,0.0
GRB 210326A,2,2,0.75,0.75,0.5,1.0,0.5,0.0
GRB 220309A,2,3,0.8333333333333333,0.8333333333333333,0.6666666666666666,1.0,0.5,0.0
GRB 210422A,2,2,1.0,1.0,1.0,1.0,1.0,0.0
GRB 211225A,2,2,0.75,0.75,0.5,1.0,0.5,0.0
GRB 190422.96,2,3,1.0,1.0,1.0,1.0,1.0,0.0
GRB 211225C,2,3,0.8333333333333333,0.8333333333333333,0.6666666666666666,1.0,0.5,0.0
GRB 190508A,2,3,0.6666666666666666,0.6666666666666666,0.6666666666666666,0.6666666666666666,0.0,0.0
GRB 210524B,2,3,0.8333333333333333,0.8333333333333333,0.6666666666666666,1.0,0.5,0.0
GRB 210519A,2,3,0.8333333333333333,0.8333333333333333,0.6666666666666666,1.0,0.5,0.0
GRB 190507B,2,3,0.6666666666666666,0.6666666666666666,0.6666666666666666,0.6666666666666666,0.0,0.0
GRB 210516A,2,3,0.8333333333333333,0.8333333333333333,0.6666666666666666,1.0,0.5,0.0
GRB 210515B,2,3,0.8333333333333333,0.8333333333333333,0.6666666666666666,1.0,0.5,0.0
GRB 210515A,2,3,0.8333333333333333,0.8333333333333333,0.6666666666666666,1.0,0.5,0.0
GRB 190919A,2,2,1.0,1.0,1.0,1.0,1.0,0.0
GRB 210511A,2,3,0.8333333333333333,0.8333333333333333,0.6666666666666666,1.0,0.5,0.0
GRB 220103A,2,3,0.8333333333333333,0.8333333333333333,0.6666666666666666,1.0,0.5,0.0
GRB 190923A,2,2,1.0,1.0,1.0,1.0,1.0,0.0
GRB 210507A,2,3,0.8333333333333333,0.8333333333333333,0.6666666666666666,1.0,0.5,0.0
GRB 220117C,2,2,1.0,1.0,1.0,1.0,1.0,0.0
GRB 220129A,2,3,0.8333333333333333,0.8333333333333333,0.6666666666666666,1.0,0.5,0.0
GRB 190501B,2,2,1.0,1.0,1.0,1.0,1.0,0.0
GRB 220131A,2,3,0.8333333333333333,0.8333333333333333,0.6666666666666666,1.0,0.5,0.0
GRB 210501A,2,3,0.8333333333333333,0.8333333333333333,0.6666666666666666,1.0,0.5,0.0
GRB 220131B,2,2,0.75,0.75,0.5,1.0,0.5,0.0
GRB 210430B,2,3,0.8333333333333333,0.8333333333333333,0.6666666666666666,1.0,0.5,0.0
GRB 220211B,2,3,0.8333333333333333,0.8333333333333333,0.6666666666666666,1.0,0.5,0.0
GRB 191011.19,2,3,1.0,1.0,1.0,1.0,1.0,0.0
GRB 220218A,2,2,0.75,0.75,0.5,1.0,0.5,0.0
GRB 190427.19,2,3,1.0,1.0,1.0,1.0,1.0,0.0
GRB 190424A,2,2,1.0,1.0,1.0,1.0,1.0,0.0
GRB 220222B,2,3,0.8333333333333333,0.8333333333333333,0.6666666666666666,1.0,0.5,0.0
GRB 220223A,2,3,0.8333333333333333,0.8333333333333333,0.6666666666666666,1.0,0.5,0.0
GRB 200318A,2,2,1.0,1.0,1.0,1.0,1.0,0.0
GRB 210903B,2,3,0.8333333333333333,0.8333333333333333,0.6666666666666666,1.0,0.5,0.0
GRB 171230B,2,1,1.0,1.0,1.0,1.0,1.0,0.0
GRB 230220B,2,3,0.8333333333333333,0.8333333333333333,0.6666666666666666,1.0,0.5,0.0
GRB 200407B,2,3,0.8333333333333333,0.8333333333333333,0.6666666666666666,1.0,0.5,0.0
GRB 200401A,2,3,0.8333333333333333,0.8333333333333333,0.6666666666666666,1.0,0.5,0.0
GRB 230227A,2,3,0.8333333333333333,0.8333333333333333,0.6666666666666666,1.0,0.5,0.0
GRB 170817B,2,2,0.75,0.75,0.5,1.0,0.5,0.0
GRB 230404A,2,2,1.0,1.0,1.0,1.0,1.0,0.0
GRB 200326B,2,2,1.0,1.0,1.0,1.0,1.0,0.0
GRB 200420A,2,3,0.8333333333333333,0.8333333333333333,0.6666666666666666,1.0,0.5,0.0
GRB 200811A,2,2,1.0,1.0,1.0,1.0,1.0,0.0
GRB 230409C,2,3,0.8333333333333333,0.8333333333333333,0.6666666666666666,1.0,0.5,0.0
GRB 200503A,2,2,0.75,0.75,0.5,1.0,0.5,0.0
GRB 200506C,2,2,1.0,1.0,1.0,1.0,1.0,0.0
GRB 200615A,2,3,0.8333333333333333,0.8333333333333333,0.6666666666666666,1.0,0.5,0.0
GRB 230520A,2,1,1.0,1.0,1.0,1.0,1.0,0.0
GRB 171013A,2,3,0.6666666666666666,0.6666666666666666,0.6666666666666666,0.6666666666666666,0.0,0.0
GRB 230316A,2,3,0.8333333333333333,0.8333333333333333,0.6666666666666666,1.0,0.5,0.0
GRB 230220A,2,1,1.0,1.0,1.0,1.0,1.0,0.0
GRB 200801A,2,3,0.8333333333333333,0.8333333333333333,0.6666666666666666,1.0,0.5,0.0
GRB 200907C,2,3,0.8333333333333333,0.8333333333333333,0.6666666666666666,1.0,0.5,0.0
GRB 230218A,2,3,0.6666666666666666,0.6666666666666666,0.6666666666666666,0.6666666666666666,0.0,0.0
GRB 200908A,2,3,0.8333333333333333,0.8333333333333333,0.6666666666666666,1.0,0.5,0.0
GRB 200705A,2,3,0.8333333333333333,0.8333333333333333,0.6666666666666666,1.0,0.5,0.0
GRB 230409A,2,3,0.8333333333333333,0.8333333333333333,0.6666666666666666,1.0,0.5,0.0
GRB 230421A,2,2,1.0,1.0,1.0,1.0,1.0,0.0
GRB 230517A,2,2,1.0,1.0,1.0,1.0,1.0,0.0
GRB 200403C,2,3,0.8333333333333333,0.8333333333333333,0.6666666666666666,1.0,0.5,0.0
GRB 200616A,2,3,0.8333333333333333,0.8333333333333333,0.6666666666666666,1.0,0.5,0.0
GRB 200404A,2,2,1.0,1.0,1.0,1.0,1.0,0.0
GRB 200707A,2,2,0.75,0.75,0.5,1.0,0.5,0.0
GRB 200405A,2,3,0.8333333333333333,0.8333333333333333,0.6666666666666666,1.0,0.5,0.0
GRB 170911A,2,2,0.75,0.75,0.5,1.0,0.5,0.0
GRB 200506A,2,2,1.0,1.0,1.0,1.0,1.0,0.0
GRB 200421A,2,3,0.8333333333333333,0.8333333333333333,0.6666666666666666,1.0,0.5,0.0
GRB 230304C,2,2,1.0,1.0,1.0,1.0,1.0,0.0
GRB 200403B,2,3,0.8333333333333333,0.8333333333333333,0.6666666666666666,1.0,0.5,0.0
GRB 200615B,2,1,1.0,1.0,1.0,1.0,1.0,0.0
GRB 200402C,2,3,0.8333333333333333,0.8333333333333333,0.6666666666666666,1.0,0.5,0.0
GRB 200531A,2,3,0.8333333333333333,0.8333333333333333,0.6666666666666666,1.0,0.5,0.0
GRB 200402B,2,2,1.0,1.0,1.0,1.0,1.0,0.0
GRB 200903C,2,3,0.8333333333333333,0.8333333333333333,0.6666666666666666,1.0,0.5,0.0
GRB 200529B,2,3,0.8333333333333333,0.8333333333333333,0.6666666666666666,1.0,0.5,0.0
GRB 230304A,2,2,1.0,1.0,1.0,1.0,1.0,0.0
GRB 230301B,2,3,0.8333333333333333,0.8333333333333333,0.6666666666666666,1.0,0.5,0.0
GRB 200904A,2,3,0.8333333333333333,0.8333333333333333,0.6666666666666666,1.0,0.5,0.0
GRB 200702A,2,3,0.8333333333333333,0.8333333333333333,0.6666666666666666,1.0,0.5,0.0
GRB 230520B,2,3,0.6666666666666666,0.6666666666666666,0.6666666666666666,0.6666666666666666,0.0,0.0
GRB 200718A,2,3,0.8333333333333333,0.8333333333333333,0.6666666666666666,1.0,0.5,0.0
GRB 230320A,2,3,0.8333333333333333,0.8333333333333333,0.6666666666666666,1.0,0.5,0.0
GRB 200323A,2,2,1.0,1.0,1.0,1.0,1.0,0.0
GRB 200714A,2,3,0.8333333333333333,0.8333333333333333,0.6666666666666666,1.0,0.5,0.0
GRB 200916A,2,3,0.8333333333333333,0.8333333333333333,0.6666666666666666,1.0,0.5,0.0
GRB 230521A,2,2,0.75,0.75,0.5,1.0,0.5,0.0
GRB 170827B,2,2,0.75,0.75,0.5,1.0,0.5,0.0
GRB 171212B,2,2,1.0,1.0,1.0,1.0,1.0,0.0
GRB 230415A,2,2,1.0,1.0,1.0,1.0,1.0,0.0
GRB 171126A,2,2,1.0,1.0,1.0,1.0,1.0,0.0
GRB 230410B,2,1,1.0,1.0,1.0,1.0,1.0,0.0
GRB 170921C,2,1,1.0,1.0,1.0,1.0,1.0,0.0
GRB 200817A,2,3,0.8333333333333333,0.8333333333333333,0.6666666666666666,1.0,0.5,0.0
GRB 200714D,2,3,0.8333333333333333,0.8333333333333333,0.6666666666666666,1.0,0.5,0.0
GRB 230328A,2,3,0.8333333333333333,0.8333333333333333,0.6666666666666666,1.0,0.5,0.0
GRB 200319A,2,2,1.0,1.0,1.0,1.0,1.0,0.0
GRB 230523A,2,2,1.0,1.0,1.0,1.0,1.0,0.0
GRB 230209A,2,3,0.6666666666666666,0.6666666666666666,0.6666666666666666,0.6666666666666666,0.0,0.0
GRB 230523B,2,1,1.0,1.0,1.0,1.0,1.0,0.0
GRB 200503B,2,2,1.0,1.0,1.0,1.0,1.0,0.0
GRB 200919B,2,3,0.8333333333333333,0.8333333333333333,0.6666666666666666,1.0,0.5,0.0
GRB 200505A,2,2,0.75,0.75,0.5,1.0,0.5,0.0
GRB 230215A,2,3,0.8333333333333333,0.8333333333333333,0.6666666666666666,1.0,0.5,0.0
GRB 200522B,2,3,0.8333333333333333,0.8333333333333333,0.6666666666666666,1.0,0.5,0.0
GRB 200626A,2,3,0.8333333333333333,0.8333333333333333,0.6666666666666666,1.0,0.5,0.0
GRB 200525A,2,3,0.8333333333333333,0.8333333333333333,0.6666666666666666,1.0,0.5,0.0
GRB 200614A,2,3,0.8333333333333333,0.8333333333333333,0.6666666666666666,1.0,0.5,0.0
GRB 230216B,2,2,0.75,0.75,0.5,1.0,0.5,0.0
GRB 200909B,2,2,1.0,1.0,1.0,1.0,1.0,0.0
GRB 230405A,2,3,0.8333333333333333,0.8333333333333333,0.6666666666666666,1.0,0.5,0.0
GRB 031201,1,1,1.0,1.0,1.0,1.0,1.0,0.0
GRB 031203B,1,2,1.0,1.0,1.0,1.0,1.0,0.0
GRB 030926,1,1,1.0,1.0,1.0,1.0,1.0,0.0
GRB 030922B,1,1,1.0,1.0,1.0,1.0,1.0,0.0
GRB 031111A,1,2,1.0,1.0,1.0,1.0,1.0,0.0
GRB 030922A,1,1,1.0,1.0,1.0,1.0,1.0,0.0
IceCube-210926A,1,1,1.0,1.0,1.0,1.0,1.0,0.0
GRB 040308,1,2,1.0,1.0,1.0,1.0,1.0,0.0
GRB 040319,1,3,1.0,1.0,1.0,1.0,1.0,0.0
GRB 030922,1,1,1.0,1.0,1.0,1.0,1.0,0.0
GRB 031027,1,1,1.0,1.0,1.0,1.0,1.0,0.0
GRB 031008,1,1,1.0,1.0,1.0,1.0,1.0,0.0
GRB 040322,1,1,1.0,1.0,1.0,1.0,1.0,0.0
GRB 031120,1,1,1.0,1.0,1.0,1.0,1.0,0.0
GRB 031107,1,1,1.0,1.0,1.0,1.0,1.0,0.0
GRB 031109,1,2,1.0,1.0,1.0,1.0,1.0,0.0
GRB 031108,1,1,1.0,1.0,1.0,1.0,1.0,0.0
GRB 210504.58,1,3,1.0,1.0,1.0,1.0,1.0,0.0
GRB 031004A,1,1,1.0,1.0,1.0,1.0,1.0,0.0
GRB 190930A,1,2,1.0,1.0,1.0,1.0,1.0,0.0
GRB 031130,1,1,1.0,1.0,1.0,1.0,1.0,0.0
GRB 200529.04,1,3,1.0,1.0,1.0,1.0,1.0,0.0
GRB 031114,1,1,1.0,1.0,1.0,1.0,1.0,0.0
GRB 031111B,1,2,1.0,1.0,1.0,1.0,1.0,0.0
GRB 210506.78,1,3,1.0,1.0,1.0,1.0,1.0,0.0
GRB 031014,1,1,1.0,1.0,1.0,1.0,1.0,0.0
GRB 031219,1,1,1.0,1.0,1.0,1.0,1.0,0.0
GRB 031007,1,1,1.0,1.0,1.0,1.0,1.0,0.0
GRB 031026B,1,1,1.0,1.0,1.0,1.0,1.0,0.0
GRB 031016,1,1,1.0,1.0,1.0,1.0,1.0,0.0
GRB 031004B,1,1,1.0,1.0,1.0,1.0,1.0,0.0
GRB 031225A,1,1,1.0,1.0,1.0,1.0,1.0,0.0
GRB 031020,1,1,1.0,1.0,1.0,1.0,1.0,0.0
GRB 031127A,1,1,1.0,1.0,1.0,1.0,1.0,0.0
GRB 040229,1,2,1.0,1.0,1.0,1.0,1.0,0.0
GRB 191004.75,1,3,1.0,1.0,1.0,1.0,1.0,0.0
GRB 040823,1,2,1.0,1.0,1.0,1.0,1.0,0.0
GRB 040329,1,2,1.0,1.0,1.0,1.0,1.0,0.0
GRB 040403A,1,2,1.0,1.0,1.0,1.0,1.0,0.0
GRB 050331B,1,2,1.0,1.0,1.0,1.0,1.0,0.0
XRF 030823,1,3,1.0,1.0,1.0,1.0,1.0,0.0
GRB 190919.99,1,3,1.0,1.0,1.0,1.0,1.0,0.0
Baksan Neutrino Observatory Alert 200526.85,1,2,1.0,1.0,1.0,1.0,1.0,0.0
GRB 190916A,1,2,1.0,1.0,1.0,1.0,1.0,0.0
XRF 031109,1,3,1.0,1.0,1.0,1.0,1.0,0.0
GRB 210518.889,1,2,1.0,1.0,1.0,1.0,1.0,0.0
GRB 050430,1,2,1.0,1.0,1.0,1.0,1.0,0.0
GRB 050507,1,2,1.0,1.0,1.0,1.0,1.0,0.0
GRB 050509,1,2,1.0,1.0,1.0,1.0,1.0,0.0
GRB 190914A,1,2,1.0,1.0,1.0,1.0,1.0,0.0
Baksan Neutrino Observatory Alert 200511.76,1,2,1.0,1.0,1.0,1.0,1.0,0.0
GRB 190913A,1,2,1.0,1.0,1.0,1.0,1.0,0.0
GRB 210521.54,1,2,1.0,1.0,1.0,1.0,1.0,0.0
GRB 210521A,1,1,1.0,1.0,1.0,1.0,1.0,0.0
GRB 050723,1,2,1.0,1.0,1.0,1.0,1.0,0.0
GRB 210522A,1,1,1.0,1.0,1.0,1.0,1.0,0.0
GRB 050802.422,1,2,1.0,1.0,1.0,1.0,1.0,0.0
GRB 190910A,1,2,1.0,1.0,1.0,1.0,1.0,0.0
Baksan Neutrino Observatory Alert 200410.82,1,2,1.0,1.0,1.0,1.0,1.0,0.0
Baksan Neutrino Observatory Alert 200409.81,1,2,1.0,1.0,1.0,1.0,1.0,0.0
GRB 050825,1,2,1.0,1.0,1.0,1.0,1.0,0.0
Baksan Neutrino Observatory Alert 200409.23,1,2,1.0,1.0,1.0,1.0,1.0,0.0
IceCube-190523A,1,2,1.0,1.0,1.0,1.0,1.0,0.0
GRB 050825A,1,2,1.0,1.0,1.0,1.0,1.0,0.0
Baksan Neutrino Observatory Alert 200601.42,1,2,1.0,1.0,1.0,1.0,1.0,0.0
GRB 210515.83,1,3,1.0,1.0,1.0,1.0,1.0,0.0
XRF 030416,1,3,1.0,1.0,1.0,1.0,1.0,0.0
GRB 041116,1,1,1.0,1.0,1.0,1.0,1.0,0.0
GRB 040423,1,2,1.0,1.0,1.0,1.0,1.0,0.0
GRB 040425,1,1,1.0,1.0,1.0,1.0,1.0,0.0
GRB 210507.04,1,3,1.0,1.0,1.0,1.0,1.0,0.0
GRB 040606,1,2,1.0,1.0,1.0,1.0,1.0,0.0
GRB 040706,1,1,1.0,1.0,1.0,1.0,1.0,0.0
GRB 040709,1,1,1.0,1.0,1.0,1.0,1.0,0.0
GRB 210507.443,1,2,1.0,1.0,1.0,1.0,1.0,0.0
GRB 040802,1,2,1.0,1.0,1.0,1.0,1.0,0.0
GRB 040816,1,2,1.0,1.0,1.0,1.0,1.0,0.0
GRB 040825,1,2,1.0,1.0,1.0,1.0,1.0,0.0
GRB 190926.41,1,3,1.0,1.0,1.0,1.0,1.0,0.0
GRB 041219B,1,2,1.0,1.0,1.0,1.0,1.0,0.0
GRB 210514.71,1,3,1.0,1.0,1.0,1.0,1.0,0.0
XRF 011211,1,2,1.0,1.0,1.0,1.0,1.0,0.0
Baksan Neutrino Observatory Alert 200611.74,1,2,1.0,1.0,1.0,1.0,1.0,0.0
GRB 041220,1,2,1.0,1.0,1.0,1.0,1.0,0.0
Baksan Neutrino Observatory Alert 200603.12,1,2,1.0,1.0,1.0,1.0,1.0,0.0
GRB 190921A,1,2,1.0,1.0,1.0,1.0,1.0,0.0
GRB 050110,1,1,1.0,1.0,1.0,1.0,1.0,0.0
GRB 050112,1,1,1.0,1.0,1.0,1.0,1.0,0.0
GRB 210512.786,1,2,1.0,1.0,1.0,1.0,1.0,0.0
GRB 050117B,1,2,1.0,1.0,1.0,1.0,1.0,0.0
GRB 050121,1,2,1.0,1.0,1.0,1.0,1.0,0.0
GRB 050121B,1,2,1.0,1.0,1.0,1.0,1.0,0.0
GRB 191004.9,1,3,1.0,1.0,1.0,1.0,1.0,0.0
GRB 030717,1,1,1.0,1.0,1.0,1.0,1.0,0.0
GRB 030919,1,1,1.0,1.0,1.0,1.0,1.0,0.0
SGR J0501+4516,1,1,1.0,1.0,1.0,1.0,1.0,0.0
Baksan Neutrino Observatory Alert 201022.66,1,2,1.0,1.0,1.0,1.0,1.0,0.0
Baksan Neutrino Observatory Alert 201008.47,1,2,1.0,1.0,1.0,1.0,1.0,0.0
GRB 030326,1,1,1.0,1.0,1.0,1.0,1.0,0.0
GRB 030329A,1,2,1.0,1.0,1.0,1.0,1.0,0.0
GRB 191017C,1,2,1.0,1.0,1.0,1.0,1.0,0.0
Baksan Neutrino Observatory Alert 201006.88,1,2,1.0,1.0,1.0,1.0,1.0,0.0
GRB 191017A,1,2,1.0,1.0,1.0,1.0,1.0,0.0
GRB 030403,1,1,1.0,1.0,1.0,1.0,1.0,0.0
GRB 030406,1,1,1.0,1.0,1.0,1.0,1.0,0.0
GRB 030410,1,1,1.0,1.0,1.0,1.0,1.0,0.0
GRB 191017,1,2,1.0,1.0,1.0,1.0,1.0,0.0
Baksan Neutrino Observatory Alert 200905.99,1,2,1.0,1.0,1.0,1.0,1.0,0.0
GRB 030501C,1,1,1.0,1.0,1.0,1.0,1.0,0.0
GRB 210422.74,1,3,1.0,1.0,1.0,1.0,1.0,0.0
GRB 030419,1,1,1.0,1.0,1.0,1.0,1.0,0.0
GRB 030421,1,1,1.0,1.0,1.0,1.0,1.0,0.0
GRB 030422,1,1,1.0,1.0,1.0,1.0,1.0,0.0
GRB 030422B,1,1,1.0,1.0,1.0,1.0,1.0,0.0
GRB 030422C,1,1,1.0,1.0,1.0,1.0,1.0,0.0
IceCube-241016A,1,2,1.0,1.0,1.0,1.0,1.0,0.0
SN 2001em,1,3,1.0,1.0,1.0,1.0,1.0,0.0
Baksan Neutrino Observatory Alert 200819.88,1,2,1.0,1.0,1.0,1.0,1.0,0.0
GRB 030426,1,1,1.0,1.0,1.0,1.0,1.0,0.0
GRB 030428,1,1,1.0,1.0,1.0,1.0,1.0,0.0
GRB 030320B,1,1,1.0,1.0,1.0,1.0,1.0,0.0
GRB 030317,1,1,1.0,1.0,1.0,1.0,1.0,0.0
GRB 030307,1,1,1.0,1.0,1.0,1.0,1.0,0.0
LIGO/Virgo/Kagra S240422ed,1,1,1.0,1.0,1.0,1.0,1.0,0.0
GRB 030112,1,1,1.0,1.0,1.0,1.0,1.0,0.0
GRB 030112B,1,1,1.0,1.0,1.0,1.0,1.0,0.0
GRB 030113,1,1,1.0,1.0,1.0,1.0,1.0,0.0
LIGO/Virgo/Kagra S230627c,1,1,1.0,1.0,1.0,1.0,1.0,0.0
LIGO/Virgo/Kagra S240413p,1,1,1.0,1.0,1.0,1.0,1.0,0.0
GRB 030115C,1,1,1.0,1.0,1.0,1.0,1.0,0.0
GRB 030117,1,1,1.0,1.0,1.0,1.0,1.0,0.0
GRB 030119,1,1,1.0,1.0,1.0,1.0,1.0,0.0
GRB 030127,1,1,1.0,1.0,1.0,1.0,1.0,0.0
GRB 030202,1,1,1.0,1.0,1.0,1.0,1.0,0.0
GRB 030206,1,1,1.0,1.0,1.0,1.0,1.0,0.0
GRB 030208,1,1,1.0,1.0,1.0,1.0,1.0,0.0
GRB 030215A,1,1,1.0,1.0,1.0,1.0,1.0,0.0
GRB 030215C,1,1,1.0,1.0,1.0,1.0,1.0,0.0
GRB 030216,1,1,1.0,1.0,1.0,1.0,1.0,0.0
GRB 030218,1,1,1.0,1.0,1.0,1.0,1.0,0.0
GRB 030220,1,1,1.0,1.0,1.0,1.0,1.0,0.0
GRB 030223,1,1,1.0,1.0,1.0,1.0,1.0,0.0
GRB 191019.67,1,3,1.0,1.0,1.0,1.0,1.0,0.0
GRB 030225,1,1,1.0,1.0,1.0,1.0,1.0,0.0
GRB 191019.63,1,3,1.0,1.0,1.0,1.0,1.0,0.0
GRB 030301,1,1,1.0,1.0,1.0,1.0,1.0,0.0
GRB 030304,1,1,1.0,1.0,1.0,1.0,1.0,0.0
GRB 210422B,1,2,1.0,1.0,1.0,1.0,1.0,0.0
GRB 030505A,1,1,1.0,1.0,1.0,1.0,1.0,0.0
GRB 030916,1,1,1.0,1.0,1.0,1.0,1.0,0.0
GRB 030806,1,1,1.0,1.0,1.0,1.0,1.0,0.0
GRB 030710,1,1,1.0,1.0,1.0,1.0,1.0,0.0
GRB 030711,1,2,1.0,1.0,1.0,1.0,1.0,0.0
GRB 191008A,1,2,1.0,1.0,1.0,1.0,1.0,0.0
Baksan Neutrino Observatory Alert 200614.34,1,2,1.0,1.0,1.0,1.0,1.0,0.0
XRF 050406,1,2,1.0,1.0,1.0,1.0,1.0,0.0
GRB 030721,1,1,1.0,1.0,1.0,1.0,1.0,0.0
GRB 030722,1,1,1.0,1.0,1.0,1.0,1.0,0.0
GRB 210501.83,1,2,1.0,1.0,1.0,1.0,1.0,0.0
GRB 030726,1,1,1.0,1.0,1.0,1.0,1.0,0.0
GRB 030731,1,1,1.0,1.0,1.0,1.0,1.0,0.0
GRB 030801,1,1,1.0,1.0,1.0,1.0,1.0,0.0
GRB 030808,1,1,1.0,1.0,1.0,1.0,1.0,0.0
GRB 030505B,1,1,1.0,1.0,1.0,1.0,1.0,0.0
GRB 030814,1,1,1.0,1.0,1.0,1.0,1.0,0.0
GRB 030817,1,2,1.0,1.0,1.0,1.0,1.0,0.0
GRB 030822,1,1,1.0,1.0,1.0,1.0,1.0,0.0
GRB 210502.74,1,3,1.0,1.0,1.0,1.0,1.0,0.0
GRB 030827,1,1,1.0,1.0,1.0,1.0,1.0,0.0
GRB 030830,1,1,1.0,1.0,1.0,1.0,1.0,0.0
GRB 030831,1,1,1.0,1.0,1.0,1.0,1.0,0.0
GRB 030903,1,1,1.0,1.0,1.0,1.0,1.0,0.0
Virgo S190521g,1,1,1.0,1.0,1.0,1.0,1.0,0.0
Virgo/KAGRA S250206dm,1,2,1.0,1.0,1.0,1.0,1.0,0.0
GRB 030908,1,1,1.0,1.0,1.0,1.0,1.0,0.0
GRB 030709,1,1,1.0,1.0,1.0,1.0,1.0,0.0
SN 2026kid,1,2,1.0,1.0,1.0,1.0,1.0,0.0
GRB 210430.45,1,3,1.0,1.0,1.0,1.0,1.0,0.0
SN 2021gpw,1,2,1.0,1.0,1.0,1.0,1.0,0.0
GRB 030506,1,1,1.0,1.0,1.0,1.0,1.0,0.0
GRB 210424.694,1,2,1.0,1.0,1.0,1.0,1.0,0.0
GRB 030509B,1,1,1.0,1.0,1.0,1.0,1.0,0.0
GRB 030513,1,1,1.0,1.0,1.0,1.0,1.0,0.0
GRB 030514,1,1,1.0,1.0,1.0,1.0,1.0,0.0
SN 2002bl,1,2,1.0,1.0,1.0,1.0,1.0,0.0
GRB 030518A,1,1,1.0,1.0,1.0,1.0,1.0,0.0
Baksan Neutrino Observatory Alert 200819.09,1,2,1.0,1.0,1.0,1.0,1.0,0.0
GRB 030518B,1,1,1.0,1.0,1.0,1.0,1.0,0.0
GRB 030518C,1,1,1.0,1.0,1.0,1.0,1.0,0.0
Baksan Neutrino Observatory Alert 200726.66,1,2,1.0,1.0,1.0,1.0,1.0,0.0
GRB 030519,1,1,1.0,1.0,1.0,1.0,1.0,0.0
GRB 030523,1,1,1.0,1.0,1.0,1.0,1.0,0.0
GRB 030523B,1,1,1.0,1.0,1.0,1.0,1.0,0.0
GRB 210424A,1,2,1.0,1.0,1.0,1.0,1.0,0.0
GRB 200524,1,2,1.0,1.0,1.0,1.0,1.0,0.0
Baksan Neutrino Observatory Alert 200617.47,1,2,1.0,1.0,1.0,1.0,1.0,0.0
GRB 030605,1,1,1.0,1.0,1.0,1.0,1.0,0.0
GRB 030605B,1,1,1.0,1.0,1.0,1.0,1.0,0.0
GRB 030606,1,1,1.0,1.0,1.0,1.0,1.0,0.0
GRB 030607,1,1,1.0,1.0,1.0,1.0,1.0,0.0
GRB 191016.17,1,3,1.0,1.0,1.0,1.0,1.0,0.0
GRB 210425A,1,1,1.0,1.0,1.0,1.0,1.0,0.0
GRB 050910A,1,2,1.0,1.0,1.0,1.0,1.0,0.0
Baksan Neutrino Observatory Alert 191222.09,1,2,1.0,1.0,1.0,1.0,1.0,0.0
GRB 050914,1,2,1.0,1.0,1.0,1.0,1.0,0.0
GRB 210726.80,1,3,1.0,1.0,1.0,1.0,1.0,0.0
GRB 260611A,1,2,1.0,1.0,1.0,1.0,1.0,0.0
GRB 200616B,1,2,1.0,1.0,1.0,1.0,1.0,0.0
sb25032302,1,2,1.0,1.0,1.0,1.0,1.0,0.0
GRB 190719B,1,2,1.0,1.0,1.0,1.0,1.0,0.0
GRB 210731.62,1,3,1.0,1.0,1.0,1.0,1.0,0.0
GRB 260609A,1,2,1.0,1.0,1.0,1.0,1.0,0.0
GRB 210731.93,1,3,1.0,1.0,1.0,1.0,1.0,0.0
GRB 260608B,1,2,1.0,1.0,1.0,1.0,1.0,0.0
GRB 190719A,1,2,1.0,1.0,1.0,1.0,1.0,0.0
GRB 071010C,1,2,1.0,1.0,1.0,1.0,1.0,0.0
GRB 190718.2,1,3,1.0,1.0,1.0,1.0,1.0,0.0
AT2026oyp,1,3,1.0,1.0,1.0,1.0,1.0,0.0
GRB 210807.74,1,3,1.0,1.0,1.0,1.0,1.0,0.0
GRB 210807.78,1,3,1.0,1.0,1.0,1.0,1.0,0.0
GRB 260604.85,1,3,1.0,1.0,1.0,1.0,1.0,0.0
GRB 260603C,1,2,1.0,1.0,1.0,1.0,1.0,0.0
GRB 260603B,1,2,1.0,1.0,1.0,1.0,1.0,0.0
AT2026nuz,1,1,1.0,1.0,1.0,1.0,1.0,0.0
GRB 210807.79,1,3,1.0,1.0,1.0,1.0,1.0,0.0
GRB 260603.23,1,3,1.0,1.0,1.0,1.0,1.0,0.0
GRB 071110,1,1,1.0,1.0,1.0,1.0,1.0,0.0
GRB 260602A,1,2,1.0,1.0,1.0,1.0,1.0,0.0
GRB 071112,1,2,1.0,1.0,1.0,1.0,1.0,0.0
GRB 210807.96,1,3,1.0,1.0,1.0,1.0,1.0,0.0
GRB 260531C,1,2,1.0,1.0,1.0,1.0,1.0,0.0
Baksan Neutrino Observatory Alert 190629.56,1,2,1.0,1.0,1.0,1.0,1.0,0.0
GRB 210725.16,1,3,1.0,1.0,1.0,1.0,1.0,0.0
GRB 260531A,1,1,1.0,1.0,1.0,1.0,1.0,0.0
GRB 210724.84,1,3,1.0,1.0,1.0,1.0,1.0,0.0
GRB 070510,1,2,1.0,1.0,1.0,1.0,1.0,0.0
GRB 200618,1,2,1.0,1.0,1.0,1.0,1.0,0.0
Baksan Neutrino Observatory Alert 190913.27,1,2,1.0,1.0,1.0,1.0,1.0,0.0
GRB 210708.10,1,3,1.0,1.0,1.0,1.0,1.0,0.0
GRB 190805A,1,2,1.0,1.0,1.0,1.0,1.0,0.0
Baksan Neutrino Observatory Alert 190817.35,1,2,1.0,1.0,1.0,1.0,1.0,0.0
ZTF22acaruqr,1,3,1.0,1.0,1.0,1.0,1.0,0.0
GRB 260703B,1,2,1.0,1.0,1.0,1.0,1.0,0.0
GRB 210709.93,1,2,1.0,1.0,1.0,1.0,1.0,0.0
Baksan Neutrino Observatory Alert 190816.83,1,2,1.0,1.0,1.0,1.0,1.0,0.0
GRB 260701A,1,2,1.0,1.0,1.0,1.0,1.0,0.0
Baksan Neutrino Observatory Alert 190703.56,1,2,1.0,1.0,1.0,1.0,1.0,0.0
GRB 190804.33,1,2,1.0,1.0,1.0,1.0,1.0,0.0
GRB 260627A,1,1,1.0,1.0,1.0,1.0,1.0,0.0
ZTF23aamxeqf,1,1,1.0,1.0,1.0,1.0,1.0,0.0
GRB 260623B,1,3,1.0,1.0,1.0,1.0,1.0,0.0
GRB 210715B,1,2,1.0,1.0,1.0,1.0,1.0,0.0
GRB 070706B,1,1,1.0,1.0,1.0,1.0,1.0,0.0
Baksan Neutrino Observatory Alert 190703.21,1,2,1.0,1.0,1.0,1.0,1.0,0.0
GRB 260618C,1,2,1.0,1.0,1.0,1.0,1.0,0.0
GRB 210719A,1,1,1.0,1.0,1.0,1.0,1.0,0.0
GRB 200617A,1,1,1.0,1.0,1.0,1.0,1.0,0.0
GRB 070721,1,2,1.0,1.0,1.0,1.0,1.0,0.0
ZTF26aaglqak,1,1,1.0,1.0,1.0,1.0,1.0,0.0
GRB 070724A,1,1,1.0,1.0,1.0,1.0,1.0,0.0
sb25050601,1,2,1.0,1.0,1.0,1.0,1.0,0.0
GRB 260530C,1,2,1.0,1.0,1.0,1.0,1.0,0.0
GRB 190906B,1,2,1.0,1.0,1.0,1.0,1.0,0.0
GRB 200613,1,2,1.0,1.0,1.0,1.0,1.0,0.0
GRB 190706A,1,1,1.0,1.0,1.0,1.0,1.0,0.0
sb25101004,1,1,1.0,1.0,1.0,1.0,1.0,0.0
sb25101602,1,1,1.0,1.0,1.0,1.0,1.0,0.0
GRB 080408A,1,2,1.0,1.0,1.0,1.0,1.0,0.0
GRB 080410,1,2,1.0,1.0,1.0,1.0,1.0,0.0
GRB 080420,1,2,1.0,1.0,1.0,1.0,1.0,0.0
GRB 260507B,1,3,1.0,1.0,1.0,1.0,1.0,0.0
GRB 080420A,1,2,1.0,1.0,1.0,1.0,1.0,0.0
sb25120502,1,2,1.0,1.0,1.0,1.0,1.0,0.0
GRB 080514,1,2,1.0,1.0,1.0,1.0,1.0,0.0
GRB 260504C,1,2,1.0,1.0,1.0,1.0,1.0,0.0
GRB 080521,1,2,1.0,1.0,1.0,1.0,1.0,0.0
GRB 210829.14,1,3,1.0,1.0,1.0,1.0,1.0,0.0
GRB 210829.17,1,3,1.0,1.0,1.0,1.0,1.0,0.0
GRB 190631,1,3,1.0,1.0,1.0,1.0,1.0,0.0
ANTARES 200407A,1,2,1.0,1.0,1.0,1.0,1.0,0.0
GRB 260430A,1,2,1.0,1.0,1.0,1.0,1.0,0.0
GRB 080628,1,2,1.0,1.0,1.0,1.0,1.0,0.0
GRB 080702,1,2,1.0,1.0,1.0,1.0,1.0,0.0
GRB 080703A,1,2,1.0,1.0,1.0,1.0,1.0,0.0
GRB 260424C,1,2,1.0,1.0,1.0,1.0,1.0,0.0
GRB 080705,1,1,1.0,1.0,1.0,1.0,1.0,0.0
GRB 260424A,1,2,1.0,1.0,1.0,1.0,1.0,0.0
GRB 210903.59,1,3,1.0,1.0,1.0,1.0,1.0,0.0
sb26030408,1,2,1.0,1.0,1.0,1.0,1.0,0.0
GRB 210825.29,1,3,1.0,1.0,1.0,1.0,1.0,0.0
GRB 260511C,1,2,1.0,1.0,1.0,1.0,1.0,0.0
GRB 260530B,1,2,1.0,1.0,1.0,1.0,1.0,0.0
sb25090605,1,2,1.0,1.0,1.0,1.0,1.0,0.0
GRB 260530A,1,2,1.0,1.0,1.0,1.0,1.0,0.0
AT2026nik,1,2,1.0,1.0,1.0,1.0,1.0,0.0
GRB 071208,1,2,1.0,1.0,1.0,1.0,1.0,0.0
GRB 080060,1,2,1.0,1.0,1.0,1.0,1.0,0.0
GRB 080070,1,2,1.0,1.0,1.0,1.0,1.0,0.0
GRB 260524A,1,2,1.0,1.0,1.0,1.0,1.0,0.0
GRB 080101A,1,2,1.0,1.0,1.0,1.0,1.0,0.0
GRB 190714B,1,2,1.0,1.0,1.0,1.0,1.0,0.0
GRB 210812B,1,2,1.0,1.0,1.0,1.0,1.0,0.0
GRB 080102A,1,2,1.0,1.0,1.0,1.0,1.0,0.0
GRB 190712A,1,2,1.0,1.0,1.0,1.0,1.0,0.0
GRB 260520A,1,2,1.0,1.0,1.0,1.0,1.0,0.0
GRB 260519D,1,2,1.0,1.0,1.0,1.0,1.0,0.0
GRB 260519B,1,2,1.0,1.0,1.0,1.0,1.0,0.0
GRB 260519A,1,2,1.0,1.0,1.0,1.0,1.0,0.0
GRB 260518B,1,3,1.0,1.0,1.0,1.0,1.0,0.0
GRB 210818.68,1,3,1.0,1.0,1.0,1.0,1.0,0.0
GRB 080218,1,2,1.0,1.0,1.0,1.0,1.0,0.0
GRB 190708A,1,2,1.0,1.0,1.0,1.0,1.0,0.0
GRB 190708.83,1,2,1.0,1.0,1.0,1.0,1.0,0.0
GRB 260516A,1,2,1.0,1.0,1.0,1.0,1.0,0.0
GRB 080218A,1,2,1.0,1.0,1.0,1.0,1.0,0.0
AT2018cow,1,2,1.0,1.0,1.0,1.0,1.0,0.0
GRB 210820B,1,2,1.0,1.0,1.0,1.0,1.0,0.0
GRB 190707B,1,2,1.0,1.0,1.0,1.0,1.0,0.0
Baksan Neutrino Observatory Alert 190920.65,1,2,1.0,1.0,1.0,1.0,1.0,0.0
GRB 210707.02,1,3,1.0,1.0,1.0,1.0,1.0,0.0
GRB 260708.42,1,2,1.0,1.0,1.0,1.0,1.0,0.0
GRB 051127,1,2,1.0,1.0,1.0,1.0,1.0,0.0
GRB 210602.50,1,2,1.0,1.0,1.0,1.0,1.0,0.0
HAWC-200907A,1,2,1.0,1.0,1.0,1.0,1.0,0.0
GRB 190831A,1,2,1.0,1.0,1.0,1.0,1.0,0.0
HAWC-200709A,1,1,1.0,1.0,1.0,1.0,1.0,0.0
HAWC-200216A,1,2,1.0,1.0,1.0,1.0,1.0,0.0
GRB 210602B,1,1,1.0,1.0,1.0,1.0,1.0,0.0
GRB 060110A,1,2,1.0,1.0,1.0,1.0,1.0,0.0
HAWC-190917A,1,1,1.0,1.0,1.0,1.0,1.0,0.0
GRB 060111.2,1,2,1.0,1.0,1.0,1.0,1.0,0.0
GRB 210603.41,1,3,1.0,1.0,1.0,1.0,1.0,0.0
GW190814,1,1,1.0,1.0,1.0,1.0,1.0,0.0
GRB 060204,1,2,1.0,1.0,1.0,1.0,1.0,0.0
GRB 190830B,1,2,1.0,1.0,1.0,1.0,1.0,0.0
GRB 190830A,1,2,1.0,1.0,1.0,1.0,1.0,0.0
XRF 100616A,1,1,1.0,1.0,1.0,1.0,1.0,0.0
GRB 210607.82,1,2,1.0,1.0,1.0,1.0,1.0,0.0
GRB 210607A,1,2,1.0,1.0,1.0,1.0,1.0,0.0
XRF 100701A,1,1,1.0,1.0,1.0,1.0,1.0,0.0
GRB 060209A,1,2,1.0,1.0,1.0,1.0,1.0,0.0
GRB 210607B,1,1,1.0,1.0,1.0,1.0,1.0,0.0
Baksan Neutrino Observatory Alert 191128.17,1,2,1.0,1.0,1.0,1.0,1.0,0.0
GRB 060211.7,1,1,1.0,1.0,1.0,1.0,1.0,0.0
GRB 060218A,1,2,1.0,1.0,1.0,1.0,1.0,0.0
GRB 060303,1,2,1.0,1.0,1.0,1.0,1.0,0.0
GRB 990908,1,1,1.0,1.0,1.0,1.0,1.0,0.0
XRF 100315A,1,1,1.0,1.0,1.0,1.0,1.0,0.0
HAWC-220103A,1,1,1.0,1.0,1.0,1.0,1.0,0.0
GRB 070507,1,2,1.0,1.0,1.0,1.0,1.0,0.0
HAWC-220702A,1,1,1.0,1.0,1.0,1.0,1.0,0.0
GRB 210528.95,1,2,1.0,1.0,1.0,1.0,1.0,0.0
GRB 050922,1,2,1.0,1.0,1.0,1.0,1.0,0.0
IceCube-181031A,1,2,1.0,1.0,1.0,1.0,1.0,0.0
GRB 050922A,1,2,1.0,1.0,1.0,1.0,1.0,0.0
GRB 190906A,1,1,1.0,1.0,1.0,1.0,1.0,0.0
GRB 190905A,1,2,1.0,1.0,1.0,1.0,1.0,0.0
Baksan Neutrino Observatory Alert 200408.26,1,2,1.0,1.0,1.0,1.0,1.0,0.0
GRB 051016A,1,2,1.0,1.0,1.0,1.0,1.0,0.0
GRB 051021.6,1,2,1.0,1.0,1.0,1.0,1.0,0.0
Baksan Neutrino Observatory Alert 200116.22,1,2,1.0,1.0,1.0,1.0,1.0,0.0
GRB 051021.63,1,1,1.0,1.0,1.0,1.0,1.0,0.0
Baksan Neutrino Observatory Alert 200116.21,1,2,1.0,1.0,1.0,1.0,1.0,0.0
IceCube-170506A,1,1,1.0,1.0,1.0,1.0,1.0,0.0
GRB 190904A,1,2,1.0,1.0,1.0,1.0,1.0,0.0
GRB 051022A,1,2,1.0,1.0,1.0,1.0,1.0,0.0
IceCube-161103A,1,1,1.0,1.0,1.0,1.0,1.0,0.0
IceCube-160814A,1,1,1.0,1.0,1.0,1.0,1.0,0.0
GRB 051107,1,2,1.0,1.0,1.0,1.0,1.0,0.0
GRB 190831B,1,1,1.0,1.0,1.0,1.0,1.0,0.0
GRB 051117,1,2,1.0,1.0,1.0,1.0,1.0,0.0
HAWC-230527A,1,1,1.0,1.0,1.0,1.0,1.0,0.0
HAWC-230311A,1,1,1.0,1.0,1.0,1.0,1.0,0.0
HAWC-221128A,1,1,1.0,1.0,1.0,1.0,1.0,0.0
LIGO/Virgo/Kagra S230518h,1,1,1.0,1.0,1.0,1.0,1.0,0.0
HAWC-221123A,1,1,1.0,1.0,1.0,1.0,1.0,0.0
GRB 210610.83,1,3,1.0,1.0,1.0,1.0,1.0,0.0
GRB 190828.78,1,3,1.0,1.0,1.0,1.0,1.0,0.0
GRB 060428,1,2,1.0,1.0,1.0,1.0,1.0,0.0
GRB 190828.54,1,3,1.0,1.0,1.0,1.0,1.0,0.0
Baksan Neutrino Observatory Alert 190928.37,1,2,1.0,1.0,1.0,1.0,1.0,0.0
GRB 210702.80,1,3,1.0,1.0,1.0,1.0,1.0,0.0
GRB 061121A,1,1,1.0,1.0,1.0,1.0,1.0,0.0
GRB 061122A,1,2,1.0,1.0,1.0,1.0,1.0,0.0
ZTF21aagwbjr,1,2,1.0,1.0,1.0,1.0,1.0,0.0
GRB 190808A,1,2,1.0,1.0,1.0,1.0,1.0,0.0
GRB 970925,1,1,1.0,1.0,1.0,1.0,1.0,0.0
GRB 061222,1,2,1.0,1.0,1.0,1.0,1.0,0.0
GRB 970815,1,3,1.0,1.0,1.0,1.0,1.0,0.0
GRB 970519,1,2,1.0,1.0,1.0,1.0,1.0,0.0
GRB 070207,1,1,1.0,1.0,1.0,1.0,1.0,0.0
ZTF21aahifke,1,2,1.0,1.0,1.0,1.0,1.0,0.0
GRB 960202B,1,2,1.0,1.0,1.0,1.0,1.0,0.0
GRB 210705A,1,1,1.0,1.0,1.0,1.0,1.0,0.0
GRB 270713A,1,2,1.0,1.0,1.0,1.0,1.0,0.0
GRB 260721A,1,2,1.0,1.0,1.0,1.0,1.0,0.0
GRB 070326,1,1,1.0,1.0,1.0,1.0,1.0,0.0
GRB 200619C,1,2,1.0,1.0,1.0,1.0,1.0,0.0
GRB 260715A,1,2,1.0,1.0,1.0,1.0,1.0,0.0
GRB 070418,1,2,1.0,1.0,1.0,1.0,1.0,0.0
GRB 260714A,1,2,1.0,1.0,1.0,1.0,1.0,0.0
GRB 260711A,1,2,1.0,1.0,1.0,1.0,1.0,0.0
GRB 210706.72,1,3,1.0,1.0,1.0,1.0,1.0,0.0
GRB 190806A,1,2,1.0,1.0,1.0,1.0,1.0,0.0
GRB 260708B,1,1,1.0,1.0,1.0,1.0,1.0,0.0
Baksan Neutrino Observatory Alert 191016.51,1,2,1.0,1.0,1.0,1.0,1.0,0.0
GRB 060927A,1,2,1.0,1.0,1.0,1.0,1.0,0.0
GRB 980611,1,1,1.0,1.0,1.0,1.0,1.0,0.0
ZTF19acyldun,1,1,1.0,1.0,1.0,1.0,1.0,0.0
Baksan Neutrino Observatory Alert 191127.25,1,2,1.0,1.0,1.0,1.0,1.0,0.0
XRF 120626B,1,1,1.0,1.0,1.0,1.0,1.0,0.0
GRB 990625,1,1,1.0,1.0,1.0,1.0,1.0,0.0
GRB 210618.07,1,3,1.0,1.0,1.0,1.0,1.0,0.0
ZTF19abjethn,1,2,1.0,1.0,1.0,1.0,1.0,0.0
GRB 060604A,1,2,1.0,1.0,1.0,1.0,1.0,0.0
GRB 990427,1,1,1.0,1.0,1.0,1.0,1.0,0.0
GRB 990323,1,1,1.0,1.0,1.0,1.0,1.0,0.0
ZTF19abqanpy,1,2,1.0,1.0,1.0,1.0,1.0,0.0
GRB 190825A,1,2,1.0,1.0,1.0,1.0,1.0,0.0
Baksan Neutrino Observatory Alert 191124.13,1,2,1.0,1.0,1.0,1.0,1.0,0.0
GRB 990308A,1,1,1.0,1.0,1.0,1.0,1.0,0.0
GRB 210624A,1,1,1.0,1.0,1.0,1.0,1.0,0.0
GRB 060610,1,1,1.0,1.0,1.0,1.0,1.0,0.0
ZTF20aaeyldq,1,1,1.0,1.0,1.0,1.0,1.0,0.0
GRB 060619,1,2,1.0,1.0,1.0,1.0,1.0,0.0
GRB 190821.72,1,3,1.0,1.0,1.0,1.0,1.0,0.0
GRB 210621.71,1,3,1.0,1.0,1.0,1.0,1.0,0.0
Baksan Neutrino Observatory Alert 191102.06,1,2,1.0,1.0,1.0,1.0,1.0,0.0
GRB 980923,1,1,1.0,1.0,1.0,1.0,1.0,0.0
GRB 980919,1,2,1.0,1.0,1.0,1.0,1.0,0.0
GRB 980910,1,2,1.0,1.0,1.0,1.0,1.0,0.0
GRB 190817A,1,2,1.0,1.0,1.0,1.0,1.0,0.0
GRB 200622A,1,2,1.0,1.0,1.0,1.0,1.0,0.0
GRB 030111,1,1,1.0,1.0,1.0,1.0,1.0,0.0
LIGO-Virgo S190519bj,1,1,1.0,1.0,1.0,1.0,1.0,0.0
IceCube-Cascade 210416A,1,1,1.0,1.0,1.0,1.0,1.0,0.0
GRB 210109A,1,1,1.0,1.0,1.0,1.0,1.0,0.0
LIGO/Virgo/KAGRA S250306ej,1,2,1.0,1.0,1.0,1.0,1.0,0.0
GRB 201226A,1,1,1.0,1.0,1.0,1.0,1.0,0.0
GRB 000000,1,1,1.0,1.0,1.0,1.0,1.0,0.0
LIGO/Virgo/KAGRA S230918aq,1,2,1.0,1.0,1.0,1.0,1.0,0.0
GRB 200105A,1,1,1.0,1.0,1.0,1.0,1.0,0.0
GRB 000226,1,1,1.0,1.0,1.0,1.0,1.0,0.0
GRB 201228A,1,2,1.0,1.0,1.0,1.0,1.0,0.0
LIGO/Virgo/KAGRA S230908b,1,2,1.0,1.0,1.0,1.0,1.0,0.0
GRB 200103A,1,2,1.0,1.0,1.0,1.0,1.0,0.0
GRB 199901,1,1,1.0,1.0,1.0,1.0,1.0,0.0
LIGO/Virgo/KAGRA S230830b,1,2,1.0,1.0,1.0,1.0,1.0,0.0
GRB 191228.00,1,3,1.0,1.0,1.0,1.0,1.0,0.0
GRB 202308,1,1,1.0,1.0,1.0,1.0,1.0,0.0
GRB 202503,1,1,1.0,1.0,1.0,1.0,1.0,0.0
GRB 202510,1,3,1.0,1.0,1.0,1.0,1.0,0.0
GRB 210102.01,1,3,1.0,1.0,1.0,1.0,1.0,0.0
GRB 210102.38,1,2,1.0,1.0,1.0,1.0,1.0,0.0
GRB 191227.07,1,3,1.0,1.0,1.0,1.0,1.0,0.0
LIGO/Virgo/KAGRA S230812aj,1,2,1.0,1.0,1.0,1.0,1.0,0.0
GRB 191226.25,1,3,1.0,1.0,1.0,1.0,1.0,0.0
LIGO/Virgo/KAGRA S230810af,1,2,1.0,1.0,1.0,1.0,1.0,0.0
GRB 210104.88,1,3,1.0,1.0,1.0,1.0,1.0,0.0
GRB 200809A,1,2,1.0,1.0,1.0,1.0,1.0,0.0
LIGO/Virgo/KAGRA S250329fl,1,2,1.0,1.0,1.0,1.0,1.0,0.0
GRB 000516,1,1,1.0,1.0,1.0,1.0,1.0,0.0
FRB 190806,1,2,1.0,1.0,1.0,1.0,1.0,0.0
GRB 200420,1,2,1.0,1.0,1.0,1.0,1.0,0.0
FRB 181228,1,2,1.0,1.0,1.0,1.0,1.0,0.0
LIGO/Virgo/KAGRA S231021az,1,1,1.0,1.0,1.0,1.0,1.0,0.0
GRB 200410.10,1,3,1.0,1.0,1.0,1.0,1.0,0.0
LIGO/Virgo/KAGRA S231102i,1,2,1.0,1.0,1.0,1.0,1.0,0.0
LIGO/Virgo/KAGRA S231030av,1,2,1.0,1.0,1.0,1.0,1.0,0.0
EP260628b,1,1,1.0,1.0,1.0,1.0,1.0,0.0
GRB 200818A,1,2,1.0,1.0,1.0,1.0,1.0,0.0
LIGO/Virgo/KAGRA S231029k,1,2,1.0,1.0,1.0,1.0,1.0,0.0
LIGO/Virgo/KAGRA S231029ai,1,2,1.0,1.0,1.0,1.0,1.0,0.0
GRB 200122B,1,1,1.0,1.0,1.0,1.0,1.0,0.0
LIGO/Virgo/KAGRA S231025t,1,2,1.0,1.0,1.0,1.0,1.0,0.0
LIGO/Virgo/KAGRA S250221eb,1,2,1.0,1.0,1.0,1.0,1.0,0.0
LIGO/Virgo/KAGRA S250221gb,1,2,1.0,1.0,1.0,1.0,1.0,0.0
GRB 200817B,1,2,1.0,1.0,1.0,1.0,1.0,0.0
LIGO/Virgo/KAGRA S250302av,1,2,1.0,1.0,1.0,1.0,1.0,0.0
GRB 200117A,1,2,1.0,1.0,1.0,1.0,1.0,0.0
LIGO/Virgo/KAGRA S231018cb,1,2,1.0,1.0,1.0,1.0,1.0,0.0
GRB 200115.49,1,3,1.0,1.0,1.0,1.0,1.0,0.0
GRB 200816.17,1,3,1.0,1.0,1.0,1.0,1.0,0.0
EP260713a,1,1,1.0,1.0,1.0,1.0,1.0,0.0
LIGO/Virgo/KAGRA S250227y,1,2,1.0,1.0,1.0,1.0,1.0,0.0
GRB 201222A,1,2,1.0,1.0,1.0,1.0,1.0,0.0
FRB 180714,1,2,1.0,1.0,1.0,1.0,1.0,0.0
FRB 180725A,1,2,1.0,1.0,1.0,1.0,1.0,0.0
FRB 181016,1,2,1.0,1.0,1.0,1.0,1.0,0.0
GRB 200109.07,1,3,1.0,1.0,1.0,1.0,1.0,0.0
GRB 210108A,1,2,1.0,1.0,1.0,1.0,1.0,0.0
LIGO/Virgo/KAGRA S230726b,1,2,1.0,1.0,1.0,1.0,1.0,0.0
LIGO/Virgo/KAGRA S231106y,1,2,1.0,1.0,1.0,1.0,1.0,0.0
GRB 210110.64,1,2,1.0,1.0,1.0,1.0,1.0,0.0
LIGO/Virgo/KAGRA S230528a,1,1,1.0,1.0,1.0,1.0,1.0,0.0
LIGO/Virgo/KAGRA S230527ch,1,1,1.0,1.0,1.0,1.0,1.0,0.0
LIGO/Virgo/KAGRA S230527c,1,2,1.0,1.0,1.0,1.0,1.0,0.0
LIGO/Virgo/KAGRA S230524x,1,2,1.0,1.0,1.0,1.0,1.0,0.0
LIGO/Virgo/KAGRA S230522n,1,2,1.0,1.0,1.0,1.0,1.0,0.0
LIGO/Virgo/KAGRA S230522a,1,2,1.0,1.0,1.0,1.0,1.0,0.0
GRB 191201A,1,2,1.0,1.0,1.0,1.0,1.0,0.0
EP240414A,1,1,1.0,1.0,1.0,1.0,1.0,0.0
LIGO/Virgo/KAGRA S230516az,1,1,1.0,1.0,1.0,1.0,1.0,0.0
LIGO/Virgo S250223dk,1,3,1.0,1.0,1.0,1.0,1.0,0.0
LIGO/Virgo S250119cv,1,3,1.0,1.0,1.0,1.0,1.0,0.0
LIGO/Virgo S241127aj,1,1,1.0,1.0,1.0,1.0,1.0,0.0
LIGO/Virgo S241125n,1,3,1.0,1.0,1.0,1.0,1.0,0.0
GRB 191125A,1,2,1.0,1.0,1.0,1.0,1.0,0.0
LIGO/Virgo S240915b,1,3,1.0,1.0,1.0,1.0,1.0,0.0
EP240413A,1,1,1.0,1.0,1.0,1.0,1.0,0.0
LIGO/Virgo S240527fv,1,2,1.0,1.0,1.0,1.0,1.0,0.0
GRB 000811,1,1,1.0,1.0,1.0,1.0,1.0,0.0
LIGO/Virgo S231113bw,1,1,1.0,1.0,1.0,1.0,1.0,0.0
LIGO/Virgo S230917af,1,3,1.0,1.0,1.0,1.0,1.0,0.0
LIGO/Virgo S230802aq,1,2,1.0,1.0,1.0,1.0,1.0,0.0
LIGO/Virgo S230622e,1,2,1.0,1.0,1.0,1.0,1.0,0.0
LIGO/Virgo S230621bq,1,2,1.0,1.0,1.0,1.0,1.0,0.0
LIGO/Virgo S230621ad,1,2,1.0,1.0,1.0,1.0,1.0,0.0
LIGO/Virgo S230620z,1,2,1.0,1.0,1.0,1.0,1.0,0.0
GRB 200801C,1,2,1.0,1.0,1.0,1.0,1.0,0.0
GRB 210205B,1,1,1.0,1.0,1.0,1.0,1.0,0.0
GRB 200803.15,1,2,1.0,1.0,1.0,1.0,1.0,0.0
GRB 210127A,1,2,1.0,1.0,1.0,1.0,1.0,0.0
GRB 210110A,1,1,1.0,1.0,1.0,1.0,1.0,0.0
LIGO/Virgo/KAGRA S230712a,1,2,1.0,1.0,1.0,1.0,1.0,0.0
GRB 210116,1,2,1.0,1.0,1.0,1.0,1.0,0.0
GRB 210116A,1,2,1.0,1.0,1.0,1.0,1.0,0.0
GRB 191221A,1,2,1.0,1.0,1.0,1.0,1.0,0.0
ANTARES 200108A,1,2,1.0,1.0,1.0,1.0,1.0,0.0
LIGO/Virgo/KAGRA S230708bi,1,2,1.0,1.0,1.0,1.0,1.0,0.0
GRB 191220.59,1,2,1.0,1.0,1.0,1.0,1.0,0.0
GRB 191220.56,1,3,1.0,1.0,1.0,1.0,1.0,0.0
GRB 210124A,1,2,1.0,1.0,1.0,1.0,1.0,0.0
GRB 191213B,1,2,1.0,1.0,1.0,1.0,1.0,0.0
GRB 210129A,1,1,1.0,1.0,1.0,1.0,1.0,0.0
GRB 200501A,1,2,1.0,1.0,1.0,1.0,1.0,0.0
LIGO/Virgo/KAGRA S230628ax,1,1,1.0,1.0,1.0,1.0,1.0,0.0
GRB 000608,1,2,1.0,1.0,1.0,1.0,1.0,0.0
GRB 200425B,1,2,1.0,1.0,1.0,1.0,1.0,0.0
GRB 210131A,1,1,1.0,1.0,1.0,1.0,1.0,0.0
LIGO/Virgo/KAGRA S230622ba,1,2,1.0,1.0,1.0,1.0,1.0,0.0
GRB 000615B,1,1,1.0,1.0,1.0,1.0,1.0,0.0
GRB 191207A,1,2,1.0,1.0,1.0,1.0,1.0,0.0
GRB 210204,1,2,1.0,1.0,1.0,1.0,1.0,0.0
GRB 191205A,1,2,1.0,1.0,1.0,1.0,1.0,0.0
GRB 200428.61,1,3,1.0,1.0,1.0,1.0,1.0,0.0
LIGO/Virgo/KAGRA S230602ap,1,1,1.0,1.0,1.0,1.0,1.0,0.0
GRB 200127.61,1,3,1.0,1.0,1.0,1.0,1.0,0.0
GRB 201216B,1,1,1.0,1.0,1.0,1.0,1.0,0.0
IceCube-Cascade 210926A,1,1,1.0,1.0,1.0,1.0,1.0,0.0
GRB 200326A,1,2,1.0,1.0,1.0,1.0,1.0,0.0
EP250109b,1,1,1.0,1.0,1.0,1.0,1.0,0.0
EP241026B,1,1,1.0,1.0,1.0,1.0,1.0,0.0
GRB 201010.62,1,3,1.0,1.0,1.0,1.0,1.0,0.0
GRB 201011A,1,3,1.0,1.0,1.0,1.0,1.0,0.0
GRB 201012A,1,2,1.0,1.0,1.0,1.0,1.0,0.0
GRB 200306.01,1,3,1.0,1.0,1.0,1.0,1.0,0.0
GRB 200909.97,1,3,1.0,1.0,1.0,1.0,1.0,0.0
GRB 200303.11,1,3,1.0,1.0,1.0,1.0,1.0,0.0
GRB 201015.95,1,3,1.0,1.0,1.0,1.0,1.0,0.0
GRB 200302,1,1,1.0,1.0,1.0,1.0,1.0,0.0
EP250215A,1,1,1.0,1.0,1.0,1.0,1.0,0.0
GRB 200228C,1,1,1.0,1.0,1.0,1.0,1.0,0.0
EP250223A,1,2,1.0,1.0,1.0,1.0,1.0,0.0
GRB 200224.14,1,3,1.0,1.0,1.0,1.0,1.0,0.0
GRB 201021.68,1,2,1.0,1.0,1.0,1.0,1.0,0.0
EP241021A,1,2,1.0,1.0,1.0,1.0,1.0,0.0
LIGO/Virgo/KAGRA S240711cm,1,1,1.0,1.0,1.0,1.0,1.0,0.0
GRB 201021.85,1,3,1.0,1.0,1.0,1.0,1.0,0.0
EP250317B,1,2,1.0,1.0,1.0,1.0,1.0,0.0
GRB 201021A,1,2,1.0,1.0,1.0,1.0,1.0,0.0
EP250324A,1,2,1.0,1.0,1.0,1.0,1.0,0.0
EP250324a,1,2,1.0,1.0,1.0,1.0,1.0,0.0
LIGO/Virgo/KAGRA S241231du,1,1,1.0,1.0,1.0,1.0,1.0,0.0
LIGO/Virgo/KAGRA S240624cd,1,2,1.0,1.0,1.0,1.0,1.0,0.0
LIGO/Virgo/KAGRA S240623dg,1,2,1.0,1.0,1.0,1.0,1.0,0.0
GRB 200324.69,1,3,1.0,1.0,1.0,1.0,1.0,0.0
GRB 201008B,1,2,1.0,1.0,1.0,1.0,1.0,0.0
GRB 200914.53,1,3,1.0,1.0,1.0,1.0,1.0,0.0
GRB 200925.91,1,3,1.0,1.0,1.0,1.0,1.0,0.0
LIGO/Virgo/KAGRA S241110bk,1,2,1.0,1.0,1.0,1.0,1.0,0.0
EP241107A,1,2,1.0,1.0,1.0,1.0,1.0,0.0
LIGO/Virgo/KAGRA S241106ba,1,2,1.0,1.0,1.0,1.0,1.0,0.0
EP241104a,1,2,1.0,1.0,1.0,1.0,1.0,0.0
GRB 200919.08,1,3,1.0,1.0,1.0,1.0,1.0,0.0
LIGO/Virgo/KAGRA S241104a,1,2,1.0,1.0,1.0,1.0,1.0,0.0
LIGO/Virgo/KAGRA S241102o,1,2,1.0,1.0,1.0,1.0,1.0,0.0
LIGO/Virgo/KAGRA S241102cy,1,1,1.0,1.0,1.0,1.0,1.0,0.0
EP241103A,1,2,1.0,1.0,1.0,1.0,1.0,0.0
LIGO/Virgo/KAGRA S241126dm,1,2,1.0,1.0,1.0,1.0,1.0,0.0
GRB 200924B,1,2,1.0,1.0,1.0,1.0,1.0,0.0
EP241026a,1,2,1.0,1.0,1.0,1.0,1.0,0.0
GRB 201006.05,1,3,1.0,1.0,1.0,1.0,1.0,0.0
GRB 200312.89,1,3,1.0,1.0,1.0,1.0,1.0,0.0
GRB 200928A,1,2,1.0,1.0,1.0,1.0,1.0,0.0
GRB 200320A,1,2,1.0,1.0,1.0,1.0,1.0,0.0
LIGO/Virgo/KAGRA S241006k,1,1,1.0,1.0,1.0,1.0,1.0,0.0
GRB 200320B,1,1,1.0,1.0,1.0,1.0,1.0,0.0
LIGO/Virgo/KAGRA S241005bo,1,2,1.0,1.0,1.0,1.0,1.0,0.0
GRB 200310A,1,1,1.0,1.0,1.0,1.0,1.0,0.0
LIGO/Virgo/KAGRA S240930df,1,2,1.0,1.0,1.0,1.0,1.0,0.0
LIGO/Virgo/KAGRA S240930aa,1,1,1.0,1.0,1.0,1.0,1.0,0.0
GRB 200308A,1,2,1.0,1.0,1.0,1.0,1.0,0.0
GRB 201004A,1,2,1.0,1.0,1.0,1.0,1.0,0.0
EP250404A,1,2,1.0,1.0,1.0,1.0,1.0,0.0
GRB 201021B,1,1,1.0,1.0,1.0,1.0,1.0,0.0
GRB 200127B,1,2,1.0,1.0,1.0,1.0,1.0,0.0
GRB 200223A,1,2,1.0,1.0,1.0,1.0,1.0,0.0
GRB 200206A,1,2,1.0,1.0,1.0,1.0,1.0,0.0
GRB 201121B,1,2,1.0,1.0,1.0,1.0,1.0,0.0
GRB 201122A,1,1,1.0,1.0,1.0,1.0,1.0,0.0
GRB 200205C,1,2,1.0,1.0,1.0,1.0,1.0,0.0
GRB 200205.29,1,2,1.0,1.0,1.0,1.0,1.0,0.0
LIGO/Virgo/KAGRA S231215i,1,2,1.0,1.0,1.0,1.0,1.0,0.0
GRB 200201A,1,2,1.0,1.0,1.0,1.0,1.0,0.0
EP260105b,1,1,1.0,1.0,1.0,1.0,1.0,0.0
GRB 200201,1,2,1.0,1.0,1.0,1.0,1.0,0.0
LIGO/Virgo/KAGRA S231205c,1,2,1.0,1.0,1.0,1.0,1.0,0.0
GRB 200131.95,1,3,1.0,1.0,1.0,1.0,1.0,0.0
GRB 201209.24,1,3,1.0,1.0,1.0,1.0,1.0,0.0
LIGO/Virgo/KAGRA S231123cg,1,1,1.0,1.0,1.0,1.0,1.0,0.0
GRB 200130A,1,2,1.0,1.0,1.0,1.0,1.0,0.0
LIGO/Virgo/KAGRA S231119ab,1,1,1.0,1.0,1.0,1.0,1.0,0.0
GRB 201213A,1,2,1.0,1.0,1.0,1.0,1.0,0.0
EP240802A,1,1,1.0,1.0,1.0,1.0,1.0,0.0
GRB 201214.26,1,3,1.0,1.0,1.0,1.0,1.0,0.0
GRB 200129A,1,2,1.0,1.0,1.0,1.0,1.0,0.0
GRB 200128B,1,1,1.0,1.0,1.0,1.0,1.0,0.0
LIGO/Virgo/KAGRA S231113cd,1,1,1.0,1.0,1.0,1.0,1.0,0.0
GRB 200821A,1,2,1.0,1.0,1.0,1.0,1.0,0.0
GRB 200821.55,1,3,1.0,1.0,1.0,1.0,1.0,0.0
GRB 201216.96,1,3,1.0,1.0,1.0,1.0,1.0,0.0
LIGO/Virgo/KAGRA S231112ag,1,2,1.0,1.0,1.0,1.0,1.0,0.0
LIGO/Virgo/KAGRA S250202ad,1,2,1.0,1.0,1.0,1.0,1.0,0.0
LIGO/Virgo/KAGRA S240420aw,1,2,1.0,1.0,1.0,1.0,1.0,0.0
GRB 201120A,1,2,1.0,1.0,1.0,1.0,1.0,0.0
GRB 200215.61,1,3,1.0,1.0,1.0,1.0,1.0,0.0
GRB 201024.12,1,3,1.0,1.0,1.0,1.0,1.0,0.0
EP250421A,1,1,1.0,1.0,1.0,1.0,1.0,0.0
LIGO/Virgo/KAGRA S250105bn,1,2,1.0,1.0,1.0,1.0,1.0,0.0
EP250430a,1,2,1.0,1.0,1.0,1.0,1.0,0.0
EP250615a,1,2,1.0,1.0,1.0,1.0,1.0,0.0
GRB 201026.94,1,3,1.0,1.0,1.0,1.0,1.0,0.0
LIGO/Virgo/KAGRA S250108ha,1,2,1.0,1.0,1.0,1.0,1.0,0.0
EP250706a,1,2,1.0,1.0,1.0,1.0,1.0,0.0
GRB 201027.05,1,3,1.0,1.0,1.0,1.0,1.0,0.0
GRB 200219.32,1,3,1.0,1.0,1.0,1.0,1.0,0.0
GRB 200216.56,1,3,1.0,1.0,1.0,1.0,1.0,0.0
GRB 200903D,1,1,1.0,1.0,1.0,1.0,1.0,0.0
GRB 200207.13,1,3,1.0,1.0,1.0,1.0,1.0,0.0
GRB 200210A,1,2,1.0,1.0,1.0,1.0,1.0,0.0
LIGO/Virgo/KAGRA S240513cx,1,1,1.0,1.0,1.0,1.0,1.0,0.0
GRB 200208A,1,2,1.0,1.0,1.0,1.0,1.0,0.0
GRB 200903.03,1,3,1.0,1.0,1.0,1.0,1.0,0.0
EP251006a,1,2,1.0,1.0,1.0,1.0,1.0,0.0
LIGO/Virgo/KAGRA S240429an,1,2,1.0,1.0,1.0,1.0,1.0,0.0
GRB 200901.16,1,3,1.0,1.0,1.0,1.0,1.0,0.0
GRB 201114A,1,2,1.0,1.0,1.0,1.0,1.0,0.0
LIGO/Virgo/KAGRA S250201i,1,1,1.0,1.0,1.0,1.0,1.0,0.0
GRB 201116.03,1,2,1.0,1.0,1.0,1.0,1.0,0.0
LIGO/Virgo/KAGRA S240423br,1,2,1.0,1.0,1.0,1.0,1.0,0.0
LIGO/Virgo S230620w,1,2,1.0,1.0,1.0,1.0,1.0,0.0
LIGO/Virgo S230620g,1,2,1.0,1.0,1.0,1.0,1.0,0.0
LIGO/Virgo S230620au,1,2,1.0,1.0,1.0,1.0,1.0,0.0
GRB 210402.92,1,3,1.0,1.0,1.0,1.0,1.0,0.0
LIGO/Virgo S190816i,1,2,1.0,1.0,1.0,1.0,1.0,0.0
GRB 200710,1,1,1.0,1.0,1.0,1.0,1.0,0.0
GRB 191104A,1,2,1.0,1.0,1.0,1.0,1.0,0.0
GRB 191102A,1,2,1.0,1.0,1.0,1.0,1.0,0.0
GRB 210318.13,1,3,1.0,1.0,1.0,1.0,1.0,0.0
GRB 191101B,1,2,1.0,1.0,1.0,1.0,1.0,0.0
GRB 191101.88,1,3,1.0,1.0,1.0,1.0,1.0,0.0
GRB 210320.89,1,2,1.0,1.0,1.0,1.0,1.0,0.0
GRB 210320A,1,1,1.0,1.0,1.0,1.0,1.0,0.0
GRB 020911,1,1,1.0,1.0,1.0,1.0,1.0,0.0
GRB 191031E,1,1,1.0,1.0,1.0,1.0,1.0,0.0
GRB 191031B,1,2,1.0,1.0,1.0,1.0,1.0,0.0
GRB 191031.89,1,3,1.0,1.0,1.0,1.0,1.0,0.0
GRB 200709A,1,2,1.0,1.0,1.0,1.0,1.0,0.0
LIGO/Virgo/KAGRA S251003at,1,2,1.0,1.0,1.0,1.0,1.0,0.0
LIGO/Virgo/KAGRA S251006dd,1,1,1.0,1.0,1.0,1.0,1.0,0.0
GRB 020924,1,1,1.0,1.0,1.0,1.0,1.0,0.0
Baksan Neutrino Observatory Alert 201216.94,1,2,1.0,1.0,1.0,1.0,1.0,0.0
LIGO/Virgo/KAGRA S251017di,1,2,1.0,1.0,1.0,1.0,1.0,0.0
GRB 021007,1,1,1.0,1.0,1.0,1.0,1.0,0.0
GRB 021008B,1,1,1.0,1.0,1.0,1.0,1.0,0.0
GRB 191028A,1,2,1.0,1.0,1.0,1.0,1.0,0.0
GRB 021014,1,1,1.0,1.0,1.0,1.0,1.0,0.0
GRB 191026B,1,2,1.0,1.0,1.0,1.0,1.0,0.0
GRB 021021,1,3,1.0,1.0,1.0,1.0,1.0,0.0
GRB 020705,1,2,1.0,1.0,1.0,1.0,1.0,0.0
LIGO/Virgo S190828h,1,1,1.0,1.0,1.0,1.0,1.0,0.0
GRB 210312.87,1,3,1.0,1.0,1.0,1.0,1.0,0.0
LIGO/Virgo S190928c,1,2,1.0,1.0,1.0,1.0,1.0,0.0
GRB 010613,1,1,1.0,1.0,1.0,1.0,1.0,0.0
LIGO/Virgo S191120at,1,2,1.0,1.0,1.0,1.0,1.0,0.0
GRB 210228A,1,1,1.0,1.0,1.0,1.0,1.0,0.0
LIGO/Virgo S191117j,1,2,1.0,1.0,1.0,1.0,1.0,0.0
GRB 210228B,1,1,1.0,1.0,1.0,1.0,1.0,0.0
GRB 010728,1,1,1.0,1.0,1.0,1.0,1.0,0.0
GRB 010801,1,1,1.0,1.0,1.0,1.0,1.0,0.0
GRB 010920,1,3,1.0,1.0,1.0,1.0,1.0,0.0
LIGO/Virgo/KAGRA S250910b,1,2,1.0,1.0,1.0,1.0,1.0,0.0
GRB 191110A,1,2,1.0,1.0,1.0,1.0,1.0,0.0
GRB 191108A,1,2,1.0,1.0,1.0,1.0,1.0,0.0
GRB 200509B,1,2,1.0,1.0,1.0,1.0,1.0,0.0
GRB 200710A,1,2,1.0,1.0,1.0,1.0,1.0,0.0
GRB 200509C,1,2,1.0,1.0,1.0,1.0,1.0,0.0
GRB 010928,1,2,1.0,1.0,1.0,1.0,1.0,0.0
LIGO/Virgo/KAGRA S250912s,1,2,1.0,1.0,1.0,1.0,1.0,0.0
Baksan Neutrino Observatory Alert 201223.60,1,2,1.0,1.0,1.0,1.0,1.0,0.0
GRB 191105B,1,2,1.0,1.0,1.0,1.0,1.0,0.0
GRB 210307.36,1,3,1.0,1.0,1.0,1.0,1.0,0.0
LIGO/Virgo/KAGRA S250918aw,1,2,1.0,1.0,1.0,1.0,1.0,0.0
LIGO/Virgo/KAGRA S250920bq,1,1,1.0,1.0,1.0,1.0,1.0,0.0
GRB 020413,1,1,1.0,1.0,1.0,1.0,1.0,0.0
GRB 020427,1,1,1.0,1.0,1.0,1.0,1.0,0.0
GRB 210307B,1,1,1.0,1.0,1.0,1.0,1.0,0.0
GRB 191026A,1,2,1.0,1.0,1.0,1.0,1.0,0.0
GRB 200706A,1,2,1.0,1.0,1.0,1.0,1.0,0.0
GRB 200801.84,1,3,1.0,1.0,1.0,1.0,1.0,0.0
GRB 021102,1,1,1.0,1.0,1.0,1.0,1.0,0.0
LIGO-Virgo S190521g,1,1,1.0,1.0,1.0,1.0,1.0,0.0
GRB 200920A,1,2,1.0,1.0,1.0,1.0,1.0,0.0
LIGO-Virgo S190517h,1,1,1.0,1.0,1.0,1.0,1.0,0.0
GRB 210413A,1,1,1.0,1.0,1.0,1.0,1.0,0.0
GRB 191020.81,1,3,1.0,1.0,1.0,1.0,1.0,0.0
LIGO-Virgo S190425z,1,1,1.0,1.0,1.0,1.0,1.0,0.0
GRB 030109,1,1,1.0,1.0,1.0,1.0,1.0,0.0
GRB 030110,1,1,1.0,1.0,1.0,1.0,1.0,0.0
GRB 030110B,1,1,1.0,1.0,1.0,1.0,1.0,0.0
IceCube-Cascade 260618A,1,1,1.0,1.0,1.0,1.0,1.0,0.0
IceCube-Cascade 260418A,1,1,1.0,1.0,1.0,1.0,1.0,0.0
IceCube-Cascade 251112A,1,1,1.0,1.0,1.0,1.0,1.0,0.0
IceCube-Cascade 251107A,1,1,1.0,1.0,1.0,1.0,1.0,0.0
GRB 200630B,1,2,1.0,1.0,1.0,1.0,1.0,0.0
IceCube-Cascade 250911A,1,1,1.0,1.0,1.0,1.0,1.0,0.0
IceCube-Cascade 250903A,1,1,1.0,1.0,1.0,1.0,1.0,0.0
IceCube-Cascade 250828A,1,1,1.0,1.0,1.0,1.0,1.0,0.0
IceCube-Cascade 250809A,1,1,1.0,1.0,1.0,1.0,1.0,0.0
IceCube-Cascade 250804A,1,1,1.0,1.0,1.0,1.0,1.0,0.0
IceCube-Cascade 230329A,1,1,1.0,1.0,1.0,1.0,1.0,0.0
GRB 210419.98,1,3,1.0,1.0,1.0,1.0,1.0,0.0
IceCube-Cascade 221229A,1,2,1.0,1.0,1.0,1.0,1.0,0.0
IceCube-Cascade 220826A,1,1,1.0,1.0,1.0,1.0,1.0,0.0
IceCube-Cascade 220625A,1,1,1.0,1.0,1.0,1.0,1.0,0.0
IceCube-Cascade 211128A,1,1,1.0,1.0,1.0,1.0,1.0,0.0
LIGO/VIRGO/KAGRA S240422ed,1,2,1.0,1.0,1.0,1.0,1.0,0.0
LIGO/VIRGO/KAGRA S241125n,1,2,1.0,1.0,1.0,1.0,1.0,0.0
GRB 030105,1,1,1.0,1.0,1.0,1.0,1.0,0.0
GRB 021211B,1,1,1.0,1.0,1.0,1.0,1.0,0.0
LIGO/Virgo S190405ar,1,2,1.0,1.0,1.0,1.0,1.0,0.0
LIGO/Virgo GW190425z,1,2,1.0,1.0,1.0,1.0,1.0,0.0
GRB 210403.35,1,3,1.0,1.0,1.0,1.0,1.0,0.0
GRB 210404.141,1,1,1.0,1.0,1.0,1.0,1.0,0.0
GRB 021115,1,1,1.0,1.0,1.0,1.0,1.0,0.0
GRB 210406.72,1,3,1.0,1.0,1.0,1.0,1.0,0.0
GRB 210406B,1,2,1.0,1.0,1.0,1.0,1.0,0.0
GRB 021203,1,1,1.0,1.0,1.0,1.0,1.0,0.0
GRB 210409A,1,1,1.0,1.0,1.0,1.0,1.0,0.0
GRB 021205,1,1,1.0,1.0,1.0,1.0,1.0,0.0
GRB 200704A,1,1,1.0,1.0,1.0,1.0,1.0,0.0
GRB 021214,1,1,1.0,1.0,1.0,1.0,1.0,0.0
Baksan Neutrino Observatory Alert 201027.41,1,2,1.0,1.0,1.0,1.0,1.0,0.0
GRB 021215,1,1,1.0,1.0,1.0,1.0,1.0,0.0
GRB 021223,1,1,1.0,1.0,1.0,1.0,1.0,0.0
GRB 191022B,1,2,1.0,1.0,1.0,1.0,1.0,0.0
GRB 030101,1,1,1.0,1.0,1.0,1.0,1.0,0.0
GRB 200516.63,1,3,1.0,1.0,1.0,1.0,1.0,0.0
LIGO/Virgo/KAGRA S251031dw,1,1,1.0,1.0,1.0,1.0,1.0,0.0
GRB 200703A,1,2,1.0,1.0,1.0,1.0,1.0,0.0
GRB 191020.89,1,3,1.0,1.0,1.0,1.0,1.0,0.0
Baksan Neutrino Observatory Alert 201128.90,1,2,1.0,1.0,1.0,1.0,1.0,0.0
Baksan Neutrino Observatory Alert 201120.43,1,2,1.0,1.0,1.0,1.0,1.0,0.0
LIGO/Virgo G191216ap,1,2,1.0,1.0,1.0,1.0,1.0,0.0
GRB 200714B,1,2,1.0,1.0,1.0,1.0,1.0,0.0
GRB 010518,1,1,1.0,1.0,1.0,1.0,1.0,0.0
GRB 200714C,1,2,1.0,1.0,1.0,1.0,1.0,0.0
GRB 210225A,1,1,1.0,1.0,1.0,1.0,1.0,0.0
LIGO/Virgo S230617aq,1,2,1.0,1.0,1.0,1.0,1.0,0.0
GRB 200724A,1,2,1.0,1.0,1.0,1.0,1.0,0.0
LIGO/Virgo S230617aj,1,2,1.0,1.0,1.0,1.0,1.0,0.0
LIGO/Virgo S230617ab,1,2,1.0,1.0,1.0,1.0,1.0,0.0
LIGO/Virgo S230616s,1,2,1.0,1.0,1.0,1.0,1.0,0.0
LIGO/Virgo S230616j,1,2,1.0,1.0,1.0,1.0,1.0,0.0
LIGO/Virgo S230616aa,1,2,1.0,1.0,1.0,1.0,1.0,0.0
LIGO/Virgo S230615t,1,2,1.0,1.0,1.0,1.0,1.0,0.0
LIGO/Virgo S230615k,1,2,1.0,1.0,1.0,1.0,1.0,0.0
LIGO/Virgo S230615i,1,2,1.0,1.0,1.0,1.0,1.0,0.0
LIGO/Virgo S230615be,1,2,1.0,1.0,1.0,1.0,1.0,0.0
GRB 200722A,1,2,1.0,1.0,1.0,1.0,1.0,0.0
LIGO/Virgo S230615az,1,2,1.0,1.0,1.0,1.0,1.0,0.0
LIGO/Virgo S230615ax,1,2,1.0,1.0,1.0,1.0,1.0,0.0
LIGO/Virgo S230615av,1,2,1.0,1.0,1.0,1.0,1.0,0.0
LIGO/Virgo S230615an,1,2,1.0,1.0,1.0,1.0,1.0,0.0
LIGO/Virgo S230615ak,1,2,1.0,1.0,1.0,1.0,1.0,0.0
LIGO/Virgo S230615af,1,2,1.0,1.0,1.0,1.0,1.0,0.0
LIGO/Virgo S230614t,1,2,1.0,1.0,1.0,1.0,1.0,0.0
LIGO/Virgo S230614o,1,2,1.0,1.0,1.0,1.0,1.0,0.0
LIGO/Virgo S230614ac,1,2,1.0,1.0,1.0,1.0,1.0,0.0
LIGO/Virgo S230613at,1,2,1.0,1.0,1.0,1.0,1.0,0.0
LIGO/Virgo S230611l,1,2,1.0,1.0,1.0,1.0,1.0,0.0
LIGO/Virgo S230611be,1,2,1.0,1.0,1.0,1.0,1.0,0.0
LIGO/Virgo S230609u,1,2,1.0,1.0,1.0,1.0,1.0,0.0
LIGO/Virgo S230617ba,1,2,1.0,1.0,1.0,1.0,1.0,0.0
LIGO/Virgo S230617bc,1,2,1.0,1.0,1.0,1.0,1.0,0.0
LIGO/Virgo S230618ae,1,2,1.0,1.0,1.0,1.0,1.0,0.0
EP240408A,1,2,1.0,1.0,1.0,1.0,1.0,0.0
LIGO/Virgo S230620al,1,2,1.0,1.0,1.0,1.0,1.0,0.0
LIGO/Virgo S230620af,1,2,1.0,1.0,1.0,1.0,1.0,0.0
LIGO/Virgo S230620ad,1,2,1.0,1.0,1.0,1.0,1.0,0.0
LIGO/Virgo S230619x,1,2,1.0,1.0,1.0,1.0,1.0,0.0
LIGO/Virgo S230619i,1,2,1.0,1.0,1.0,1.0,1.0,0.0
LIGO/Virgo S230619e,1,2,1.0,1.0,1.0,1.0,1.0,0.0
LIGO/Virgo S230619bg,1,2,1.0,1.0,1.0,1.0,1.0,0.0
LIGO/Virgo S230619bd,1,2,1.0,1.0,1.0,1.0,1.0,0.0
LIGO/Virgo S230619bb,1,2,1.0,1.0,1.0,1.0,1.0,0.0
LIGO/Virgo/KAGRA S250720j,1,2,1.0,1.0,1.0,1.0,1.0,0.0
LIGO/Virgo S230619ay,1,2,1.0,1.0,1.0,1.0,1.0,0.0
LIGO/Virgo S230619as,1,2,1.0,1.0,1.0,1.0,1.0,0.0
LIGO/Virgo S230618aq,1,2,1.0,1.0,1.0,1.0,1.0,0.0
LIGO/Virgo S230619ap,1,2,1.0,1.0,1.0,1.0,1.0,0.0
LIGO/Virgo S230619aa,1,2,1.0,1.0,1.0,1.0,1.0,0.0
EP240331a,1,1,1.0,1.0,1.0,1.0,1.0,0.0
LIGO/Virgo S230618y,1,2,1.0,1.0,1.0,1.0,1.0,0.0
LIGO/Virgo S230618s,1,2,1.0,1.0,1.0,1.0,1.0,0.0
LIGO/Virgo S230618r,1,2,1.0,1.0,1.0,1.0,1.0,0.0
LIGO/Virgo S230618k,1,2,1.0,1.0,1.0,1.0,1.0,0.0
LIGO/Virgo S230618d,1,2,1.0,1.0,1.0,1.0,1.0,0.0
LIGO/Virgo S230618ba,1,2,1.0,1.0,1.0,1.0,1.0,0.0
LIGO/Virgo S230618az,1,2,1.0,1.0,1.0,1.0,1.0,0.0
LIGO/Virgo S230618at,1,2,1.0,1.0,1.0,1.0,1.0,0.0
LIGO/Virgo S230609a,1,2,1.0,1.0,1.0,1.0,1.0,0.0
LIGO/Virgo S230608q,1,2,1.0,1.0,1.0,1.0,1.0,0.0
LIGO/Virgo S230608aw,1,2,1.0,1.0,1.0,1.0,1.0,0.0
GRB 210213B,1,1,1.0,1.0,1.0,1.0,1.0,0.0
GRB 200716.96,1,3,1.0,1.0,1.0,1.0,1.0,0.0
GRB 000925,1,1,1.0,1.0,1.0,1.0,1.0,0.0
GRB 260419B,1,2,1.0,1.0,1.0,1.0,1.0,0.0
LIGO/Virgo/KAGRA S250831cc,1,1,1.0,1.0,1.0,1.0,1.0,0.0
LIGO/Virgo S200224car,1,1,1.0,1.0,1.0,1.0,1.0,0.0
GRB 191119A,1,2,1.0,1.0,1.0,1.0,1.0,0.0
GRB 191117B,1,2,1.0,1.0,1.0,1.0,1.0,0.0
GRB 001017,1,1,1.0,1.0,1.0,1.0,1.0,0.0
GRB 001020,1,1,1.0,1.0,1.0,1.0,1.0,0.0
LIGO/Virgo/KAGRA S250902av,1,2,1.0,1.0,1.0,1.0,1.0,0.0
GRB 001025A,1,2,1.0,1.0,1.0,1.0,1.0,0.0
GRB 001219,1,1,1.0,1.0,1.0,1.0,1.0,0.0
LIGO/Virgo S200308e,1,2,1.0,1.0,1.0,1.0,1.0,0.0
GRB 191117A,1,2,1.0,1.0,1.0,1.0,1.0,0.0
GRB 010104,1,1,1.0,1.0,1.0,1.0,1.0,0.0
LIGO/Virgo S200108v,1,2,1.0,1.0,1.0,1.0,1.0,0.0
GRB 200507A,1,2,1.0,1.0,1.0,1.0,1.0,0.0
GRB 191115A,1,3,1.0,1.0,1.0,1.0,1.0,0.0
GRB 210222.94,1,3,1.0,1.0,1.0,1.0,1.0,0.0
GRB 010115,1,1,1.0,1.0,1.0,1.0,1.0,0.0
GRB 191113A,1,2,1.0,1.0,1.0,1.0,1.0,0.0
GRB 010214B,1,1,1.0,1.0,1.0,1.0,1.0,0.0
GRB 191112A,1,2,1.0,1.0,1.0,1.0,1.0,0.0
GRB 010427,1,1,1.0,1.0,1.0,1.0,1.0,0.0
LIGO/Virgo S200303ba,1,2,1.0,1.0,1.0,1.0,1.0,0.0
GRB 000910,1,1,1.0,1.0,1.0,1.0,1.0,0.0
LIGO/Virgo S230608as,1,2,1.0,1.0,1.0,1.0,1.0,0.0
LIGO/Virgo S230601bf,1,2,1.0,1.0,1.0,1.0,1.0,0.0
LIGO/Virgo S230608ah,1,2,1.0,1.0,1.0,1.0,1.0,0.0
LIGO/Virgo S230606z,1,2,1.0,1.0,1.0,1.0,1.0,0.0
Baksan Neutrino Observatory Alert 201230.40,1,2,1.0,1.0,1.0,1.0,1.0,0.0
LIGO/Virgo S230606d,1,2,1.0,1.0,1.0,1.0,1.0,0.0
LIGO/Virgo S230605o,1,2,1.0,1.0,1.0,1.0,1.0,0.0
LIGO/Virgo S230604z,1,2,1.0,1.0,1.0,1.0,1.0,0.0
LIGO/Virgo S230603aa,1,2,1.0,1.0,1.0,1.0,1.0,0.0
LIGO/Virgo/KAGRA S250814bg,1,3,1.0,1.0,1.0,1.0,1.0,0.0
Baksan Neutrino Observatory Alert 201228.36,1,2,1.0,1.0,1.0,1.0,1.0,0.0
GRB 200506.73,1,3,1.0,1.0,1.0,1.0,1.0,0.0
LIGO/Virgo S230602ap,1,2,1.0,1.0,1.0,1.0,1.0,0.0
LIGO/Virgo S230531f,1,2,1.0,1.0,1.0,1.0,1.0,0.0
Baksan Neutrino Observatory Alert 201225.54,1,2,1.0,1.0,1.0,1.0,1.0,0.0
LIGO/Virgo S230529p,1,2,1.0,1.0,1.0,1.0,1.0,0.0
LIGO/Virgo S230529ay,1,2,1.0,1.0,1.0,1.0,1.0,0.0
LIGO/Virgo S230525a,1,2,1.0,1.0,1.0,1.0,1.0,0.0
LIGO/Virgo S230524b,1,2,1.0,1.0,1.0,1.0,1.0,0.0
LIGO/Virgo S230522n,1,2,1.0,1.0,1.0,1.0,1.0,0.0
LIGO/Virgo S230522a,1,2,1.0,1.0,1.0,1.0,1.0,0.0
LIGO/Virgo S230521k,1,2,1.0,1.0,1.0,1.0,1.0,0.0
LIGO/Virgo S230520ae,1,2,1.0,1.0,1.0,1.0,1.0,0.0
GRB 210211.36,1,3,1.0,1.0,1.0,1.0,1.0,0.0
GRB 200506B,1,2,1.0,1.0,1.0,1.0,1.0,0.0
GRB 000820,1,1,1.0,1.0,1.0,1.0,1.0,0.0
GRB 001004,1,1,1.0,1.0,1.0,1.0,1.0,0.0
GRB 230529A,1,2,1.0,1.0,1.0,1.0,1.0,0.0
GRB 210903C,1,2,1.0,1.0,1.0,1.0,1.0,0.0
GRB 180623B,1,1,1.0,1.0,1.0,1.0,1.0,0.0
GRB 240718.27,1,2,1.0,1.0,1.0,1.0,1.0,0.0
GRB 221014A,1,2,1.0,1.0,1.0,1.0,1.0,0.0
GRB 240713B,1,2,1.0,1.0,1.0,1.0,1.0,0.0
GRB 221016.99,1,3,1.0,1.0,1.0,1.0,1.0,0.0
GRB 140831A,1,2,1.0,1.0,1.0,1.0,1.0,0.0
GRB 240711A,1,2,1.0,1.0,1.0,1.0,1.0,0.0
GRB 221017.24,1,2,1.0,1.0,1.0,1.0,1.0,0.0
GRB 180723.76,1,3,1.0,1.0,1.0,1.0,1.0,0.0
GRB 240705A,1,2,1.0,1.0,1.0,1.0,1.0,0.0
GRB 240703A,1,3,1.0,1.0,1.0,1.0,1.0,0.0
GRB 180723.13,1,3,1.0,1.0,1.0,1.0,1.0,0.0
GRB 240628B,1,1,1.0,1.0,1.0,1.0,1.0,0.0
GRB 240628A,1,2,1.0,1.0,1.0,1.0,1.0,0.0
GRB 240627B,1,2,1.0,1.0,1.0,1.0,1.0,0.0
GRB 140906B,1,2,1.0,1.0,1.0,1.0,1.0,0.0
GRB 240626B,1,1,1.0,1.0,1.0,1.0,1.0,0.0
GRB 180716A,1,1,1.0,1.0,1.0,1.0,1.0,0.0
GRB 240619B,1,2,1.0,1.0,1.0,1.0,1.0,0.0
GRB 221025.04,1,2,1.0,1.0,1.0,1.0,1.0,0.0
GRB 180714A,1,2,1.0,1.0,1.0,1.0,1.0,0.0
GRB 141020B,1,1,1.0,1.0,1.0,1.0,1.0,0.0
GRB 240613A,1,2,1.0,1.0,1.0,1.0,1.0,0.0
GRB 141022B,1,2,1.0,1.0,1.0,1.0,1.0,0.0
GRB 180704B,1,1,1.0,1.0,1.0,1.0,1.0,0.0
GRB 221027C,1,2,1.0,1.0,1.0,1.0,1.0,0.0
GRB 221028B,1,1,1.0,1.0,1.0,1.0,1.0,0.0
GRB 221104A,1,2,1.0,1.0,1.0,1.0,1.0,0.0
GRB 141030A,1,2,1.0,1.0,1.0,1.0,1.0,0.0
GRB 240606A,1,2,1.0,1.0,1.0,1.0,1.0,0.0
GRB 221013A,1,2,1.0,1.0,1.0,1.0,1.0,0.0
GRB 240720.02,1,3,1.0,1.0,1.0,1.0,1.0,0.0
GRB 140821A,1,2,1.0,1.0,1.0,1.0,1.0,0.0
GRB 221012.87,1,3,1.0,1.0,1.0,1.0,1.0,0.0
GRB 221012.53,1,3,1.0,1.0,1.0,1.0,1.0,0.0
GRB 240812A,1,2,1.0,1.0,1.0,1.0,1.0,0.0
GRB 140501A,1,2,1.0,1.0,1.0,1.0,1.0,0.0
GRB 140509B,1,1,1.0,1.0,1.0,1.0,1.0,0.0
GRB 240809B,1,1,1.0,1.0,1.0,1.0,1.0,0.0
GRB 140515B,1,1,1.0,1.0,1.0,1.0,1.0,0.0
GRB 221012.60,1,3,1.0,1.0,1.0,1.0,1.0,0.0
GRB 221012.61,1,3,1.0,1.0,1.0,1.0,1.0,0.0
GRB 221012.63,1,3,1.0,1.0,1.0,1.0,1.0,0.0
GRB 221012.71,1,3,1.0,1.0,1.0,1.0,1.0,0.0
GRB 221012.72,1,3,1.0,1.0,1.0,1.0,1.0,0.0
GRB 221012.74,1,3,1.0,1.0,1.0,1.0,1.0,0.0
GRB 221012.77,1,3,1.0,1.0,1.0,1.0,1.0,0.0
GRB 221012.88,1,3,1.0,1.0,1.0,1.0,1.0,0.0
GRB 140819A,1,1,1.0,1.0,1.0,1.0,1.0,0.0
GRB 221012.91,1,3,1.0,1.0,1.0,1.0,1.0,0.0
GRB 240730C,1,2,1.0,1.0,1.0,1.0,1.0,0.0
GRB 221012.94,1,3,1.0,1.0,1.0,1.0,1.0,0.0
GRB 140624A,1,2,1.0,1.0,1.0,1.0,1.0,0.0
GRB 240727D,1,1,1.0,1.0,1.0,1.0,1.0,0.0
GRB 221012.98,1,3,1.0,1.0,1.0,1.0,1.0,0.0
GRB 140714A,1,2,1.0,1.0,1.0,1.0,1.0,0.0
GRB 221012.99,1,3,1.0,1.0,1.0,1.0,1.0,0.0
GRB 240727.16,1,3,1.0,1.0,1.0,1.0,1.0,0.0
GRB 240726B,1,2,1.0,1.0,1.0,1.0,1.0,0.0
GRB 221013.00,1,3,1.0,1.0,1.0,1.0,1.0,0.0
GRB 240725.11,1,3,1.0,1.0,1.0,1.0,1.0,0.0
GRB 221013.04,1,3,1.0,1.0,1.0,1.0,1.0,0.0
GRB 240606.15,1,3,1.0,1.0,1.0,1.0,1.0,0.0
GRB 240605B,1,2,1.0,1.0,1.0,1.0,1.0,0.0
GRB 240812D,1,2,1.0,1.0,1.0,1.0,1.0,0.0
GRB 221108A,1,2,1.0,1.0,1.0,1.0,1.0,0.0
GRB 221203C,1,2,1.0,1.0,1.0,1.0,1.0,0.0
GRB 240429A,1,2,1.0,1.0,1.0,1.0,1.0,0.0
GRB 221205A,1,2,1.0,1.0,1.0,1.0,1.0,0.0
GRB 221206A,1,2,1.0,1.0,1.0,1.0,1.0,0.0
GRB 150313A,1,1,1.0,1.0,1.0,1.0,1.0,0.0
GRB 150404A,1,2,1.0,1.0,1.0,1.0,1.0,0.0
GRB 221206C,1,2,1.0,1.0,1.0,1.0,1.0,0.0
GRB 150422A,1,2,1.0,1.0,1.0,1.0,1.0,0.0
GRB 221208A,1,2,1.0,1.0,1.0,1.0,1.0,0.0
GRB 240418.85,1,3,1.0,1.0,1.0,1.0,1.0,0.0
GRB 150426A,1,2,1.0,1.0,1.0,1.0,1.0,0.0
GRB 221209B,1,2,1.0,1.0,1.0,1.0,1.0,0.0
GRB 240414B,1,2,1.0,1.0,1.0,1.0,1.0,0.0
GRB 150523B,1,2,1.0,1.0,1.0,1.0,1.0,0.0
GRB 221210A,1,2,1.0,1.0,1.0,1.0,1.0,0.0
GRB 150702,1,1,1.0,1.0,1.0,1.0,1.0,0.0
GRB 240410A,1,1,1.0,1.0,1.0,1.0,1.0,0.0
GRB 221212A,1,2,1.0,1.0,1.0,1.0,1.0,0.0
GRB 221215.15,1,3,1.0,1.0,1.0,1.0,1.0,0.0
GRB 180411B,1,1,1.0,1.0,1.0,1.0,1.0,0.0
GRB 221218.34,1,3,1.0,1.0,1.0,1.0,1.0,0.0
GRB 240403B,1,1,1.0,1.0,1.0,1.0,1.0,0.0
GRB 150810A,1,2,1.0,1.0,1.0,1.0,1.0,0.0
GRB 150816.83,1,3,1.0,1.0,1.0,1.0,1.0,0.0
GRB 240401.69,1,3,1.0,1.0,1.0,1.0,1.0,0.0
GRB 221226.95,1,3,1.0,1.0,1.0,1.0,1.0,0.0
GRB 240328C,1,1,1.0,1.0,1.0,1.0,1.0,0.0
GRB 221228A,1,2,1.0,1.0,1.0,1.0,1.0,0.0
GRB 240324A,1,2,1.0,1.0,1.0,1.0,1.0,0.0
GRB 221203B,1,2,1.0,1.0,1.0,1.0,1.0,0.0
GRB 221203A,1,2,1.0,1.0,1.0,1.0,1.0,0.0
GRB 240502.23,1,3,1.0,1.0,1.0,1.0,1.0,0.0
GRB 180602B,1,2,1.0,1.0,1.0,1.0,1.0,0.0
GRB 141125A,1,1,1.0,1.0,1.0,1.0,1.0,0.0
GRB 240603B,1,2,1.0,1.0,1.0,1.0,1.0,0.0
GRB 141208.63,1,3,1.0,1.0,1.0,1.0,1.0,0.0
GRB 180618B,1,1,1.0,1.0,1.0,1.0,1.0,0.0
GRB 150105A,1,2,1.0,1.0,1.0,1.0,1.0,0.0
GRB 240529.12,1,3,1.0,1.0,1.0,1.0,1.0,0.0
GRB 221114A,1,1,1.0,1.0,1.0,1.0,1.0,0.0
GRB 240527.59,1,2,1.0,1.0,1.0,1.0,1.0,0.0
GRB 150114C,1,2,1.0,1.0,1.0,1.0,1.0,0.0
GRB 221118A,1,2,1.0,1.0,1.0,1.0,1.0,0.0
GRB 240521A,1,1,1.0,1.0,1.0,1.0,1.0,0.0
GRB 221119.63,1,2,1.0,1.0,1.0,1.0,1.0,0.0
GRB 180603A,1,2,1.0,1.0,1.0,1.0,1.0,0.0
GRB 180529,1,1,1.0,1.0,1.0,1.0,1.0,0.0
GRB 150222B,1,1,1.0,1.0,1.0,1.0,1.0,0.0
GRB 240516.15,1,3,1.0,1.0,1.0,1.0,1.0,0.0
GRB 221122A,1,1,1.0,1.0,1.0,1.0,1.0,0.0
GRB 240514D,1,2,1.0,1.0,1.0,1.0,1.0,0.0
GRB 240514C,1,2,1.0,1.0,1.0,1.0,1.0,0.0
GRB 180523B,1,2,1.0,1.0,1.0,1.0,1.0,0.0
GRB 221127A,1,1,1.0,1.0,1.0,1.0,1.0,0.0
GRB 240514.78,1,2,1.0,1.0,1.0,1.0,1.0,0.0
GRB 221202.84,1,3,1.0,1.0,1.0,1.0,1.0,0.0
GRB 240513.31,1,2,1.0,1.0,1.0,1.0,1.0,0.0
GRB 150128A,1,2,1.0,1.0,1.0,1.0,1.0,0.0
GRB 180416D,1,2,1.0,1.0,1.0,1.0,1.0,0.0
GRB 240503A,1,2,1.0,1.0,1.0,1.0,1.0,0.0
GRB 150213A,1,2,1.0,1.0,1.0,1.0,1.0,0.0
GRB 240812C,1,2,1.0,1.0,1.0,1.0,1.0,0.0
GRB 221011A,1,2,1.0,1.0,1.0,1.0,1.0,0.0
GRB 240318B,1,1,1.0,1.0,1.0,1.0,1.0,0.0
GRB 130419B,1,3,1.0,1.0,1.0,1.0,1.0,0.0
GRB 241119A,1,2,1.0,1.0,1.0,1.0,1.0,0.0
GRB 190122B,1,2,1.0,1.0,1.0,1.0,1.0,0.0
GRB 220707A,1,2,1.0,1.0,1.0,1.0,1.0,0.0
GRB 121012A,1,2,1.0,1.0,1.0,1.0,1.0,0.0
GRB 190121A,1,1,1.0,1.0,1.0,1.0,1.0,0.0
GRB 190118A,1,1,1.0,1.0,1.0,1.0,1.0,0.0
GRB 220711A,1,2,1.0,1.0,1.0,1.0,1.0,0.0
GRB 190106.57,1,3,1.0,1.0,1.0,1.0,1.0,0.0
GRB 220712B,1,3,1.0,1.0,1.0,1.0,1.0,0.0
GRB 220713A,1,2,1.0,1.0,1.0,1.0,1.0,0.0
GRB 121118A,1,1,1.0,1.0,1.0,1.0,1.0,0.0
GRB 241113.33,1,3,1.0,1.0,1.0,1.0,1.0,0.0
GRB 181217A,1,1,1.0,1.0,1.0,1.0,1.0,0.0
GRB 181205A,1,2,1.0,1.0,1.0,1.0,1.0,0.0
GRB 241109.89,1,3,1.0,1.0,1.0,1.0,1.0,0.0
GRB 121225A,1,1,1.0,1.0,1.0,1.0,1.0,0.0
GRB 220719A,1,2,1.0,1.0,1.0,1.0,1.0,0.0
GRB 130127A,1,2,1.0,1.0,1.0,1.0,1.0,0.0
GRB 220719B,1,1,1.0,1.0,1.0,1.0,1.0,0.0
GRB 220726A,1,2,1.0,1.0,1.0,1.0,1.0,0.0
GRB 241030.77,1,3,1.0,1.0,1.0,1.0,1.0,0.0
GRB 130330A,1,1,1.0,1.0,1.0,1.0,1.0,0.0
GRB 241026.95,1,3,1.0,1.0,1.0,1.0,1.0,0.0
GRB 220729A,1,2,1.0,1.0,1.0,1.0,1.0,0.0
GRB 241025B,1,2,1.0,1.0,1.0,1.0,1.0,0.0
GRB 181127A,1,2,1.0,1.0,1.0,1.0,1.0,0.0
GRB 220803A,1,2,1.0,1.0,1.0,1.0,1.0,0.0
GRB 241024A,1,2,1.0,1.0,1.0,1.0,1.0,0.0
GRB 241022A,1,1,1.0,1.0,1.0,1.0,1.0,0.0
GRB 241120.25,1,3,1.0,1.0,1.0,1.0,1.0,0.0
GRB 220706.73,1,2,1.0,1.0,1.0,1.0,1.0,0.0
GRB 241126A,1,2,1.0,1.0,1.0,1.0,1.0,0.0
GRB 190212A,1,1,1.0,1.0,1.0,1.0,1.0,0.0
GRB 120424A,1,1,1.0,1.0,1.0,1.0,1.0,0.0
GRB 220608B,1,1,1.0,1.0,1.0,1.0,1.0,0.0
GRB 220609A,1,2,1.0,1.0,1.0,1.0,1.0,0.0
GRB 241219A,1,2,1.0,1.0,1.0,1.0,1.0,0.0
GRB 120510B,1,3,1.0,1.0,1.0,1.0,1.0,0.0
GRB 220610B,1,2,1.0,1.0,1.0,1.0,1.0,0.0
GRB 241215.58,1,3,1.0,1.0,1.0,1.0,1.0,0.0
GRB 190226A,1,1,1.0,1.0,1.0,1.0,1.0,0.0
GRB 120528C,1,1,1.0,1.0,1.0,1.0,1.0,0.0
GRB 241211A,1,2,1.0,1.0,1.0,1.0,1.0,0.0
GRB 220617B,1,2,1.0,1.0,1.0,1.0,1.0,0.0
GRB 220618.38,1,3,1.0,1.0,1.0,1.0,1.0,0.0
GRB 120614A,1,1,1.0,1.0,1.0,1.0,1.0,0.0
GRB 120622A,1,1,1.0,1.0,1.0,1.0,1.0,0.0
GRB 241126B,1,2,1.0,1.0,1.0,1.0,1.0,0.0
GRB 241209.23,1,3,1.0,1.0,1.0,1.0,1.0,0.0
GRB 220619.53,1,3,1.0,1.0,1.0,1.0,1.0,0.0
GRB 220619A,1,2,1.0,1.0,1.0,1.0,1.0,0.0
GRB 120706,1,2,1.0,1.0,1.0,1.0,1.0,0.0
GRB 220620.02,1,3,1.0,1.0,1.0,1.0,1.0,0.0
GRB 120727A,1,2,1.0,1.0,1.0,1.0,1.0,0.0
GRB 220624B,1,2,1.0,1.0,1.0,1.0,1.0,0.0
GRB 190126A,1,2,1.0,1.0,1.0,1.0,1.0,0.0
GRB 241128C,1,2,1.0,1.0,1.0,1.0,1.0,0.0
GRB 220702A,1,2,1.0,1.0,1.0,1.0,1.0,0.0
GRB 241127B,1,2,1.0,1.0,1.0,1.0,1.0,0.0
GRB 220705A,1,2,1.0,1.0,1.0,1.0,1.0,0.0
GRB 120921A,1,2,1.0,1.0,1.0,1.0,1.0,0.0
GRB 220804A,1,2,1.0,1.0,1.0,1.0,1.0,0.0
GRB 130425,1,2,1.0,1.0,1.0,1.0,1.0,0.0
GRB 221010.89,1,3,1.0,1.0,1.0,1.0,1.0,0.0
GRB 241016C,1,2,1.0,1.0,1.0,1.0,1.0,0.0
GRB 240910B,1,2,1.0,1.0,1.0,1.0,1.0,0.0
GRB 220923.47,1,3,1.0,1.0,1.0,1.0,1.0,0.0
GRB 181014A,1,1,1.0,1.0,1.0,1.0,1.0,0.0
GRB 240905C,1,2,1.0,1.0,1.0,1.0,1.0,0.0
GRB 131224B,1,2,1.0,1.0,1.0,1.0,1.0,0.0
GRB 220926.34,1,3,1.0,1.0,1.0,1.0,1.0,0.0
GRB 220926.44,1,3,1.0,1.0,1.0,1.0,1.0,0.0
GRB 240902B,1,2,1.0,1.0,1.0,1.0,1.0,0.0
GRB 240902A,1,2,1.0,1.0,1.0,1.0,1.0,0.0
GRB 240831B,1,2,1.0,1.0,1.0,1.0,1.0,0.0
GRB 240831A,1,2,1.0,1.0,1.0,1.0,1.0,0.0
GRB 181008A,1,1,1.0,1.0,1.0,1.0,1.0,0.0
GRB 240829.16,1,3,1.0,1.0,1.0,1.0,1.0,0.0
GRB 140104A,1,1,1.0,1.0,1.0,1.0,1.0,0.0
GRB 240828.62,1,2,1.0,1.0,1.0,1.0,1.0,0.0
GRB 140122A,1,3,1.0,1.0,1.0,1.0,1.0,0.0
GRB 180913A,1,2,1.0,1.0,1.0,1.0,1.0,0.0
GRB 221009,1,2,1.0,1.0,1.0,1.0,1.0,0.0
GRB 221009.59,1,3,1.0,1.0,1.0,1.0,1.0,0.0
GRB 240824.04,1,3,1.0,1.0,1.0,1.0,1.0,0.0
GRB 240822A,1,2,1.0,1.0,1.0,1.0,1.0,0.0
GRB 140404B,1,1,1.0,1.0,1.0,1.0,1.0,0.0
GRB 240820B,1,2,1.0,1.0,1.0,1.0,1.0,0.0
GRB 240820A,1,2,1.0,1.0,1.0,1.0,1.0,0.0
GRB 140404C,1,1,1.0,1.0,1.0,1.0,1.0,0.0
GRB 240817A,1,2,1.0,1.0,1.0,1.0,1.0,0.0
GRB 240816.79,1,3,1.0,1.0,1.0,1.0,1.0,0.0
GRB 240815A,1,2,1.0,1.0,1.0,1.0,1.0,0.0
GRB 140406A,1,2,1.0,1.0,1.0,1.0,1.0,0.0
GRB 220921.46,1,2,1.0,1.0,1.0,1.0,1.0,0.0
GRB 220915A,1,1,1.0,1.0,1.0,1.0,1.0,0.0
GRB 240912B,1,2,1.0,1.0,1.0,1.0,1.0,0.0
GRB 220831C,1,2,1.0,1.0,1.0,1.0,1.0,0.0
GRB 220806.76,1,3,1.0,1.0,1.0,1.0,1.0,0.0
GRB 130604B,1,2,1.0,1.0,1.0,1.0,1.0,0.0
GRB 241013.04,1,3,1.0,1.0,1.0,1.0,1.0,0.0
GRB 220821A,1,2,1.0,1.0,1.0,1.0,1.0,0.0
GRB 181121.4,1,3,1.0,1.0,1.0,1.0,1.0,0.0
GRB 220826B,1,1,1.0,1.0,1.0,1.0,1.0,0.0
GRB 130701B,1,2,1.0,1.0,1.0,1.0,1.0,0.0
GRB 241006.91,1,3,1.0,1.0,1.0,1.0,1.0,0.0
GRB 241004A,1,2,1.0,1.0,1.0,1.0,1.0,0.0
GRB 220827A,1,2,1.0,1.0,1.0,1.0,1.0,0.0
GRB 130702,1,1,1.0,1.0,1.0,1.0,1.0,0.0
GRB 220829A,1,1,1.0,1.0,1.0,1.0,1.0,0.0
GRB 220831B,1,2,1.0,1.0,1.0,1.0,1.0,0.0
GRB 220903,1,1,1.0,1.0,1.0,1.0,1.0,0.0
GRB 181017A,1,1,1.0,1.0,1.0,1.0,1.0,0.0
GRB 220903A,1,1,1.0,1.0,1.0,1.0,1.0,0.0
GRB 240929.83,1,3,1.0,1.0,1.0,1.0,1.0,0.0
GRB 240928A,1,2,1.0,1.0,1.0,1.0,1.0,0.0
GRB 181105.31,1,3,1.0,1.0,1.0,1.0,1.0,0.0
GRB 220907.59,1,3,1.0,1.0,1.0,1.0,1.0,0.0
GRB 130913A,1,2,1.0,1.0,1.0,1.0,1.0,0.0
GRB 181026A,1,2,1.0,1.0,1.0,1.0,1.0,0.0
GRB 240916B,1,2,1.0,1.0,1.0,1.0,1.0,0.0
GRB 130930A,1,2,1.0,1.0,1.0,1.0,1.0,0.0
GRB 181018A,1,1,1.0,1.0,1.0,1.0,1.0,0.0
GRB 220910B,1,2,1.0,1.0,1.0,1.0,1.0,0.0
GRB 131024C,1,1,1.0,1.0,1.0,1.0,1.0,0.0
GRB 240913B,1,2,1.0,1.0,1.0,1.0,1.0,0.0
GRB 221230A,1,1,1.0,1.0,1.0,1.0,1.0,0.0
GRB 150906A,1,2,1.0,1.0,1.0,1.0,1.0,0.0
GRB 220607.31,1,2,1.0,1.0,1.0,1.0,1.0,0.0
GRB 170412A,1,1,1.0,1.0,1.0,1.0,1.0,0.0
GRB 230410A,1,2,1.0,1.0,1.0,1.0,1.0,0.0
GRB 230905A,1,2,1.0,1.0,1.0,1.0,1.0,0.0
GRB 230904C,1,2,1.0,1.0,1.0,1.0,1.0,0.0
GRB 170918A,1,1,1.0,1.0,1.0,1.0,1.0,0.0
GRB 230903.72,1,3,1.0,1.0,1.0,1.0,1.0,0.0
GRB 230902.00,1,3,1.0,1.0,1.0,1.0,1.0,0.0
GRB 170309A,1,1,1.0,1.0,1.0,1.0,1.0,0.0
GRB 170912C,1,1,1.0,1.0,1.0,1.0,1.0,0.0
GRB 230419A,1,2,1.0,1.0,1.0,1.0,1.0,0.0
GRB 230827,1,4,1.0,1.0,1.0,1.0,1.0,0.0
GRB 170315A,1,1,1.0,1.0,1.0,1.0,1.0,0.0
GRB 230826.81,1,3,1.0,1.0,1.0,1.0,1.0,0.0
GRB 230825.85,1,3,1.0,1.0,1.0,1.0,1.0,0.0
GRB 230825.75,1,3,1.0,1.0,1.0,1.0,1.0,0.0
GRB 230824B,1,2,1.0,1.0,1.0,1.0,1.0,0.0
GRB 230824.72,1,3,1.0,1.0,1.0,1.0,1.0,0.0
GRB 230824.58,1,3,1.0,1.0,1.0,1.0,1.0,0.0
GRB 230824.10,1,3,1.0,1.0,1.0,1.0,1.0,0.0
GRB 170325B,1,1,1.0,1.0,1.0,1.0,1.0,0.0
GRB 230821.64,1,3,1.0,1.0,1.0,1.0,1.0,0.0
GRB 230820A,1,2,1.0,1.0,1.0,1.0,1.0,0.0
GRB 230820.82,1,3,1.0,1.0,1.0,1.0,1.0,0.0
GRB 230820.81,1,3,1.0,1.0,1.0,1.0,1.0,0.0
GRB 230820.80,1,3,1.0,1.0,1.0,1.0,1.0,0.0
GRB 170327A,1,3,1.0,1.0,1.0,1.0,1.0,0.0
GRB 230421,1,2,1.0,1.0,1.0,1.0,1.0,0.0
GRB 230425A,1,2,1.0,1.0,1.0,1.0,1.0,0.0
GRB 170403B,1,1,1.0,1.0,1.0,1.0,1.0,0.0
GRB 230816.80,1,3,1.0,1.0,1.0,1.0,1.0,0.0
GRB 170304A,1,2,1.0,1.0,1.0,1.0,1.0,0.0
GRB 230409D,1,1,1.0,1.0,1.0,1.0,1.0,0.0
GRB 230910A,1,2,1.0,1.0,1.0,1.0,1.0,0.0
GRB 230930A,1,2,1.0,1.0,1.0,1.0,1.0,0.0
GRB 231028B,1,1,1.0,1.0,1.0,1.0,1.0,0.0
GRB 161230A,1,1,1.0,1.0,1.0,1.0,1.0,0.0
GRB 171106A,1,1,1.0,1.0,1.0,1.0,1.0,0.0
GRB 170104.78,1,2,1.0,1.0,1.0,1.0,1.0,0.0
GRB 171101A,1,1,1.0,1.0,1.0,1.0,1.0,0.0
GRB 170109A,1,1,1.0,1.0,1.0,1.0,1.0,0.0
GRB 170112B,1,1,1.0,1.0,1.0,1.0,1.0,0.0
GRB 170114B,1,1,1.0,1.0,1.0,1.0,1.0,0.0
GRB 171013B,1,1,1.0,1.0,1.0,1.0,1.0,0.0
GRB 230330A,1,2,1.0,1.0,1.0,1.0,1.0,0.0
GRB 170120A,1,1,1.0,1.0,1.0,1.0,1.0,0.0
GRB 170121A,1,1,1.0,1.0,1.0,1.0,1.0,0.0
GRB 230330B,1,2,1.0,1.0,1.0,1.0,1.0,0.0
GRB 230921A,1,2,1.0,1.0,1.0,1.0,1.0,0.0
GRB 170220A,1,1,1.0,1.0,1.0,1.0,1.0,0.0
GRB 170130A,1,1,1.0,1.0,1.0,1.0,1.0,0.0
GRB 230917A,1,2,1.0,1.0,1.0,1.0,1.0,0.0
GRB 230916A,1,2,1.0,1.0,1.0,1.0,1.0,0.0
GRB 230916.19,1,3,1.0,1.0,1.0,1.0,1.0,0.0
GRB 230408.82,1,2,1.0,1.0,1.0,1.0,1.0,0.0
GRB 230916.13,1,3,1.0,1.0,1.0,1.0,1.0,0.0
GRB 230916.12,1,3,1.0,1.0,1.0,1.0,1.0,0.0
GRB 230916.11,1,3,1.0,1.0,1.0,1.0,1.0,0.0
GRB 230915B,1,1,1.0,1.0,1.0,1.0,1.0,0.0
GRB 170202B,1,1,1.0,1.0,1.0,1.0,1.0,0.0
GRB 171003,1,2,1.0,1.0,1.0,1.0,1.0,0.0
GRB 170206C,1,1,1.0,1.0,1.0,1.0,1.0,0.0
GRB 170208C,1,1,1.0,1.0,1.0,1.0,1.0,0.0
GRB 230816.67,1,3,1.0,1.0,1.0,1.0,1.0,0.0
GRB 230427.44,1,3,1.0,1.0,1.0,1.0,1.0,0.0
GRB 230322A,1,2,1.0,1.0,1.0,1.0,1.0,0.0
GRB 170426.95,1,2,1.0,1.0,1.0,1.0,1.0,0.0
GRB 230712B,1,2,1.0,1.0,1.0,1.0,1.0,0.0
GRB 230511A,1,2,1.0,1.0,1.0,1.0,1.0,0.0
GRB 230710A,1,2,1.0,1.0,1.0,1.0,1.0,0.0
GRB 230511B,1,2,1.0,1.0,1.0,1.0,1.0,0.0
GRB 170703A,1,1,1.0,1.0,1.0,1.0,1.0,0.0
GRB 230709A,1,2,1.0,1.0,1.0,1.0,1.0,0.0
GRB 230511C,1,2,1.0,1.0,1.0,1.0,1.0,0.0
GRB 170708B,1,1,1.0,1.0,1.0,1.0,1.0,0.0
GRB 230706.70,1,3,1.0,1.0,1.0,1.0,1.0,0.0
GRB 170825A,1,1,1.0,1.0,1.0,1.0,1.0,0.0
GRB 230702A,1,2,1.0,1.0,1.0,1.0,1.0,0.0
GRB 230701B,1,2,1.0,1.0,1.0,1.0,1.0,0.0
GRB 230701A,1,2,1.0,1.0,1.0,1.0,1.0,0.0
GRB 170820A,1,1,1.0,1.0,1.0,1.0,1.0,0.0
GRB 170818A,1,2,1.0,1.0,1.0,1.0,1.0,0.0
GRB 230516A,1,2,1.0,1.0,1.0,1.0,1.0,0.0
GRB 230628B,1,2,1.0,1.0,1.0,1.0,1.0,0.0
GRB 230628.93,1,3,1.0,1.0,1.0,1.0,1.0,0.0
GRB 170714B,1,1,1.0,1.0,1.0,1.0,1.0,0.0
GRB 230518B,1,1,1.0,1.0,1.0,1.0,1.0,0.0
GRB 230621A,1,2,1.0,1.0,1.0,1.0,1.0,0.0
GRB 230618B,1,2,1.0,1.0,1.0,1.0,1.0,0.0
GRB 170801A,1,1,1.0,1.0,1.0,1.0,1.0,0.0
GRB 230617A,1,2,1.0,1.0,1.0,1.0,1.0,0.0
GRB 170802A,1,2,1.0,1.0,1.0,1.0,1.0,0.0
GRB 170803B,1,1,1.0,1.0,1.0,1.0,1.0,0.0
GRB 230522A,1,1,1.0,1.0,1.0,1.0,1.0,0.0
GRB 230614A,1,2,1.0,1.0,1.0,1.0,1.0,0.0
GRB 230524B,1,2,1.0,1.0,1.0,1.0,1.0,0.0
GRB 230712C,1,1,1.0,1.0,1.0,1.0,1.0,0.0
GRB 230715A,1,2,1.0,1.0,1.0,1.0,1.0,0.0
GRB 230715D,1,1,1.0,1.0,1.0,1.0,1.0,0.0
GRB 230506A,1,2,1.0,1.0,1.0,1.0,1.0,0.0
GRB 170901B,1,1,1.0,1.0,1.0,1.0,1.0,0.0
GRB 230812A,1,2,1.0,1.0,1.0,1.0,1.0,0.0
GRB 230812.79,1,2,1.0,1.0,1.0,1.0,1.0,0.0
GRB 230812,1,2,1.0,1.0,1.0,1.0,1.0,0.0
GRB 230811D,1,2,1.0,1.0,1.0,1.0,1.0,0.0
GRB 230808B,1,2,1.0,1.0,1.0,1.0,1.0,0.0
GRB 230428A,1,2,1.0,1.0,1.0,1.0,1.0,0.0
GRB 170831A,1,2,1.0,1.0,1.0,1.0,1.0,0.0
GRB 230806A,1,2,1.0,1.0,1.0,1.0,1.0,0.0
GRB 230430B,1,2,1.0,1.0,1.0,1.0,1.0,0.0
GRB 230503A,1,2,1.0,1.0,1.0,1.0,1.0,0.0
GRB 230804A,1,2,1.0,1.0,1.0,1.0,1.0,0.0
GRB 230506.71,1,3,1.0,1.0,1.0,1.0,1.0,0.0
GRB 170606A,1,1,1.0,1.0,1.0,1.0,1.0,0.0
GRB 230717A,1,2,1.0,1.0,1.0,1.0,1.0,0.0
GRB 230731A,1,2,1.0,1.0,1.0,1.0,1.0,0.0
GRB 170610A,1,1,1.0,1.0,1.0,1.0,1.0,0.0
GRB 230728.12,1,3,1.0,1.0,1.0,1.0,1.0,0.0
GRB 170612.87,1,2,1.0,1.0,1.0,1.0,1.0,0.0
GRB 230726.26,1,3,1.0,1.0,1.0,1.0,1.0,0.0
GRB 230725B,1,2,1.0,1.0,1.0,1.0,1.0,0.0
GRB 230725A,1,2,1.0,1.0,1.0,1.0,1.0,0.0
GRB 230725.99,1,3,1.0,1.0,1.0,1.0,1.0,0.0
GRB 230724A,1,2,1.0,1.0,1.0,1.0,1.0,0.0
GRB 170830B,1,1,1.0,1.0,1.0,1.0,1.0,0.0
GRB 170829A,1,1,1.0,1.0,1.0,1.0,1.0,0.0
GRB 230720.30,1,3,1.0,1.0,1.0,1.0,1.0,0.0
GRB 230509B,1,2,1.0,1.0,1.0,1.0,1.0,0.0
GRB 231028C,1,1,1.0,1.0,1.0,1.0,1.0,0.0
GRB 161229A,1,1,1.0,1.0,1.0,1.0,1.0,0.0
GRB 240317C,1,1,1.0,1.0,1.0,1.0,1.0,0.0
GRB 160705A,1,2,1.0,1.0,1.0,1.0,1.0,0.0
GRB 230122A,1,2,1.0,1.0,1.0,1.0,1.0,0.0
GRB 180202A,1,1,1.0,1.0,1.0,1.0,1.0,0.0
GRB 240205.93,1,3,1.0,1.0,1.0,1.0,1.0,0.0
GRB 180126A,1,1,1.0,1.0,1.0,1.0,1.0,0.0
GRB 240201A,1,2,1.0,1.0,1.0,1.0,1.0,0.0
GRB 160227B,1,2,1.0,1.0,1.0,1.0,1.0,0.0
GRB 160307A,1,1,1.0,1.0,1.0,1.0,1.0,0.0
GRB 160316A,1,1,1.0,1.0,1.0,1.0,1.0,0.0
GRB 240124A,1,2,1.0,1.0,1.0,1.0,1.0,0.0
GRB 160324A,1,1,1.0,1.0,1.0,1.0,1.0,0.0
GRB 230130A,1,2,1.0,1.0,1.0,1.0,1.0,0.0
GRB 240123.46,1,3,1.0,1.0,1.0,1.0,1.0,0.0
GRB 180112B,1,2,1.0,1.0,1.0,1.0,1.0,0.0
GRB 240118D,1,2,1.0,1.0,1.0,1.0,1.0,0.0
GRB 230208A,1,2,1.0,1.0,1.0,1.0,1.0,0.0
GRB 171230A,1,1,1.0,1.0,1.0,1.0,1.0,0.0
GRB 240118.08,1,2,1.0,1.0,1.0,1.0,1.0,0.0
GRB 230210A,1,2,1.0,1.0,1.0,1.0,1.0,0.0
GRB 160611.9,1,2,1.0,1.0,1.0,1.0,1.0,0.0
GRB 230211A,1,2,1.0,1.0,1.0,1.0,1.0,0.0
GRB 240115.70,1,3,1.0,1.0,1.0,1.0,1.0,0.0
GRB 240114A,1,1,1.0,1.0,1.0,1.0,1.0,0.0
GRB 240112E,1,2,1.0,1.0,1.0,1.0,1.0,0.0
GRB 160628A,1,1,1.0,1.0,1.0,1.0,1.0,0.0
GRB 171229A,1,1,1.0,1.0,1.0,1.0,1.0,0.0
GRB 240110A,1,2,1.0,1.0,1.0,1.0,1.0,0.0
GRB 240109B,1,2,1.0,1.0,1.0,1.0,1.0,0.0
GRB 160703,1,2,1.0,1.0,1.0,1.0,1.0,0.0
GRB 240109.17,1,3,1.0,1.0,1.0,1.0,1.0,0.0
GRB 240207A,1,2,1.0,1.0,1.0,1.0,1.0,0.0
GRB 230120A,1,2,1.0,1.0,1.0,1.0,1.0,0.0
GRB 160131.35,1,2,1.0,1.0,1.0,1.0,1.0,0.0
GRB 240305.18,1,3,1.0,1.0,1.0,1.0,1.0,0.0
GRB 180313A,1,2,1.0,1.0,1.0,1.0,1.0,0.0
GRB 240315B,1,2,1.0,1.0,1.0,1.0,1.0,0.0
GRB 240315A,1,2,1.0,1.0,1.0,1.0,1.0,0.0
GRB 230104A,1,1,1.0,1.0,1.0,1.0,1.0,0.0
GRB 230106,1,2,1.0,1.0,1.0,1.0,1.0,0.0
GRB 240310B,1,1,1.0,1.0,1.0,1.0,1.0,0.0
GRB 151021B,1,2,1.0,1.0,1.0,1.0,1.0,0.0
GRB 240309A,1,1,1.0,1.0,1.0,1.0,1.0,0.0
GRB 240309.61,1,3,1.0,1.0,1.0,1.0,1.0,0.0
GRB 240308A,1,2,1.0,1.0,1.0,1.0,1.0,0.0
GRB 151030A,1,2,1.0,1.0,1.0,1.0,1.0,0.0
GRB 240305B,1,2,1.0,1.0,1.0,1.0,1.0,0.0
GRB 151212B,1,1,1.0,1.0,1.0,1.0,1.0,0.0
GRB 240305.16,1,3,1.0,1.0,1.0,1.0,1.0,0.0
GRB 160118A,1,1,1.0,1.0,1.0,1.0,1.0,0.0
GRB 151216A,1,1,1.0,1.0,1.0,1.0,1.0,0.0
GRB 151221A,1,3,1.0,1.0,1.0,1.0,1.0,0.0
GRB 230114B,1,1,1.0,1.0,1.0,1.0,1.0,0.0
GRB 240226B,1,2,1.0,1.0,1.0,1.0,1.0,0.0
GRB 151227A,1,2,1.0,1.0,1.0,1.0,1.0,0.0
GRB 230116.88,1,3,1.0,1.0,1.0,1.0,1.0,0.0
GRB 151231B,1,2,1.0,1.0,1.0,1.0,1.0,0.0
GRB 230116A,1,2,1.0,1.0,1.0,1.0,1.0,0.0
GRB 240221.92,1,3,1.0,1.0,1.0,1.0,1.0,0.0
GRB 180219A,1,1,1.0,1.0,1.0,1.0,1.0,0.0
GRB 240218.08,1,3,1.0,1.0,1.0,1.0,1.0,0.0
GRB 160106A,1,1,1.0,1.0,1.0,1.0,1.0,0.0
GRB 240215C,1,2,1.0,1.0,1.0,1.0,1.0,0.0
GRB 240108A,1,1,1.0,1.0,1.0,1.0,1.0,0.0
GRB 160721A,1,1,1.0,1.0,1.0,1.0,1.0,0.0
GRB 230321B,1,2,1.0,1.0,1.0,1.0,1.0,0.0
GRB 240102C,1,2,1.0,1.0,1.0,1.0,1.0,0.0
GRB 230311.83,1,3,1.0,1.0,1.0,1.0,1.0,0.0
GRB 231126A,1,2,1.0,1.0,1.0,1.0,1.0,0.0
GRB 161205A,1,1,1.0,1.0,1.0,1.0,1.0,0.0
GRB 161206A,1,2,1.0,1.0,1.0,1.0,1.0,0.0
GRB 230311.84,1,3,1.0,1.0,1.0,1.0,1.0,0.0
GRB 161207B,1,1,1.0,1.0,1.0,1.0,1.0,0.0
GRB 230311.85,1,3,1.0,1.0,1.0,1.0,1.0,0.0
GRB 161210A,1,1,1.0,1.0,1.0,1.0,1.0,0.0
GRB 171115B,1,1,1.0,1.0,1.0,1.0,1.0,0.0
GRB 231120A,1,2,1.0,1.0,1.0,1.0,1.0,0.0
GRB 161212A,1,1,1.0,1.0,1.0,1.0,1.0,0.0
GRB 161213A,1,1,1.0,1.0,1.0,1.0,1.0,0.0
GRB 231118.72,1,3,1.0,1.0,1.0,1.0,1.0,0.0
GRB 161217B,1,1,1.0,1.0,1.0,1.0,1.0,0.0
GRB 161217C,1,1,1.0,1.0,1.0,1.0,1.0,0.0
GRB 231115.65,1,3,1.0,1.0,1.0,1.0,1.0,0.0
GRB 161219.78,1,2,1.0,1.0,1.0,1.0,1.0,0.0
GRB 231113A,1,1,1.0,1.0,1.0,1.0,1.0,0.0
GRB 161219A,1,2,1.0,1.0,1.0,1.0,1.0,0.0
GRB 231111.60,1,3,1.0,1.0,1.0,1.0,1.0,0.0
GRB 161228A,1,1,1.0,1.0,1.0,1.0,1.0,0.0
GRB 231110.89,1,3,1.0,1.0,1.0,1.0,1.0,0.0
GRB 231109A,1,2,1.0,1.0,1.0,1.0,1.0,0.0
GRB 231106B,1,1,1.0,1.0,1.0,1.0,1.0,0.0
GRB 161228B,1,1,1.0,1.0,1.0,1.0,1.0,0.0
GRB 231104B,1,2,1.0,1.0,1.0,1.0,1.0,0.0
GRB 161228C,1,1,1.0,1.0,1.0,1.0,1.0,0.0
GRB 231104.07,1,3,1.0,1.0,1.0,1.0,1.0,0.0
GRB 171108B,1,1,1.0,1.0,1.0,1.0,1.0,0.0
GRB 230311.82,1,3,1.0,1.0,1.0,1.0,1.0,0.0
GRB 231129.21,1,3,1.0,1.0,1.0,1.0,1.0,0.0
GRB 230311.81,1,3,1.0,1.0,1.0,1.0,1.0,0.0
GRB 231215.41,1,3,1.0,1.0,1.0,1.0,1.0,0.0
GRB 160804B,1,1,1.0,1.0,1.0,1.0,1.0,0.0
GRB 160816,1,2,1.0,1.0,1.0,1.0,1.0,0.0
GRB 230222A,1,2,1.0,1.0,1.0,1.0,1.0,0.0
GRB 240101.85,1,3,1.0,1.0,1.0,1.0,1.0,0.0
GRB 231230.06,1,3,1.0,1.0,1.0,1.0,1.0,0.0
GRB 230301A,1,2,1.0,1.0,1.0,1.0,1.0,0.0
GRB 160822,1,2,1.0,1.0,1.0,1.0,1.0,0.0
GRB 231222.31,1,2,1.0,1.0,1.0,1.0,1.0,0.0
GRB 231219A,1,2,1.0,1.0,1.0,1.0,1.0,0.0
GRB 171215A,1,1,1.0,1.0,1.0,1.0,1.0,0.0
GRB 231216.77,1,3,1.0,1.0,1.0,1.0,1.0,0.0
GRB 231215C,1,2,1.0,1.0,1.0,1.0,1.0,0.0
GRB 231215B,1,2,1.0,1.0,1.0,1.0,1.0,0.0
GRB 230304D,1,2,1.0,1.0,1.0,1.0,1.0,0.0
GRB 161119A,1,3,1.0,1.0,1.0,1.0,1.0,0.0
GRB 160908A,1,1,1.0,1.0,1.0,1.0,1.0,0.0
GRB 231214.85,1,3,1.0,1.0,1.0,1.0,1.0,0.0
GRB 231212A,1,1,1.0,1.0,1.0,1.0,1.0,0.0
GRB 160915A,1,1,1.0,1.0,1.0,1.0,1.0,0.0
GRB 231210A,1,2,1.0,1.0,1.0,1.0,1.0,0.0
GRB 230305A,1,1,1.0,1.0,1.0,1.0,1.0,0.0
GRB 160917B,1,1,1.0,1.0,1.0,1.0,1.0,0.0
GRB 231206B,1,2,1.0,1.0,1.0,1.0,1.0,0.0
GRB 160928A,1,1,1.0,1.0,1.0,1.0,1.0,0.0
GRB 161017.74,1,2,1.0,1.0,1.0,1.0,1.0,0.0
GRB 171212C,1,1,1.0,1.0,1.0,1.0,1.0,0.0
GRB 231205.70,1,3,1.0,1.0,1.0,1.0,1.0,0.0
GRB 161103A,1,2,1.0,1.0,1.0,1.0,1.0,0.0
GRB 220607.41,1,2,1.0,1.0,1.0,1.0,1.0,0.0
GRB 120227A,1,1,1.0,1.0,1.0,1.0,1.0,0.0
GRB 260418B,1,2,1.0,1.0,1.0,1.0,1.0,0.0
GRB 090307B,1,2,1.0,1.0,1.0,1.0,1.0,0.0
GRB 090219,1,2,1.0,1.0,1.0,1.0,1.0,0.0
GRB 090222,1,2,1.0,1.0,1.0,1.0,1.0,0.0
GRB 190515.49,1,3,1.0,1.0,1.0,1.0,1.0,0.0
GRB 090227,1,2,1.0,1.0,1.0,1.0,1.0,0.0
GRB 090227A,1,1,1.0,1.0,1.0,1.0,1.0,0.0
GRB 251118.86,1,2,1.0,1.0,1.0,1.0,1.0,0.0
GRB 251117.51,1,2,1.0,1.0,1.0,1.0,1.0,0.0
GRB 090228,1,2,1.0,1.0,1.0,1.0,1.0,0.0
GRB 090228B,1,2,1.0,1.0,1.0,1.0,1.0,0.0
GRB 090301,1,2,1.0,1.0,1.0,1.0,1.0,0.0
GRB 251116A,1,2,1.0,1.0,1.0,1.0,1.0,0.0
GRB 190515.43,1,3,1.0,1.0,1.0,1.0,1.0,0.0
GRB 090301B,1,2,1.0,1.0,1.0,1.0,1.0,0.0
GRB 190514.67,1,3,1.0,1.0,1.0,1.0,1.0,0.0
GRB 090303,1,2,1.0,1.0,1.0,1.0,1.0,0.0
GRB 251112B,1,1,1.0,1.0,1.0,1.0,1.0,0.0
GRB 090304,1,2,1.0,1.0,1.0,1.0,1.0,0.0
GRB 211217A,1,1,1.0,1.0,1.0,1.0,1.0,0.0
GRB 251111.42,1,3,1.0,1.0,1.0,1.0,1.0,0.0
GRB 251111.22,1,3,1.0,1.0,1.0,1.0,1.0,0.0
GRB 211218.04,1,2,1.0,1.0,1.0,1.0,1.0,0.0
GRB 251108B,1,1,1.0,1.0,1.0,1.0,1.0,0.0
GRB 251108A,1,2,1.0,1.0,1.0,1.0,1.0,0.0
GRB 251108.54,1,3,1.0,1.0,1.0,1.0,1.0,0.0
GRB 090306,1,2,1.0,1.0,1.0,1.0,1.0,0.0
GRB 090306C,1,2,1.0,1.0,1.0,1.0,1.0,0.0
GRB 251106.83,1,3,1.0,1.0,1.0,1.0,1.0,0.0
GRB 251105C,1,2,1.0,1.0,1.0,1.0,1.0,0.0
GRB 090307A,1,2,1.0,1.0,1.0,1.0,1.0,0.0
GRB 251122B,1,2,1.0,1.0,1.0,1.0,1.0,0.0
GRB 090213,1,2,1.0,1.0,1.0,1.0,1.0,0.0
GRB 190517.1,1,3,1.0,1.0,1.0,1.0,1.0,0.0
GRB 090109,1,2,1.0,1.0,1.0,1.0,1.0,0.0
GRB 081223,1,2,1.0,1.0,1.0,1.0,1.0,0.0
GRB 081225,1,2,1.0,1.0,1.0,1.0,1.0,0.0
GRB 081226C,1,2,1.0,1.0,1.0,1.0,1.0,0.0
GRB 251211A,1,2,1.0,1.0,1.0,1.0,1.0,0.0
GRB 251211.12,1,3,1.0,1.0,1.0,1.0,1.0,0.0
GRB 081229,1,2,1.0,1.0,1.0,1.0,1.0,0.0
GRB 081231,1,2,1.0,1.0,1.0,1.0,1.0,0.0
GRB 190525.67,1,3,1.0,1.0,1.0,1.0,1.0,0.0
GRB 090108,1,2,1.0,1.0,1.0,1.0,1.0,0.0
GRB 090108B,1,2,1.0,1.0,1.0,1.0,1.0,0.0
GRB 251208.43,1,2,1.0,1.0,1.0,1.0,1.0,0.0
GRB 190525.03,1,3,1.0,1.0,1.0,1.0,1.0,0.0
GRB 251206.86,1,3,1.0,1.0,1.0,1.0,1.0,0.0
GRB 090112,1,2,1.0,1.0,1.0,1.0,1.0,0.0
GRB 090207,1,2,1.0,1.0,1.0,1.0,1.0,0.0
GRB 090117B,1,2,1.0,1.0,1.0,1.0,1.0,0.0
GRB 251203.77,1,3,1.0,1.0,1.0,1.0,1.0,0.0
GRB 190520.6,1,3,1.0,1.0,1.0,1.0,1.0,0.0
GRB 090126,1,1,1.0,1.0,1.0,1.0,1.0,0.0
GRB 251201.19,1,3,1.0,1.0,1.0,1.0,1.0,0.0
GRB 090126B,1,2,1.0,1.0,1.0,1.0,1.0,0.0
GRB 251130A,1,2,1.0,1.0,1.0,1.0,1.0,0.0
GRB 090126C,1,2,1.0,1.0,1.0,1.0,1.0,0.0
GRB 211206B,1,2,1.0,1.0,1.0,1.0,1.0,0.0
GRB 190517.81,1,3,1.0,1.0,1.0,1.0,1.0,0.0
GRB 090202,1,2,1.0,1.0,1.0,1.0,1.0,0.0
GRB 251126B,1,2,1.0,1.0,1.0,1.0,1.0,0.0
GRB 090206,1,2,1.0,1.0,1.0,1.0,1.0,0.0
GRB 190512.62,1,3,1.0,1.0,1.0,1.0,1.0,0.0
GRB 090308B,1,2,1.0,1.0,1.0,1.0,1.0,0.0
GRB 251214C,1,2,1.0,1.0,1.0,1.0,1.0,0.0
GRB 190512.61,1,3,1.0,1.0,1.0,1.0,1.0,0.0
GRB 090429,1,2,1.0,1.0,1.0,1.0,1.0,0.0
GRB 090429C,1,2,1.0,1.0,1.0,1.0,1.0,0.0
GRB 090429D,1,2,1.0,1.0,1.0,1.0,1.0,0.0
GRB 211229C,1,2,1.0,1.0,1.0,1.0,1.0,0.0
GRB 090502,1,2,1.0,1.0,1.0,1.0,1.0,0.0
GRB 090510B,1,2,1.0,1.0,1.0,1.0,1.0,0.0
GRB 090511,1,2,1.0,1.0,1.0,1.0,1.0,0.0
GRB 090513,1,2,1.0,1.0,1.0,1.0,1.0,0.0
GRB 090513B,1,2,1.0,1.0,1.0,1.0,1.0,0.0
GRB 190507A,1,2,1.0,1.0,1.0,1.0,1.0,0.0
GRB 212102,1,1,1.0,1.0,1.0,1.0,1.0,0.0
GRB 220101,1,2,1.0,1.0,1.0,1.0,1.0,0.0
GRB 090514,1,2,1.0,1.0,1.0,1.0,1.0,0.0
GRB 090516A,1,2,1.0,1.0,1.0,1.0,1.0,0.0
GRB 250924B,1,2,1.0,1.0,1.0,1.0,1.0,0.0
GRB 090516B,1,2,1.0,1.0,1.0,1.0,1.0,0.0
GRB 250922C,1,2,1.0,1.0,1.0,1.0,1.0,0.0
GRB 090516C,1,2,1.0,1.0,1.0,1.0,1.0,0.0
GRB 220101.22,1,3,1.0,1.0,1.0,1.0,1.0,0.0
GRB 190507.97,1,3,1.0,1.0,1.0,1.0,1.0,0.0
GRB 090519B,1,2,1.0,1.0,1.0,1.0,1.0,0.0
GRB 090520B,1,2,1.0,1.0,1.0,1.0,1.0,0.0
GRB 090520C,1,2,1.0,1.0,1.0,1.0,1.0,0.0
GRB 090520D,1,2,1.0,1.0,1.0,1.0,1.0,0.0
GRB 250917A,1,2,1.0,1.0,1.0,1.0,1.0,0.0
GRB 090522,1,2,1.0,1.0,1.0,1.0,1.0,0.0
GRB 250914A,1,2,1.0,1.0,1.0,1.0,1.0,0.0
GRB 090524,1,2,1.0,1.0,1.0,1.0,1.0,0.0
GRB 190507.71,1,3,1.0,1.0,1.0,1.0,1.0,0.0
GRB 190508.11,1,3,1.0,1.0,1.0,1.0,1.0,0.0
GRB 090428,1,2,1.0,1.0,1.0,1.0,1.0,0.0
GRB 090427C,1,2,1.0,1.0,1.0,1.0,1.0,0.0
GRB 090403,1,2,1.0,1.0,1.0,1.0,1.0,0.0
GRB 090309A,1,1,1.0,1.0,1.0,1.0,1.0,0.0
GRB 090309B,1,2,1.0,1.0,1.0,1.0,1.0,0.0
GRB 090310,1,2,1.0,1.0,1.0,1.0,1.0,0.0
GRB 190510B,1,2,1.0,1.0,1.0,1.0,1.0,0.0
GRB 090319,1,2,1.0,1.0,1.0,1.0,1.0,0.0
GRB 090320A,1,2,1.0,1.0,1.0,1.0,1.0,0.0
GRB 090320C,1,2,1.0,1.0,1.0,1.0,1.0,0.0
GRB 090326,1,2,1.0,1.0,1.0,1.0,1.0,0.0
GRB 090327,1,2,1.0,1.0,1.0,1.0,1.0,0.0
GRB 090330,1,2,1.0,1.0,1.0,1.0,1.0,0.0
GRB 190510.12,1,3,1.0,1.0,1.0,1.0,1.0,0.0
GRB 211224A,1,2,1.0,1.0,1.0,1.0,1.0,0.0
GRB 251021A,1,3,1.0,1.0,1.0,1.0,1.0,0.0
GRB 090405,1,2,1.0,1.0,1.0,1.0,1.0,0.0
GRB 090427B,1,2,1.0,1.0,1.0,1.0,1.0,0.0
GRB 211225.14,1,2,1.0,1.0,1.0,1.0,1.0,0.0
GRB 090408A,1,1,1.0,1.0,1.0,1.0,1.0,0.0
GRB 090409,1,2,1.0,1.0,1.0,1.0,1.0,0.0
GRB 251014C,1,2,1.0,1.0,1.0,1.0,1.0,0.0
GRB 190508B,1,2,1.0,1.0,1.0,1.0,1.0,0.0
GRB 090412,1,2,1.0,1.0,1.0,1.0,1.0,0.0
GRB 090418C,1,2,1.0,1.0,1.0,1.0,1.0,0.0
GRB 090425,1,2,1.0,1.0,1.0,1.0,1.0,0.0
GRB 211227.98,1,3,1.0,1.0,1.0,1.0,1.0,0.0
GRB 251011C,1,2,1.0,1.0,1.0,1.0,1.0,0.0
GRB 090426B,1,2,1.0,1.0,1.0,1.0,1.0,0.0
GRB 090426C,1,2,1.0,1.0,1.0,1.0,1.0,0.0
GRB 190508.81,1,3,1.0,1.0,1.0,1.0,1.0,0.0
GRB 081217,1,2,1.0,1.0,1.0,1.0,1.0,0.0
GRB 190530.43,1,3,1.0,1.0,1.0,1.0,1.0,0.0
GRB 190507.27,1,3,1.0,1.0,1.0,1.0,1.0,0.0
GRB 260210B,1,2,1.0,1.0,1.0,1.0,1.0,0.0
GRB 080912,1,2,1.0,1.0,1.0,1.0,1.0,0.0
GRB 260312A,1,2,1.0,1.0,1.0,1.0,1.0,0.0
GRB 190626A,1,2,1.0,1.0,1.0,1.0,1.0,0.0
GRB 260311A,1,2,1.0,1.0,1.0,1.0,1.0,0.0
GRB 080913B,1,2,1.0,1.0,1.0,1.0,1.0,0.0
GRB 190624.86,1,3,1.0,1.0,1.0,1.0,1.0,0.0
GRB 210929A,1,2,1.0,1.0,1.0,1.0,1.0,0.0
GRB 080920,1,2,1.0,1.0,1.0,1.0,1.0,0.0
GRB 260304A,1,2,1.0,1.0,1.0,1.0,1.0,0.0
GRB 080927,1,2,1.0,1.0,1.0,1.0,1.0,0.0
GRB 080928A,1,2,1.0,1.0,1.0,1.0,1.0,0.0
GRB 260302A,1,2,1.0,1.0,1.0,1.0,1.0,0.0
GRB 081003,1,2,1.0,1.0,1.0,1.0,1.0,0.0
GRB 190623A,1,2,1.0,1.0,1.0,1.0,1.0,0.0
GRB 260226.44,1,2,1.0,1.0,1.0,1.0,1.0,0.0
GRB 081003C,1,1,1.0,1.0,1.0,1.0,1.0,0.0
GRB 260225C,1,2,1.0,1.0,1.0,1.0,1.0,0.0
GRB 081006,1,2,1.0,1.0,1.0,1.0,1.0,0.0
GRB 081006B,1,2,1.0,1.0,1.0,1.0,1.0,0.0
GRB 260222A,1,2,1.0,1.0,1.0,1.0,1.0,0.0
GRB 211008A,1,2,1.0,1.0,1.0,1.0,1.0,0.0
GRB 211010.45,1,3,1.0,1.0,1.0,1.0,1.0,0.0
GRB 081009,1,2,1.0,1.0,1.0,1.0,1.0,0.0
GRB 260217A,1,2,1.0,1.0,1.0,1.0,1.0,0.0
GRB 211016.42,1,3,1.0,1.0,1.0,1.0,1.0,0.0
GRB 260214B,1,3,1.0,1.0,1.0,1.0,1.0,0.0
GRB 211017.99,1,3,1.0,1.0,1.0,1.0,1.0,0.0
GRB 211021A,1,2,1.0,1.0,1.0,1.0,1.0,0.0
GRB 081016A,1,2,1.0,1.0,1.0,1.0,1.0,0.0
GRB 080906B,1,2,1.0,1.0,1.0,1.0,1.0,0.0
GRB 080905C,1,2,1.0,1.0,1.0,1.0,1.0,0.0
GRB 260317A,1,2,1.0,1.0,1.0,1.0,1.0,0.0
GRB 260407B,1,3,1.0,1.0,1.0,1.0,1.0,0.0
GRB 190628B,1,2,1.0,1.0,1.0,1.0,1.0,0.0
GRB 260415C,1,2,1.0,1.0,1.0,1.0,1.0,0.0
GRB 080726,1,1,1.0,1.0,1.0,1.0,1.0,0.0
GRB 080727,1,2,1.0,1.0,1.0,1.0,1.0,0.0
GRB 080812,1,1,1.0,1.0,1.0,1.0,1.0,0.0
GRB 210909B,1,1,1.0,1.0,1.0,1.0,1.0,0.0
GRB 080816,1,1,1.0,1.0,1.0,1.0,1.0,0.0
GRB 260411C,1,2,1.0,1.0,1.0,1.0,1.0,0.0
GRB 080817,1,1,1.0,1.0,1.0,1.0,1.0,0.0
GRB 210910.42,1,3,1.0,1.0,1.0,1.0,1.0,0.0
GRB 080817B,1,1,1.0,1.0,1.0,1.0,1.0,0.0
GRB 080818,1,1,1.0,1.0,1.0,1.0,1.0,0.0
GRB 190628A,1,2,1.0,1.0,1.0,1.0,1.0,0.0
GRB 080818B,1,1,1.0,1.0,1.0,1.0,1.0,0.0
GRB 080904,1,2,1.0,1.0,1.0,1.0,1.0,0.0
GRB 260404A,1,2,1.0,1.0,1.0,1.0,1.0,0.0
GRB 210912B,1,2,1.0,1.0,1.0,1.0,1.0,0.0
GRB 210917A,1,2,1.0,1.0,1.0,1.0,1.0,0.0
GRB 190626B,1,2,1.0,1.0,1.0,1.0,1.0,0.0
GRB 080823,1,2,1.0,1.0,1.0,1.0,1.0,0.0
GRB 080824,1,2,1.0,1.0,1.0,1.0,1.0,0.0
GRB 080825,1,2,1.0,1.0,1.0,1.0,1.0,0.0
GRB 210919B,1,2,1.0,1.0,1.0,1.0,1.0,0.0
GRB 210923B,1,1,1.0,1.0,1.0,1.0,1.0,0.0
GRB 260325A,1,2,1.0,1.0,1.0,1.0,1.0,0.0
GRB 210924A,1,2,1.0,1.0,1.0,1.0,1.0,0.0
GRB 260322A,1,2,1.0,1.0,1.0,1.0,1.0,0.0
GRB 080830,1,2,1.0,1.0,1.0,1.0,1.0,0.0
GRB 190619A,1,2,1.0,1.0,1.0,1.0,1.0,0.0
GRB 260209B,1,2,1.0,1.0,1.0,1.0,1.0,0.0
GRB 190531,1,2,1.0,1.0,1.0,1.0,1.0,0.0
GRB 190613.17,1,3,1.0,1.0,1.0,1.0,1.0,0.0
GRB 260113.43,1,3,1.0,1.0,1.0,1.0,1.0,0.0
GRB 260112A,1,2,1.0,1.0,1.0,1.0,1.0,0.0
GRB 081129,1,2,1.0,1.0,1.0,1.0,1.0,0.0
GRB 260110A,1,2,1.0,1.0,1.0,1.0,1.0,0.0
GRB 260109B,1,2,1.0,1.0,1.0,1.0,1.0,0.0
GRB 260109A,1,2,1.0,1.0,1.0,1.0,1.0,0.0
GRB 260105C,1,3,1.0,1.0,1.0,1.0,1.0,0.0
GRB 211109C,1,1,1.0,1.0,1.0,1.0,1.0,0.0
GRB 260104C,1,2,1.0,1.0,1.0,1.0,1.0,0.0
GRB 081204B,1,2,1.0,1.0,1.0,1.0,1.0,0.0
GRB 081204C,1,2,1.0,1.0,1.0,1.0,1.0,0.0
GRB 260103.08,1,3,1.0,1.0,1.0,1.0,1.0,0.0
GRB 260102B,1,2,1.0,1.0,1.0,1.0,1.0,0.0
GRB 081206,1,2,1.0,1.0,1.0,1.0,1.0,0.0
GRB 081206B,1,2,1.0,1.0,1.0,1.0,1.0,0.0
GRB 251231A,1,2,1.0,1.0,1.0,1.0,1.0,0.0
GRB 251231.57,1,3,1.0,1.0,1.0,1.0,1.0,0.0
GRB 081206C,1,2,1.0,1.0,1.0,1.0,1.0,0.0
GRB 251227.07,1,3,1.0,1.0,1.0,1.0,1.0,0.0
GRB 081207,1,2,1.0,1.0,1.0,1.0,1.0,0.0
GRB 190603A,1,2,1.0,1.0,1.0,1.0,1.0,0.0
GRB 251221B,1,2,1.0,1.0,1.0,1.0,1.0,0.0
GRB 081213,1,2,1.0,1.0,1.0,1.0,1.0,0.0
GRB 081215B,1,2,1.0,1.0,1.0,1.0,1.0,0.0
GRB 251220A,1,1,1.0,1.0,1.0,1.0,1.0,0.0
GRB 211120,1,2,1.0,1.0,1.0,1.0,1.0,0.0
GRB 251219.11,1,3,1.0,1.0,1.0,1.0,1.0,0.0
GRB 190531A,1,2,1.0,1.0,1.0,1.0,1.0,0.0
GRB 211120B,1,2,1.0,1.0,1.0,1.0,1.0,0.0
GRB 260113A,1,2,1.0,1.0,1.0,1.0,1.0,0.0
GRB 081128A,1,2,1.0,1.0,1.0,1.0,1.0,0.0
GRB 081125,1,2,1.0,1.0,1.0,1.0,1.0,0.0
GRB 081109B,1,2,1.0,1.0,1.0,1.0,1.0,0.0
GRB 081021,1,2,1.0,1.0,1.0,1.0,1.0,0.0
GRB 190612A,1,2,1.0,1.0,1.0,1.0,1.0,0.0
GRB 081024A,1,2,1.0,1.0,1.0,1.0,1.0,0.0
GRB 081024C,1,2,1.0,1.0,1.0,1.0,1.0,0.0
GRB 081028B,1,2,1.0,1.0,1.0,1.0,1.0,0.0
GRB 081101B,1,2,1.0,1.0,1.0,1.0,1.0,0.0
GRB 260204B,1,2,1.0,1.0,1.0,1.0,1.0,0.0
GRB 081102B,1,2,1.0,1.0,1.0,1.0,1.0,0.0
GRB 170808A,1,1,1.0,1.0,1.0,1.0,1.0,0.0
GRB 081105B,1,2,1.0,1.0,1.0,1.0,1.0,0.0
GRB 081107,1,2,1.0,1.0,1.0,1.0,1.0,0.0
GRB 260129B,1,2,1.0,1.0,1.0,1.0,1.0,0.0
GRB 190610C,1,2,1.0,1.0,1.0,1.0,1.0,0.0
GRB 081113,1,2,1.0,1.0,1.0,1.0,1.0,0.0
GRB 260117.82,1,3,1.0,1.0,1.0,1.0,1.0,0.0
GRB 211104A,1,2,1.0,1.0,1.0,1.0,1.0,0.0
GRB 081119,1,2,1.0,1.0,1.0,1.0,1.0,0.0
GRB 190608A,1,2,1.0,1.0,1.0,1.0,1.0,0.0
GRB 260122A,1,2,1.0,1.0,1.0,1.0,1.0,0.0
GRB 260122.97,1,3,1.0,1.0,1.0,1.0,1.0,0.0
GRB 081120,1,2,1.0,1.0,1.0,1.0,1.0,0.0
GRB 260121.06,1,3,1.0,1.0,1.0,1.0,1.0,0.0
GRB 190605B,1,1,1.0,1.0,1.0,1.0,1.0,0.0
GRB 081122,1,2,1.0,1.0,1.0,1.0,1.0,0.0
GRB 081122B,1,2,1.0,1.0,1.0,1.0,1.0,0.0
GRB 260119.90,1,3,1.0,1.0,1.0,1.0,1.0,0.0
GRB 260118.48,1,3,1.0,1.0,1.0,1.0,1.0,0.0
GRB 081124,1,2,1.0,1.0,1.0,1.0,1.0,0.0
GRB 250910C,1,2,1.0,1.0,1.0,1.0,1.0,0.0
GRB 090529A,1,2,1.0,1.0,1.0,1.0,1.0,0.0
GRB 250101.56,1,3,1.0,1.0,1.0,1.0,1.0,0.0
GRB 190324B,1,1,1.0,1.0,1.0,1.0,1.0,0.0
GRB 100413,1,1,1.0,1.0,1.0,1.0,1.0,0.0
GRB 190401A,1,1,1.0,1.0,1.0,1.0,1.0,0.0
GRB 100414B,1,2,1.0,1.0,1.0,1.0,1.0,0.0
GRB 100415A,1,1,1.0,1.0,1.0,1.0,1.0,0.0
GRB 250331A,1,1,1.0,1.0,1.0,1.0,1.0,0.0
GRB 100423B,1,2,1.0,1.0,1.0,1.0,1.0,0.0
GRB 250330.26,1,3,1.0,1.0,1.0,1.0,1.0,0.0
GRB 190330,1,2,1.0,1.0,1.0,1.0,1.0,0.0
GRB 100517A,1,2,1.0,1.0,1.0,1.0,1.0,0.0
GRB 100614,1,2,1.0,1.0,1.0,1.0,1.0,0.0
GRB 100702,1,2,1.0,1.0,1.0,1.0,1.0,0.0
GRB 250321D,1,2,1.0,1.0,1.0,1.0,1.0,0.0
GRB 250321C,1,2,1.0,1.0,1.0,1.0,1.0,0.0
GRB 100703A,1,2,1.0,1.0,1.0,1.0,1.0,0.0
GRB 100704,1,2,1.0,1.0,1.0,1.0,1.0,0.0
GRB 250320C,1,2,1.0,1.0,1.0,1.0,1.0,0.0
GRB 100718A,1,2,1.0,1.0,1.0,1.0,1.0,0.0
GRB 250319A,1,2,1.0,1.0,1.0,1.0,1.0,0.0
GRB 250317D,1,1,1.0,1.0,1.0,1.0,1.0,0.0
GRB 190325,1,2,1.0,1.0,1.0,1.0,1.0,0.0
GRB 100722A,1,2,1.0,1.0,1.0,1.0,1.0,0.0
GRB 250317A,1,2,1.0,1.0,1.0,1.0,1.0,0.0
GRB 100814B,1,2,1.0,1.0,1.0,1.0,1.0,0.0
GRB 250315A,1,3,1.0,1.0,1.0,1.0,1.0,0.0
GRB 100823,1,1,1.0,1.0,1.0,1.0,1.0,0.0
GRB 250313B,1,2,1.0,1.0,1.0,1.0,1.0,0.0
GRB 250313.89,1,3,1.0,1.0,1.0,1.0,1.0,0.0
GRB 100829.9,1,2,1.0,1.0,1.0,1.0,1.0,0.0
GRB 220426C,1,2,1.0,1.0,1.0,1.0,1.0,0.0
GRB 100407A,1,2,1.0,1.0,1.0,1.0,1.0,0.0
GRB 250402B,1,2,1.0,1.0,1.0,1.0,1.0,0.0
GRB 220412.28,1,3,1.0,1.0,1.0,1.0,1.0,0.0
GRB 100224A,1,1,1.0,1.0,1.0,1.0,1.0,0.0
GRB 250511A,1,1,1.0,1.0,1.0,1.0,1.0,0.0
GRB 220326A,1,2,1.0,1.0,1.0,1.0,1.0,0.0
GRB 100113A,1,2,1.0,1.0,1.0,1.0,1.0,0.0
GRB 100130B,1,2,1.0,1.0,1.0,1.0,1.0,0.0
GRB 220331A,1,2,1.0,1.0,1.0,1.0,1.0,0.0
GRB 190408A,1,1,1.0,1.0,1.0,1.0,1.0,0.0
GRB 100205B,1,2,1.0,1.0,1.0,1.0,1.0,0.0
GRB 250505B,1,2,1.0,1.0,1.0,1.0,1.0,0.0
GRB 100206,1,1,1.0,1.0,1.0,1.0,1.0,0.0
GRB 250504.98,1,3,1.0,1.0,1.0,1.0,1.0,0.0
GRB 250502C,1,2,1.0,1.0,1.0,1.0,1.0,0.0
GRB 100218A,1,2,1.0,1.0,1.0,1.0,1.0,0.0
GRB 100223A,1,2,1.0,1.0,1.0,1.0,1.0,0.0
GRB 250430.73,1,3,1.0,1.0,1.0,1.0,1.0,0.0
GRB 190404.29,1,3,1.0,1.0,1.0,1.0,1.0,0.0
GRB 250427B,1,2,1.0,1.0,1.0,1.0,1.0,0.0
GRB 100224B,1,2,1.0,1.0,1.0,1.0,1.0,0.0
GRB 220402.16,1,3,1.0,1.0,1.0,1.0,1.0,0.0
GRB 250421B,1,2,1.0,1.0,1.0,1.0,1.0,0.0
GRB 190407B,1,2,1.0,1.0,1.0,1.0,1.0,0.0
GRB 250416B,1,2,1.0,1.0,1.0,1.0,1.0,0.0
GRB 250413A,1,2,1.0,1.0,1.0,1.0,1.0,0.0
GRB 250412A,1,2,1.0,1.0,1.0,1.0,1.0,0.0
GRB 220404B,1,2,1.0,1.0,1.0,1.0,1.0,0.0
GRB 100322B,1,1,1.0,1.0,1.0,1.0,1.0,0.0
GRB 220405A,1,2,1.0,1.0,1.0,1.0,1.0,0.0
GRB 220406A,1,1,1.0,1.0,1.0,1.0,1.0,0.0
GRB 190404A,1,1,1.0,1.0,1.0,1.0,1.0,0.0
GRB 250311B,1,2,1.0,1.0,1.0,1.0,1.0,0.0
GRB 100910A,1,2,1.0,1.0,1.0,1.0,1.0,0.0
GRB 100030,1,2,1.0,1.0,1.0,1.0,1.0,0.0
GRB 190324.95,1,3,1.0,1.0,1.0,1.0,1.0,0.0
GRB 250202A,1,2,1.0,1.0,1.0,1.0,1.0,0.0
GRB 110726,1,2,1.0,1.0,1.0,1.0,1.0,0.0
GRB 190315A,1,2,1.0,1.0,1.0,1.0,1.0,0.0
GRB 250127C,1,2,1.0,1.0,1.0,1.0,1.0,0.0
GRB 110812A,1,1,1.0,1.0,1.0,1.0,1.0,0.0
GRB 250122A,1,2,1.0,1.0,1.0,1.0,1.0,0.0
GRB 190315,1,2,1.0,1.0,1.0,1.0,1.0,0.0
GRB 220525B,1,2,1.0,1.0,1.0,1.0,1.0,0.0
GRB 110906A,1,2,1.0,1.0,1.0,1.0,1.0,0.0
GRB 250119A,1,2,1.0,1.0,1.0,1.0,1.0,0.0
GRB 220526.48,1,3,1.0,1.0,1.0,1.0,1.0,0.0
GRB 110921B,1,1,1.0,1.0,1.0,1.0,1.0,0.0
GRB 110924A,1,2,1.0,1.0,1.0,1.0,1.0,0.0
GRB 111003A,1,2,1.0,1.0,1.0,1.0,1.0,0.0
GRB 220527.39,1,2,1.0,1.0,1.0,1.0,1.0,0.0
GRB 111017A,1,2,1.0,1.0,1.0,1.0,1.0,0.0
GRB 250114.55,1,3,1.0,1.0,1.0,1.0,1.0,0.0
GRB 111024A,1,1,1.0,1.0,1.0,1.0,1.0,0.0
GRB 190313.15,1,3,1.0,1.0,1.0,1.0,1.0,0.0
GRB 190312,1,2,1.0,1.0,1.0,1.0,1.0,0.0
GRB 220528B,1,2,1.0,1.0,1.0,1.0,1.0,0.0
GRB 111207A,1,1,1.0,1.0,1.0,1.0,1.0,0.0
GRB 111228.45,1,3,1.0,1.0,1.0,1.0,1.0,0.0
GRB 120114A,1,1,1.0,1.0,1.0,1.0,1.0,0.0
GRB 220603A,1,2,1.0,1.0,1.0,1.0,1.0,0.0
GRB 120201,1,2,1.0,1.0,1.0,1.0,1.0,0.0
GRB 190310A,1,1,1.0,1.0,1.0,1.0,1.0,0.0
GRB 120215,1,1,1.0,1.0,1.0,1.0,1.0,0.0
GRB 190306B,1,1,1.0,1.0,1.0,1.0,1.0,0.0
GRB 190320.05,1,3,1.0,1.0,1.0,1.0,1.0,0.0
GRB 220521.97,1,3,1.0,1.0,1.0,1.0,1.0,0.0
GRB 110401A,1,2,1.0,1.0,1.0,1.0,1.0,0.0
GRB 250220A,1,2,1.0,1.0,1.0,1.0,1.0,0.0
GRB 100915,1,1,1.0,1.0,1.0,1.0,1.0,0.0
GRB 190324,1,2,1.0,1.0,1.0,1.0,1.0,0.0
GRB 220506.27,1,2,1.0,1.0,1.0,1.0,1.0,0.0
GRB 100916A,1,2,1.0,1.0,1.0,1.0,1.0,0.0
GRB 220506.51,1,3,1.0,1.0,1.0,1.0,1.0,0.0
GRB 101008,1,2,1.0,1.0,1.0,1.0,1.0,0.0
GRB 220508A,1,2,1.0,1.0,1.0,1.0,1.0,0.0
GRB 190323.85,1,3,1.0,1.0,1.0,1.0,1.0,0.0
GRB 101130,1,1,1.0,1.0,1.0,1.0,1.0,0.0
GRB 101130A,1,2,1.0,1.0,1.0,1.0,1.0,0.0
GRB 101213,1,2,1.0,1.0,1.0,1.0,1.0,0.0
GRB 220514.52,1,3,1.0,1.0,1.0,1.0,1.0,0.0
GRB 250220B,1,2,1.0,1.0,1.0,1.0,1.0,0.0
GRB 101225,1,2,1.0,1.0,1.0,1.0,1.0,0.0
GRB 220519.84,1,3,1.0,1.0,1.0,1.0,1.0,0.0
GRB 110119,1,2,1.0,1.0,1.0,1.0,1.0,0.0
GRB 250217B,1,2,1.0,1.0,1.0,1.0,1.0,0.0
GRB 220514.98,1,2,1.0,1.0,1.0,1.0,1.0,0.0
GRB 110123A,1,2,1.0,1.0,1.0,1.0,1.0,0.0
GRB 110125A,1,2,1.0,1.0,1.0,1.0,1.0,0.0
GRB 110215,1,1,1.0,1.0,1.0,1.0,1.0,0.0
GRB 110301A,1,2,1.0,1.0,1.0,1.0,1.0,0.0
GRB 250211B,1,2,1.0,1.0,1.0,1.0,1.0,0.0
GRB 190321A,1,1,1.0,1.0,1.0,1.0,1.0,0.0
GRB 250211.89,1,3,1.0,1.0,1.0,1.0,1.0,0.0
GRB 190321,1,2,1.0,1.0,1.0,1.0,1.0,0.0
GRB 250209A,1,2,1.0,1.0,1.0,1.0,1.0,0.0
GRB 250208A,1,2,1.0,1.0,1.0,1.0,1.0,0.0
GRB 220325B,1,2,1.0,1.0,1.0,1.0,1.0,0.0
GRB 250515.65,1,2,1.0,1.0,1.0,1.0,1.0,0.0
GRB 190507,1,2,1.0,1.0,1.0,1.0,1.0,0.0
GRB 190429A,1,2,1.0,1.0,1.0,1.0,1.0,0.0
GRB 220120A,1,2,1.0,1.0,1.0,1.0,1.0,0.0
GRB 090701,1,2,1.0,1.0,1.0,1.0,1.0,0.0
GRB 220121B,1,1,1.0,1.0,1.0,1.0,1.0,0.0
GRB 250814.32,1,3,1.0,1.0,1.0,1.0,1.0,0.0
GRB 090703,1,2,1.0,1.0,1.0,1.0,1.0,0.0
GRB 190504.68,1,3,1.0,1.0,1.0,1.0,1.0,0.0
GRB 220127A,1,1,1.0,1.0,1.0,1.0,1.0,0.0
GRB 190502,1,2,1.0,1.0,1.0,1.0,1.0,0.0
GRB 250808B,1,2,1.0,1.0,1.0,1.0,1.0,0.0
GRB 090706,1,2,1.0,1.0,1.0,1.0,1.0,0.0
GRB 090711,1,2,1.0,1.0,1.0,1.0,1.0,0.0
GRB 250807.65,1,3,1.0,1.0,1.0,1.0,1.0,0.0
GRB 250807.45,1,3,1.0,1.0,1.0,1.0,1.0,0.0
GRB 250805.26,1,3,1.0,1.0,1.0,1.0,1.0,0.0
GRB 250804C,1,2,1.0,1.0,1.0,1.0,1.0,0.0
GRB 090715,1,2,1.0,1.0,1.0,1.0,1.0,0.0
GRB 250804A,1,2,1.0,1.0,1.0,1.0,1.0,0.0
GRB 090717,1,2,1.0,1.0,1.0,1.0,1.0,0.0
GRB 090717A,1,1,1.0,1.0,1.0,1.0,1.0,0.0
GRB 090717B,1,2,1.0,1.0,1.0,1.0,1.0,0.0
GRB 250723B,1,2,1.0,1.0,1.0,1.0,1.0,0.0
GRB 250723A,1,2,1.0,1.0,1.0,1.0,1.0,0.0
GRB 250722A,1,2,1.0,1.0,1.0,1.0,1.0,0.0
GRB 090718,1,2,1.0,1.0,1.0,1.0,1.0,0.0
GRB 250720B,1,2,1.0,1.0,1.0,1.0,1.0,0.0
GRB 250720A,1,2,1.0,1.0,1.0,1.0,1.0,0.0
GRB 220201A,1,2,1.0,1.0,1.0,1.0,1.0,0.0
GRB 250718.01,1,3,1.0,1.0,1.0,1.0,1.0,0.0
GRB 190501.79,1,3,1.0,1.0,1.0,1.0,1.0,0.0
GRB 250815A,1,2,1.0,1.0,1.0,1.0,1.0,0.0
GRB 090630,1,2,1.0,1.0,1.0,1.0,1.0,0.0
GRB 090625,1,2,1.0,1.0,1.0,1.0,1.0,0.0
GRB 090610C,1,2,1.0,1.0,1.0,1.0,1.0,0.0
GRB 090529C,1,2,1.0,1.0,1.0,1.0,1.0,0.0
GRB 220108A,1,2,1.0,1.0,1.0,1.0,1.0,0.0
GRB 250905B,1,2,1.0,1.0,1.0,1.0,1.0,0.0
GRB 190506.58,1,3,1.0,1.0,1.0,1.0,1.0,0.0
GRB 250905.09,1,3,1.0,1.0,1.0,1.0,1.0,0.0
GRB 220114A,1,2,1.0,1.0,1.0,1.0,1.0,0.0
GRB 220115A,1,2,1.0,1.0,1.0,1.0,1.0,0.0
GRB 220115B,1,2,1.0,1.0,1.0,1.0,1.0,0.0
GRB 090606,1,2,1.0,1.0,1.0,1.0,1.0,0.0
GRB 090608,1,2,1.0,1.0,1.0,1.0,1.0,0.0
GRB 250831B,1,2,1.0,1.0,1.0,1.0,1.0,0.0
GRB 090610,1,2,1.0,1.0,1.0,1.0,1.0,0.0
GRB 090610B,1,2,1.0,1.0,1.0,1.0,1.0,0.0
GRB 250830A,1,2,1.0,1.0,1.0,1.0,1.0,0.0
GRB 190504A,1,1,1.0,1.0,1.0,1.0,1.0,0.0
GRB 090612,1,2,1.0,1.0,1.0,1.0,1.0,0.0
GRB 250828A,1,2,1.0,1.0,1.0,1.0,1.0,0.0
GRB 190505.82,1,3,1.0,1.0,1.0,1.0,1.0,0.0
GRB 090616,1,2,1.0,1.0,1.0,1.0,1.0,0.0
GRB 190505.05,1,3,1.0,1.0,1.0,1.0,1.0,0.0
GRB 220118.50,1,3,1.0,1.0,1.0,1.0,1.0,0.0
GRB 250823.84,1,3,1.0,1.0,1.0,1.0,1.0,0.0
GRB 250821C,1,2,1.0,1.0,1.0,1.0,1.0,0.0
GRB 090620,1,2,1.0,1.0,1.0,1.0,1.0,0.0
GRB 090621C,1,2,1.0,1.0,1.0,1.0,1.0,0.0
GRB 250820A,1,2,1.0,1.0,1.0,1.0,1.0,0.0
GRB 090621D,1,2,1.0,1.0,1.0,1.0,1.0,0.0
GRB 250818C,1,2,1.0,1.0,1.0,1.0,1.0,0.0
GRB 250717A,1,2,1.0,1.0,1.0,1.0,1.0,0.0
GRB 190429.74,1,3,1.0,1.0,1.0,1.0,1.0,0.0
GRB 091231,1,1,1.0,1.0,1.0,1.0,1.0,0.0
GRB 190428,1,2,1.0,1.0,1.0,1.0,1.0,0.0
GRB 250610C,1,2,1.0,1.0,1.0,1.0,1.0,0.0
GRB 090920,1,1,1.0,1.0,1.0,1.0,1.0,0.0
GRB 190419.41,1,3,1.0,1.0,1.0,1.0,1.0,0.0
GRB 220308B,1,2,1.0,1.0,1.0,1.0,1.0,0.0
GRB 250608A,1,3,1.0,1.0,1.0,1.0,1.0,0.0
GRB 220310.02,1,2,1.0,1.0,1.0,1.0,1.0,0.0
GRB 090925,1,2,1.0,1.0,1.0,1.0,1.0,0.0
GRB 250605.79,1,3,1.0,1.0,1.0,1.0,1.0,0.0
GRB 190419,1,2,1.0,1.0,1.0,1.0,1.0,0.0
GRB 250603.05,1,3,1.0,1.0,1.0,1.0,1.0,0.0
GRB 090929,1,2,1.0,1.0,1.0,1.0,1.0,0.0
GRB 190418.92,1,3,1.0,1.0,1.0,1.0,1.0,0.0
GRB 091030,1,2,1.0,1.0,1.0,1.0,1.0,0.0
GRB 190417.46,1,3,1.0,1.0,1.0,1.0,1.0,0.0
GRB 250529B,1,2,1.0,1.0,1.0,1.0,1.0,0.0
GRB 220316A,1,2,1.0,1.0,1.0,1.0,1.0,0.0
GRB 190415.17,1,3,1.0,1.0,1.0,1.0,1.0,0.0
GRB 190415,1,2,1.0,1.0,1.0,1.0,1.0,0.0
GRB 250527A,1,2,1.0,1.0,1.0,1.0,1.0,0.0
GRB 091126,1,2,1.0,1.0,1.0,1.0,1.0,0.0
GRB 220321A,1,2,1.0,1.0,1.0,1.0,1.0,0.0
GRB 250522A,1,2,1.0,1.0,1.0,1.0,1.0,0.0
GRB 091126A,1,1,1.0,1.0,1.0,1.0,1.0,0.0
GRB 091126B,1,2,1.0,1.0,1.0,1.0,1.0,0.0
GRB 091128,1,2,1.0,1.0,1.0,1.0,1.0,0.0
GRB 190409B,1,1,1.0,1.0,1.0,1.0,1.0,0.0
GRB 250520B,1,2,1.0,1.0,1.0,1.0,1.0,0.0
GRB 220324A,1,2,1.0,1.0,1.0,1.0,1.0,0.0
GRB 091215,1,1,1.0,1.0,1.0,1.0,1.0,0.0
GRB 250612.04,1,3,1.0,1.0,1.0,1.0,1.0,0.0
GRB 190419A,1,2,1.0,1.0,1.0,1.0,1.0,0.0
GRB 090904,1,2,1.0,1.0,1.0,1.0,1.0,0.0
GRB 090815C,1,2,1.0,1.0,1.0,1.0,1.0,0.0
GRB 090727B,1,2,1.0,1.0,1.0,1.0,1.0,0.0
GRB 090728A,1,3,1.0,1.0,1.0,1.0,1.0,0.0
GRB 250709A,1,2,1.0,1.0,1.0,1.0,1.0,0.0
GRB 220214A,1,2,1.0,1.0,1.0,1.0,1.0,0.0
GRB 090802,1,2,1.0,1.0,1.0,1.0,1.0,0.0
GRB 090802B,1,2,1.0,1.0,1.0,1.0,1.0,0.0
GRB 250705A,1,3,1.0,1.0,1.0,1.0,1.0,0.0
GRB 090807B,1,2,1.0,1.0,1.0,1.0,1.0,0.0
GRB 090809B,1,2,1.0,1.0,1.0,1.0,1.0,0.0
GRB 220218.94,1,3,1.0,1.0,1.0,1.0,1.0,0.0
GRB 090814C,1,2,1.0,1.0,1.0,1.0,1.0,0.0
GRB 190425.09,1,3,1.0,1.0,1.0,1.0,1.0,0.0
GRB 090815B,1,2,1.0,1.0,1.0,1.0,1.0,0.0
GRB 250628C,1,2,1.0,1.0,1.0,1.0,1.0,0.0
GRB 250614A,1,2,1.0,1.0,1.0,1.0,1.0,0.0
GRB 090820B,1,2,1.0,1.0,1.0,1.0,1.0,0.0
GRB 090826,1,2,1.0,1.0,1.0,1.0,1.0,0.0
GRB 090828,1,2,1.0,1.0,1.0,1.0,1.0,0.0
GRB 250621B,1,3,1.0,1.0,1.0,1.0,1.0,0.0
GRB 190422.67,1,3,1.0,1.0,1.0,1.0,1.0,0.0
GRB 090829,1,2,1.0,1.0,1.0,1.0,1.0,0.0
GRB 090829A,1,1,1.0,1.0,1.0,1.0,1.0,0.0
GRB 090829B,1,2,1.0,1.0,1.0,1.0,1.0,0.0
GRB 190420.98,1,3,1.0,1.0,1.0,1.0,1.0,0.0
GRB 250619A,1,2,1.0,1.0,1.0,1.0,1.0,0.0
GRB 190420,1,3,1.0,1.0,1.0,1.0,1.0,0.0
GRB 220305B,1,1,1.0,1.0,1.0,1.0,1.0,0.0
GRB 090902,1,2,1.0,1.0,1.0,1.0,1.0,0.0
GRB 260131B,1,1,1.0,1.0,1.0,1.0,1.0,0.0
